sale_id,order_id,product_id,product_name,category,brand,customer_id,order_date,order_time,year,month,unit_price,unit_cost,quantity,discount,total_price,gross_margin,margin_pct,channel,payment_method,order_status,region
1,ORD00001,PRD049,Corsair RM850 Modular,PSU,Corsair,CUS0105,2023-10-31,19:57:29,2023,10,139.99,60,1,0.2,111.99,63.99,57.1,Phone,Cash,Completed,Paulo
2,ORD00001,PRD059,Cooler Master Hyper 212,Cooler,Cooler Master,CUS0105,2023-10-31,19:57:29,2023,10,39.99,17,1,0.05,37.99,21.84,57.5,Online,Boleto,Completed,Paulo
3,ORD00001,PRD025,MSI PRO Z690-A,Motherboard,MSI,CUS0105,2023-10-31,19:57:29,2023,10,189.99,81,1,0.2,151.99,87.19,57.4,Reseller,PIX,Completed,Paulo
4,ORD00002,PRD031,Intel Core i7-12700K,Processor,Intel,CUS0194,2022-12-28,19:18:38,2022,12,369.99,159,3,0.0,1109.97,632.97,57.0,Phone,PIX,Completed,Fernanda
5,ORD00003,PRD033,AMD Ryzen 5 5600X,Processor,AMD,CUS0383,2022-05-09,14:02:33,2022,5,229.99,98,1,0.0,229.99,131.99,57.4,Reseller,Bank Transfer,Completed,Larissa
6,ORD00003,PRD009,WD Black SN850 1TB,Storage,WD,CUS0383,2022-05-09,14:02:33,2022,5,109.99,47,1,0.0,109.99,62.99,57.3,Reseller,PIX,Completed,Larissa
7,ORD00003,PRD004,Samsung 870 EVO 500GB,Storage,Samsung,CUS0383,2022-05-09,14:02:33,2022,5,79.99,34,1,0.05,75.99,43.69,57.5,Phone,PIX,Completed,Larissa
8,ORD00003,PRD021,ASUS ROG Strix B550-F,Motherboard,ASUS,CUS0383,2022-05-09,14:02:33,2022,5,219.99,94,2,0.1,395.98,226.78,57.3,In-Store,Boleto,Completed,Larissa
9,ORD00004,PRD049,Corsair RM850 Modular,PSU,Corsair,CUS0329,2022-04-01,13:39:37,2022,4,139.99,60,1,0.0,139.99,79.99,57.1,Marketplace,Cash,Completed,Paulo
10,ORD00005,PRD041,NVIDIA RTX 4060 8GB,GPU,NVIDIA,CUS0253,2023-11-10,17:27:12,2023,11,299.99,129,4,0.05,1139.96,649.76,57.0,In-Store,Cash,Completed,Natalia
11,ORD00005,PRD049,Corsair RM850 Modular,PSU,Corsair,CUS0253,2023-11-10,17:27:12,2023,11,139.99,60,1,0.0,139.99,79.99,57.1,Reseller,Cash,Completed,Natalia
12,ORD00005,PRD038,NVIDIA RTX 3060 12GB,GPU,NVIDIA,CUS0253,2023-11-10,17:27:12,2023,11,329.99,141,1,0.0,329.99,188.99,57.3,Phone,Debit Card,Completed,Natalia
13,ORD00005,PRD037,AMD Ryzen 9 7900X,Processor,AMD,CUS0253,2023-11-10,17:27:12,2023,11,549.99,236,1,0.0,549.99,313.99,57.1,Marketplace,Cash,Completed,Natalia
14,ORD00006,PRD047,Corsair RM650 Modular,PSU,Corsair,CUS0155,2024-09-17,13:09:21,2024,9,89.99,38,3,0.0,269.97,155.97,57.8,In-Store,Credit Card,Completed,Ana
15,ORD00006,PRD018,G.Skill Trident Z5 64GB DDR5,Memory,G.Skill,CUS0155,2024-09-17,13:09:21,2024,9,289.99,124,1,0.05,275.49,157.69,57.2,In-Store,Cash,Completed,Ana
16,ORD00007,PRD036,AMD Ryzen 9 5900X,Processor,AMD,CUS0014,2024-10-27,08:53:11,2024,10,449.99,193,2,0.0,899.98,513.98,57.1,In-Store,Boleto,Completed,Renata
17,ORD00007,PRD009,WD Black SN850 1TB,Storage,WD,CUS0014,2024-10-27,08:53:11,2024,10,109.99,47,1,0.0,109.99,62.99,57.3,Reseller,PIX,Completed,Renata
18,ORD00008,PRD044,AMD RX 6600 8GB,GPU,AMD,CUS0447,2023-06-09,15:56:20,2023,6,289.99,124,3,0.1,782.97,448.17,57.2,Online,Cash,Completed,Larissa
19,ORD00008,PRD024,MSI MAG B550M MORTAR,Motherboard,MSI,CUS0447,2023-06-09,15:56:20,2023,6,129.99,55,1,0.2,103.99,59.99,57.7,Marketplace,Bank Transfer,Completed,Larissa
20,ORD00008,PRD051,be quiet! Straight Power 850W,PSU,be quiet!,CUS0447,2023-06-09,15:56:20,2023,6,169.99,73,3,0.15,433.47,247.32,57.1,Marketplace,PIX,Completed,Larissa
21,ORD00008,PRD017,G.Skill Trident Z5 32GB DDR5,Memory,G.Skill,CUS0447,2023-06-09,15:56:20,2023,6,149.99,64,1,0.1,134.99,77.39,57.3,In-Store,Cash,Completed,Larissa
22,ORD00009,PRD035,AMD Ryzen 7 5800X3D,Processor,AMD,CUS0464,2022-05-30,08:36:58,2022,5,349.99,150,1,0.0,349.99,199.99,57.1,Phone,Debit Card,Completed,Aline
23,ORD00009,PRD053,Noctua NH-D15,Cooler,Noctua,CUS0464,2022-05-30,08:36:58,2022,5,99.99,43,2,0.25,149.98,85.48,57.0,Reseller,Cash,Completed,Aline
24,ORD00010,PRD050,EVGA SuperNOVA 650W,PSU,EVGA,CUS0254,2024-06-30,18:24:04,2024,6,89.99,38,1,0.15,76.49,44.19,57.8,Online,Bank Transfer,Completed,Rafael
25,ORD00010,PRD013,Corsair Vengeance 8GB DDR4,Memory,Corsair,CUS0254,2024-06-30,18:24:04,2024,6,29.99,12,1,0.0,29.99,17.99,60.0,Phone,Bank Transfer,Completed,Rafael
26,ORD00011,PRD032,Intel Core i9-12900K,Processor,Intel,CUS0113,2024-06-23,15:18:17,2024,6,569.99,245,1,0.15,484.49,276.24,57.0,Marketplace,Credit Card,Completed,Priscila
27,ORD00011,PRD003,Kingston A400 960GB,Storage,Kingston,CUS0113,2024-06-23,15:18:17,2024,6,89.99,38,1,0.0,89.99,51.99,57.8,Phone,Boleto,Completed,Priscila
28,ORD00011,PRD048,Corsair RM750 Modular,PSU,Corsair,CUS0113,2024-06-23,15:18:17,2024,6,109.99,47,2,0.1,197.98,113.38,57.3,Online,PIX,Completed,Priscila
29,ORD00012,PRD055,Corsair H100i RGB 240mm,Cooler,Corsair,CUS0428,2022-05-02,12:11:04,2022,5,129.99,56,2,0.05,246.98,140.58,56.9,In-Store,PIX,Completed,Alexandre
30,ORD00013,PRD031,Intel Core i7-12700K,Processor,Intel,CUS0296,2022-09-29,21:18:32,2022,9,369.99,159,1,0.0,369.99,210.99,57.0,Phone,Cash,Completed,Eduardo
31,ORD00013,PRD057,NZXT Kraken X73 360mm,Cooler,NZXT,CUS0296,2022-09-29,21:18:32,2022,9,189.99,81,1,0.0,189.99,108.99,57.4,In-Store,Cash,Completed,Eduardo
32,ORD00013,PRD006,Samsung 970 EVO 500GB,Storage,Samsung,CUS0296,2022-09-29,21:18:32,2022,9,69.99,29,1,0.0,69.99,40.99,58.6,Phone,PIX,Completed,Eduardo
33,ORD00013,PRD039,NVIDIA RTX 3070 8GB,GPU,NVIDIA,CUS0296,2022-09-29,21:18:32,2022,9,499.99,215,1,0.1,449.99,256.49,57.0,Online,PIX,Completed,Eduardo
34,ORD00014,PRD010,WD Blue 1TB HDD,Storage,WD,CUS0314,2022-09-12,18:53:21,2022,9,44.99,19,1,0.05,42.74,24.69,57.8,Online,Boleto,Completed,Isabela
35,ORD00015,PRD054,Noctua NH-U12S,Cooler,Noctua,CUS0321,2022-10-24,21:44:06,2022,10,69.99,30,1,0.0,69.99,39.99,57.1,Phone,Credit Card,Completed,Lucas
36,ORD00015,PRD052,Thermaltake Toughpower 1000W,PSU,Thermaltake,CUS0321,2022-10-24,21:44:06,2022,10,189.99,81,2,0.0,379.98,217.98,57.4,Reseller,Cash,Completed,Lucas
37,ORD00016,PRD002,Kingston A400 480GB,Storage,Kingston,CUS0280,2023-01-05,08:09:03,2023,1,49.99,21,1,0.0,49.99,28.99,58.0,Reseller,Bank Transfer,Completed,Viviane
38,ORD00016,PRD023,ASUS TUF Gaming B660M,Motherboard,ASUS,CUS0280,2023-01-05,08:09:03,2023,1,159.99,68,2,0.2,255.98,147.18,57.5,In-Store,Cash,Completed,Viviane
39,ORD00016,PRD052,Thermaltake Toughpower 1000W,PSU,Thermaltake,CUS0280,2023-01-05,08:09:03,2023,1,189.99,81,3,0.2,455.98,261.58,57.4,Phone,Bank Transfer,Completed,Viviane
40,ORD00016,PRD037,AMD Ryzen 9 7900X,Processor,AMD,CUS0280,2023-01-05,08:09:03,2023,1,549.99,236,4,0.2,1759.97,1004.77,57.1,Reseller,Credit Card,Completed,Viviane
41,ORD00017,PRD004,Samsung 870 EVO 500GB,Storage,Samsung,CUS0295,2024-02-02,10:51:41,2024,2,79.99,34,1,0.15,67.99,39.09,57.5,Marketplace,Debit Card,Completed,Marcelo
42,ORD00017,PRD022,ASUS ROG Strix Z690-A,Motherboard,ASUS,CUS0295,2024-02-02,10:51:41,2024,2,319.99,137,1,0.1,287.99,164.69,57.2,In-Store,Boleto,Completed,Marcelo
43,ORD00017,PRD036,AMD Ryzen 9 5900X,Processor,AMD,CUS0295,2024-02-02,10:51:41,2024,2,449.99,193,3,0.0,1349.97,770.97,57.1,Online,Debit Card,Completed,Marcelo
44,ORD00017,PRD049,Corsair RM850 Modular,PSU,Corsair,CUS0295,2024-02-02,10:51:41,2024,2,139.99,60,3,0.0,419.97,239.97,57.1,Reseller,Credit Card,Completed,Marcelo
45,ORD00018,PRD019,Kingston Fury Beast 16GB DDR4,Memory,Kingston,CUS0424,2023-01-31,16:40:46,2023,1,54.99,23,3,0.15,140.22,81.57,58.2,In-Store,Bank Transfer,Completed,Thiago
46,ORD00019,PRD045,AMD RX 6700 XT 12GB,GPU,AMD,CUS0087,2022-09-14,14:56:49,2022,9,399.99,172,1,0.0,399.99,227.99,57.0,Reseller,Bank Transfer,Completed,Priscila
47,ORD00020,PRD032,Intel Core i9-12900K,Processor,Intel,CUS0015,2024-02-04,10:20:34,2024,2,569.99,245,1,0.0,569.99,324.99,57.0,Online,PIX,Completed,Sergio
48,ORD00020,PRD007,Samsung 970 EVO 1TB,Storage,Samsung,CUS0015,2024-02-04,10:20:34,2024,2,119.99,51,3,0.0,359.97,206.97,57.5,Phone,Debit Card,Completed,Sergio
49,ORD00021,PRD037,AMD Ryzen 9 7900X,Processor,AMD,CUS0042,2024-03-27,19:03:16,2024,3,549.99,236,2,0.05,1044.98,596.58,57.1,Phone,Credit Card,Completed,Juliana
50,ORD00021,PRD034,AMD Ryzen 5 7600X,Processor,AMD,CUS0042,2024-03-27,19:03:16,2024,3,249.99,107,1,0.0,249.99,142.99,57.2,In-Store,PIX,Completed,Juliana
51,ORD00022,PRD008,Samsung 970 EVO 2TB,Storage,Samsung,CUS0383,2022-04-29,15:54:56,2022,4,219.99,94,2,0.0,439.98,251.98,57.3,Marketplace,PIX,Completed,Larissa
52,ORD00022,PRD016,G.Skill Trident Z5 16GB DDR5,Memory,G.Skill,CUS0383,2022-04-29,15:54:56,2022,4,79.99,34,1,0.1,71.99,41.39,57.5,Online,Cash,Completed,Larissa
53,ORD00023,PRD014,Corsair Vengeance 16GB DDR4,Memory,Corsair,CUS0194,2024-05-15,11:17:04,2024,5,59.99,25,1,0.15,50.99,29.74,58.3,Marketplace,Bank Transfer,Completed,Fernanda
54,ORD00023,PRD039,NVIDIA RTX 3070 8GB,GPU,NVIDIA,CUS0194,2024-05-15,11:17:04,2024,5,499.99,215,3,0.05,1424.97,812.22,57.0,Marketplace,Credit Card,Completed,Fernanda
55,ORD00023,PRD040,NVIDIA RTX 3080 10GB,GPU,NVIDIA,CUS0194,2024-05-15,11:17:04,2024,5,699.99,301,1,0.0,699.99,398.99,57.0,Reseller,Debit Card,Completed,Fernanda
56,ORD00023,PRD051,be quiet! Straight Power 850W,PSU,be quiet!,CUS0194,2024-05-15,11:17:04,2024,5,169.99,73,1,0.0,169.99,96.99,57.1,Phone,PIX,Completed,Fernanda
57,ORD00024,PRD042,NVIDIA RTX 4070 12GB,GPU,NVIDIA,CUS0068,2023-03-18,09:21:56,2023,3,599.99,258,1,0.0,599.99,341.99,57.0,Marketplace,Debit Card,Completed,Roberto
58,ORD00024,PRD037,AMD Ryzen 9 7900X,Processor,AMD,CUS0068,2023-03-18,09:21:56,2023,3,549.99,236,1,0.05,522.49,298.29,57.1,Phone,Cash,Completed,Roberto
59,ORD00025,PRD053,Noctua NH-D15,Cooler,Noctua,CUS0141,2023-09-17,13:56:11,2023,9,99.99,43,1,0.1,89.99,51.29,57.0,Marketplace,PIX,Completed,Isabela
60,ORD00025,PRD038,NVIDIA RTX 3060 12GB,GPU,NVIDIA,CUS0141,2023-09-17,13:56:11,2023,9,329.99,141,2,0.15,560.98,321.28,57.3,In-Store,Boleto,Completed,Isabela
61,ORD00026,PRD017,G.Skill Trident Z5 32GB DDR5,Memory,G.Skill,CUS0459,2023-09-20,15:16:07,2023,9,149.99,64,2,0.1,269.98,154.78,57.3,Phone,Credit Card,Completed,Maria
62,ORD00026,PRD035,AMD Ryzen 7 5800X3D,Processor,AMD,CUS0459,2023-09-20,15:16:07,2023,9,349.99,150,2,0.0,699.98,399.98,57.1,Online,Cash,Completed,Maria
63,ORD00026,PRD040,NVIDIA RTX 3080 10GB,GPU,NVIDIA,CUS0459,2023-09-20,15:16:07,2023,9,699.99,301,1,0.05,664.99,379.04,57.0,Marketplace,Credit Card,Completed,Maria
64,ORD00026,PRD029,Intel Core i5-12400,Processor,Intel,CUS0459,2023-09-20,15:16:07,2023,9,199.99,86,1,0.0,199.99,113.99,57.0,Phone,PIX,Completed,Maria
65,ORD00027,PRD006,Samsung 970 EVO 500GB,Storage,Samsung,CUS0076,2024-05-04,09:55:17,2024,5,69.99,29,1,0.05,66.49,38.94,58.6,Reseller,Debit Card,Completed,Adriana
66,ORD00027,PRD003,Kingston A400 960GB,Storage,Kingston,CUS0076,2024-05-04,09:55:17,2024,5,89.99,38,2,0.0,179.98,103.98,57.8,Phone,Debit Card,Completed,Adriana
67,ORD00027,PRD058,DeepCool AK620,Cooler,DeepCool,CUS0076,2024-05-04,09:55:17,2024,5,54.99,23,1,0.05,52.24,30.39,58.2,Online,PIX,Completed,Adriana
68,ORD00027,PRD001,Kingston A400 240GB,Storage,Kingston,CUS0076,2024-05-04,09:55:17,2024,5,29.99,13,2,0.0,59.98,33.98,56.7,Phone,Boleto,Completed,Adriana
69,ORD00028,PRD015,Corsair Vengeance 32GB DDR4,Memory,Corsair,CUS0138,2024-11-05,10:35:29,2024,11,109.99,47,2,0.0,219.98,125.98,57.3,Marketplace,Debit Card,Completed,João
70,ORD00028,PRD040,NVIDIA RTX 3080 10GB,GPU,NVIDIA,CUS0138,2024-11-05,10:35:29,2024,11,699.99,301,1,0.0,699.99,398.99,57.0,Phone,Credit Card,Completed,João
71,ORD00029,PRD047,Corsair RM650 Modular,PSU,Corsair,CUS0391,2024-09-28,13:14:37,2024,9,89.99,38,1,0.15,76.49,44.19,57.8,Reseller,Debit Card,Completed,Matheus
72,ORD00030,PRD033,AMD Ryzen 5 5600X,Processor,AMD,CUS0234,2024-02-07,17:18:12,2024,2,229.99,98,3,0.25,517.48,296.98,57.4,In-Store,Boleto,Completed,Pedro
73,ORD00031,PRD014,Corsair Vengeance 16GB DDR4,Memory,Corsair,CUS0459,2024-12-01,15:30:13,2024,12,59.99,25,2,0.0,119.98,69.98,58.3,In-Store,Boleto,Completed,Maria
74,ORD00031,PRD011,Seagate Barracuda 2TB,Storage,Seagate,CUS0459,2024-12-01,15:30:13,2024,12,54.99,23,2,0.05,104.48,60.78,58.2,In-Store,Bank Transfer,Completed,Maria
75,ORD00032,PRD001,Kingston A400 240GB,Storage,Kingston,CUS0196,2024-12-21,14:41:39,2024,12,29.99,13,2,0.1,53.98,30.58,56.7,Phone,Bank Transfer,Completed,Lucas
76,ORD00032,PRD021,ASUS ROG Strix B550-F,Motherboard,ASUS,CUS0196,2024-12-21,14:41:39,2024,12,219.99,94,1,0.0,219.99,125.99,57.3,Reseller,Bank Transfer,Completed,Lucas
77,ORD00033,PRD046,AMD RX 7900 XTX 24GB,GPU,AMD,CUS0269,2024-07-22,21:26:22,2024,7,999.99,430,1,0.0,999.99,569.99,57.0,Marketplace,Debit Card,Completed,Bruno
78,ORD00033,PRD032,Intel Core i9-12900K,Processor,Intel,CUS0269,2024-07-22,21:26:22,2024,7,569.99,245,1,0.05,541.49,308.74,57.0,Phone,Credit Card,Completed,Bruno
79,ORD00034,PRD049,Corsair RM850 Modular,PSU,Corsair,CUS0303,2023-03-25,18:51:41,2023,3,139.99,60,3,0.0,419.97,239.97,57.1,Reseller,Boleto,Completed,Gabriel
80,ORD00035,PRD042,NVIDIA RTX 4070 12GB,GPU,NVIDIA,CUS0077,2024-10-17,15:24:28,2024,10,599.99,258,1,0.25,449.99,256.49,57.0,In-Store,Debit Card,Completed,Alexandre
81,ORD00035,PRD005,Samsung 870 EVO 1TB,Storage,Samsung,CUS0077,2024-10-17,15:24:28,2024,10,129.99,56,1,0.0,129.99,73.99,56.9,Online,PIX,Completed,Alexandre
82,ORD00036,PRD057,NZXT Kraken X73 360mm,Cooler,NZXT,CUS0022,2024-01-31,09:09:45,2024,1,189.99,81,2,0.05,360.98,207.08,57.4,Phone,Cash,Completed,Aline
83,ORD00036,PRD006,Samsung 970 EVO 500GB,Storage,Samsung,CUS0022,2024-01-31,09:09:45,2024,1,69.99,29,1,0.1,62.99,36.89,58.6,Online,Cash,Completed,Aline
84,ORD00036,PRD013,Corsair Vengeance 8GB DDR4,Memory,Corsair,CUS0022,2024-01-31,09:09:45,2024,1,29.99,12,1,0.1,26.99,16.19,60.0,Phone,Credit Card,Completed,Aline
85,ORD00037,PRD046,AMD RX 7900 XTX 24GB,GPU,AMD,CUS0300,2023-03-18,10:50:51,2023,3,999.99,430,2,0.0,1999.98,1139.98,57.0,Reseller,Credit Card,Completed,Fernanda
86,ORD00037,PRD007,Samsung 970 EVO 1TB,Storage,Samsung,CUS0300,2023-03-18,10:50:51,2023,3,119.99,51,2,0.15,203.98,117.28,57.5,Phone,Cash,Completed,Fernanda
87,ORD00037,PRD060,Thermaltake UX200 ARGB,Cooler,Thermaltake,CUS0300,2023-03-18,10:50:51,2023,3,34.99,15,3,0.15,89.22,50.97,57.1,Phone,Debit Card,Completed,Fernanda
88,ORD00037,PRD018,G.Skill Trident Z5 64GB DDR5,Memory,G.Skill,CUS0300,2023-03-18,10:50:51,2023,3,289.99,124,1,0.0,289.99,165.99,57.2,In-Store,Bank Transfer,Completed,Fernanda
89,ORD00038,PRD059,Cooler Master Hyper 212,Cooler,Cooler Master,CUS0425,2023-11-20,21:57:06,2023,11,39.99,17,2,0.15,67.98,39.08,57.5,Marketplace,Boleto,Completed,Leandro
90,ORD00038,PRD030,Intel Core i5-13600K,Processor,Intel,CUS0425,2023-11-20,21:57:06,2023,11,279.99,120,1,0.05,265.99,151.99,57.1,Marketplace,PIX,Completed,Leandro
91,ORD00038,PRD036,AMD Ryzen 9 5900X,Processor,AMD,CUS0425,2023-11-20,21:57:06,2023,11,449.99,193,1,0.05,427.49,244.14,57.1,In-Store,Credit Card,Completed,Leandro
92,ORD00038,PRD049,Corsair RM850 Modular,PSU,Corsair,CUS0425,2023-11-20,21:57:06,2023,11,139.99,60,1,0.1,125.99,71.99,57.1,Marketplace,Boleto,Completed,Leandro
93,ORD00039,PRD049,Corsair RM850 Modular,PSU,Corsair,CUS0338,2022-11-22,20:38:00,2022,11,139.99,60,1,0.0,139.99,79.99,57.1,Online,PIX,Completed,Leandro
94,ORD00039,PRD037,AMD Ryzen 9 7900X,Processor,AMD,CUS0338,2022-11-22,20:38:00,2022,11,549.99,236,3,0.05,1567.47,894.87,57.1,Marketplace,Boleto,Completed,Leandro
95,ORD00039,PRD025,MSI PRO Z690-A,Motherboard,MSI,CUS0338,2022-11-22,20:38:00,2022,11,189.99,81,1,0.05,180.49,103.54,57.4,Reseller,Credit Card,Completed,Leandro
96,ORD00039,PRD060,Thermaltake UX200 ARGB,Cooler,Thermaltake,CUS0338,2022-11-22,20:38:00,2022,11,34.99,15,3,0.15,89.22,50.97,57.1,Marketplace,Cash,Completed,Leandro
97,ORD00040,PRD036,AMD Ryzen 9 5900X,Processor,AMD,CUS0363,2024-10-24,22:44:55,2024,10,449.99,193,1,0.25,337.49,192.74,57.1,Marketplace,Boleto,Completed,Matheus
98,ORD00040,PRD016,G.Skill Trident Z5 16GB DDR5,Memory,G.Skill,CUS0363,2024-10-24,22:44:55,2024,10,79.99,34,1,0.05,75.99,43.69,57.5,In-Store,Credit Card,Completed,Matheus
99,ORD00040,PRD032,Intel Core i9-12900K,Processor,Intel,CUS0363,2024-10-24,22:44:55,2024,10,569.99,245,1,0.0,569.99,324.99,57.0,Reseller,Credit Card,Completed,Matheus
100,ORD00040,PRD014,Corsair Vengeance 16GB DDR4,Memory,Corsair,CUS0363,2024-10-24,22:44:55,2024,10,59.99,25,1,0.2,47.99,27.99,58.3,Online,Credit Card,Completed,Matheus
101,ORD00041,PRD004,Samsung 870 EVO 500GB,Storage,Samsung,CUS0363,2024-11-21,10:03:53,2024,11,79.99,34,1,0.05,75.99,43.69,57.5,Phone,PIX,Completed,Matheus
102,ORD00041,PRD024,MSI MAG B550M MORTAR,Motherboard,MSI,CUS0363,2024-11-21,10:03:53,2024,11,129.99,55,3,0.05,370.47,213.72,57.7,Reseller,PIX,Completed,Matheus
103,ORD00041,PRD046,AMD RX 7900 XTX 24GB,GPU,AMD,CUS0363,2024-11-21,10:03:53,2024,11,999.99,430,1,0.0,999.99,569.99,57.0,In-Store,Boleto,Completed,Matheus
104,ORD00041,PRD051,be quiet! Straight Power 850W,PSU,be quiet!,CUS0363,2024-11-21,10:03:53,2024,11,169.99,73,1,0.0,169.99,96.99,57.1,In-Store,Bank Transfer,Completed,Matheus
105,ORD00042,PRD019,Kingston Fury Beast 16GB DDR4,Memory,Kingston,CUS0336,2024-01-07,15:43:13,2024,1,54.99,23,4,0.25,164.97,95.97,58.2,Marketplace,Debit Card,Completed,André
106,ORD00042,PRD034,AMD Ryzen 5 7600X,Processor,AMD,CUS0336,2024-01-07,15:43:13,2024,1,249.99,107,2,0.1,449.98,257.38,57.2,Phone,Credit Card,Completed,André
107,ORD00043,PRD049,Corsair RM850 Modular,PSU,Corsair,CUS0384,2023-11-09,16:05:21,2023,11,139.99,60,1,0.15,118.99,67.99,57.1,Online,PIX,Completed,Lucas
108,ORD00043,PRD025,MSI PRO Z690-A,Motherboard,MSI,CUS0384,2023-11-09,16:05:21,2023,11,189.99,81,1,0.0,189.99,108.99,57.4,Marketplace,Boleto,Completed,Lucas
109,ORD00043,PRD026,Gigabyte B550 AORUS Elite,Motherboard,Gigabyte,CUS0384,2023-11-09,16:05:21,2023,11,169.99,72,3,0.25,382.48,220.48,57.6,Reseller,Credit Card,Completed,Lucas
110,ORD00044,PRD007,Samsung 970 EVO 1TB,Storage,Samsung,CUS0191,2024-03-25,10:34:30,2024,3,119.99,51,3,0.0,359.97,206.97,57.5,Online,Cash,Completed,Ana
111,ORD00044,PRD059,Cooler Master Hyper 212,Cooler,Cooler Master,CUS0191,2024-03-25,10:34:30,2024,3,39.99,17,1,0.05,37.99,21.84,57.5,In-Store,PIX,Completed,Ana
112,ORD00045,PRD039,NVIDIA RTX 3070 8GB,GPU,NVIDIA,CUS0001,2022-12-24,16:25:06,2022,12,499.99,215,2,0.05,949.98,541.48,57.0,In-Store,Bank Transfer,Completed,Henrique
113,ORD00045,PRD047,Corsair RM650 Modular,PSU,Corsair,CUS0001,2022-12-24,16:25:06,2022,12,89.99,38,2,0.25,134.98,77.98,57.8,Reseller,Bank Transfer,Completed,Henrique
114,ORD00046,PRD016,G.Skill Trident Z5 16GB DDR5,Memory,G.Skill,CUS0201,2022-08-25,11:08:54,2022,8,79.99,34,1,0.1,71.99,41.39,57.5,Phone,PIX,Completed,Bruno
115,ORD00046,PRD054,Noctua NH-U12S,Cooler,Noctua,CUS0201,2022-08-25,11:08:54,2022,8,69.99,30,3,0.15,178.47,101.97,57.1,Online,PIX,Completed,Bruno
116,ORD00046,PRD015,Corsair Vengeance 32GB DDR4,Memory,Corsair,CUS0201,2022-08-25,11:08:54,2022,8,109.99,47,1,0.0,109.99,62.99,57.3,Reseller,PIX,Completed,Bruno
117,ORD00046,PRD043,NVIDIA RTX 4080 16GB,GPU,NVIDIA,CUS0201,2022-08-25,11:08:54,2022,8,1199.99,516,3,0.15,3059.97,1744.17,57.0,In-Store,Cash,Completed,Bruno
118,ORD00047,PRD015,Corsair Vengeance 32GB DDR4,Memory,Corsair,CUS0313,2023-03-11,18:12:19,2023,3,109.99,47,1,0.15,93.49,53.54,57.3,In-Store,PIX,Completed,Daniela
119,ORD00048,PRD028,Intel Core i3-12100,Processor,Intel,CUS0052,2022-07-20,08:40:15,2022,7,119.99,51,2,0.0,239.98,137.98,57.5,Phone,Credit Card,Completed,Larissa
120,ORD00048,PRD048,Corsair RM750 Modular,PSU,Corsair,CUS0052,2022-07-20,08:40:15,2022,7,109.99,47,1,0.1,98.99,56.69,57.3,Reseller,Cash,Completed,Larissa
121,ORD00048,PRD004,Samsung 870 EVO 500GB,Storage,Samsung,CUS0052,2022-07-20,08:40:15,2022,7,79.99,34,3,0.05,227.97,131.07,57.5,In-Store,Boleto,Completed,Larissa
122,ORD00049,PRD052,Thermaltake Toughpower 1000W,PSU,Thermaltake,CUS0282,2024-11-21,19:36:09,2024,11,189.99,81,1,0.0,189.99,108.99,57.4,Reseller,Bank Transfer,Completed,Alexandre
123,ORD00049,PRD042,NVIDIA RTX 4070 12GB,GPU,NVIDIA,CUS0282,2024-11-21,19:36:09,2024,11,599.99,258,1,0.05,569.99,324.89,57.0,Marketplace,Cash,Completed,Alexandre
124,ORD00049,PRD038,NVIDIA RTX 3060 12GB,GPU,NVIDIA,CUS0282,2024-11-21,19:36:09,2024,11,329.99,141,2,0.15,560.98,321.28,57.3,Marketplace,Cash,Completed,Alexandre
125,ORD00049,PRD045,AMD RX 6700 XT 12GB,GPU,AMD,CUS0282,2024-11-21,19:36:09,2024,11,399.99,172,1,0.0,399.99,227.99,57.0,Online,Debit Card,Completed,Alexandre
126,ORD00050,PRD021,ASUS ROG Strix B550-F,Motherboard,ASUS,CUS0257,2024-09-18,16:14:06,2024,9,219.99,94,2,0.0,439.98,251.98,57.3,In-Store,Bank Transfer,Completed,Leonardo
127,ORD00050,PRD050,EVGA SuperNOVA 650W,PSU,EVGA,CUS0257,2024-09-18,16:14:06,2024,9,89.99,38,2,0.0,179.98,103.98,57.8,Reseller,Boleto,Completed,Leonardo
128,ORD00051,PRD036,AMD Ryzen 9 5900X,Processor,AMD,CUS0393,2024-01-12,14:16:35,2024,1,449.99,193,1,0.05,427.49,244.14,57.1,Online,PIX,Completed,Pedro
129,ORD00052,PRD007,Samsung 970 EVO 1TB,Storage,Samsung,CUS0215,2022-01-28,15:05:05,2022,1,119.99,51,3,0.0,359.97,206.97,57.5,Reseller,Bank Transfer,Completed,Juliana
130,ORD00052,PRD042,NVIDIA RTX 4070 12GB,GPU,NVIDIA,CUS0215,2022-01-28,15:05:05,2022,1,599.99,258,1,0.0,599.99,341.99,57.0,Phone,Debit Card,Completed,Juliana
131,ORD00052,PRD039,NVIDIA RTX 3070 8GB,GPU,NVIDIA,CUS0215,2022-01-28,15:05:05,2022,1,499.99,215,1,0.1,449.99,256.49,57.0,Marketplace,Debit Card,Completed,Juliana
132,ORD00053,PRD036,AMD Ryzen 9 5900X,Processor,AMD,CUS0217,2023-05-21,13:47:55,2023,5,449.99,193,4,0.05,1709.96,976.56,57.1,Online,Cash,Completed,Gabriel
133,ORD00053,PRD001,Kingston A400 240GB,Storage,Kingston,CUS0217,2023-05-21,13:47:55,2023,5,29.99,13,1,0.05,28.49,16.14,56.7,Phone,Bank Transfer,Completed,Gabriel
134,ORD00053,PRD010,WD Blue 1TB HDD,Storage,WD,CUS0217,2023-05-21,13:47:55,2023,5,44.99,19,1,0.0,44.99,25.99,57.8,Marketplace,Debit Card,Completed,Gabriel
135,ORD00053,PRD005,Samsung 870 EVO 1TB,Storage,Samsung,CUS0217,2023-05-21,13:47:55,2023,5,129.99,56,1,0.2,103.99,59.19,56.9,Marketplace,Boleto,Completed,Gabriel
136,ORD00054,PRD020,Kingston Fury Beast 32GB DDR4,Memory,Kingston,CUS0361,2022-07-05,11:57:27,2022,7,99.99,43,1,0.0,99.99,56.99,57.0,In-Store,Debit Card,Completed,Renata
137,ORD00054,PRD006,Samsung 970 EVO 500GB,Storage,Samsung,CUS0361,2022-07-05,11:57:27,2022,7,69.99,29,2,0.0,139.98,81.98,58.6,In-Store,Debit Card,Completed,Renata
138,ORD00054,PRD021,ASUS ROG Strix B550-F,Motherboard,ASUS,CUS0361,2022-07-05,11:57:27,2022,7,219.99,94,1,0.05,208.99,119.69,57.3,Phone,Debit Card,Completed,Renata
139,ORD00055,PRD047,Corsair RM650 Modular,PSU,Corsair,CUS0462,2024-06-21,20:08:14,2024,6,89.99,38,1,0.0,89.99,51.99,57.8,Reseller,Bank Transfer,Completed,Felipe
140,ORD00056,PRD042,NVIDIA RTX 4070 12GB,GPU,NVIDIA,CUS0216,2022-04-23,12:08:54,2022,4,599.99,258,1,0.0,599.99,341.99,57.0,Phone,Debit Card,Completed,Claudia
141,ORD00056,PRD030,Intel Core i5-13600K,Processor,Intel,CUS0216,2022-04-23,12:08:54,2022,4,279.99,120,1,0.0,279.99,159.99,57.1,Online,Debit Card,Completed,Claudia
142,ORD00057,PRD008,Samsung 970 EVO 2TB,Storage,Samsung,CUS0094,2022-05-28,22:11:28,2022,5,219.99,94,2,0.2,351.98,201.58,57.3,Online,Debit Card,Completed,Monica
143,ORD00057,PRD059,Cooler Master Hyper 212,Cooler,Cooler Master,CUS0094,2022-05-28,22:11:28,2022,5,39.99,17,4,0.05,151.96,87.36,57.5,Online,Cash,Completed,Monica
144,ORD00057,PRD034,AMD Ryzen 5 7600X,Processor,AMD,CUS0094,2022-05-28,22:11:28,2022,5,249.99,107,2,0.2,399.98,228.78,57.2,Reseller,PIX,Completed,Monica
145,ORD00057,PRD023,ASUS TUF Gaming B660M,Motherboard,ASUS,CUS0094,2022-05-28,22:11:28,2022,5,159.99,68,2,0.0,319.98,183.98,57.5,In-Store,Bank Transfer,Completed,Monica
146,ORD00058,PRD060,Thermaltake UX200 ARGB,Cooler,Thermaltake,CUS0480,2023-03-17,15:32:47,2023,3,34.99,15,2,0.0,69.98,39.98,57.1,In-Store,PIX,Completed,Rafael
147,ORD00058,PRD039,NVIDIA RTX 3070 8GB,GPU,NVIDIA,CUS0480,2023-03-17,15:32:47,2023,3,499.99,215,1,0.0,499.99,284.99,57.0,In-Store,Boleto,Completed,Rafael
148,ORD00058,PRD025,MSI PRO Z690-A,Motherboard,MSI,CUS0480,2023-03-17,15:32:47,2023,3,189.99,81,1,0.0,189.99,108.99,57.4,Phone,Debit Card,Completed,Rafael
149,ORD00059,PRD017,G.Skill Trident Z5 32GB DDR5,Memory,G.Skill,CUS0128,2023-11-10,19:11:29,2023,11,149.99,64,1,0.05,142.49,81.69,57.3,Marketplace,Cash,Completed,Camila
150,ORD00060,PRD029,Intel Core i5-12400,Processor,Intel,CUS0095,2023-10-17,10:41:44,2023,10,199.99,86,1,0.15,169.99,96.89,57.0,Marketplace,Bank Transfer,Completed,Rafael
151,ORD00060,PRD049,Corsair RM850 Modular,PSU,Corsair,CUS0095,2023-10-17,10:41:44,2023,10,139.99,60,1,0.0,139.99,79.99,57.1,Marketplace,Debit Card,Completed,Rafael
152,ORD00060,PRD060,Thermaltake UX200 ARGB,Cooler,Thermaltake,CUS0095,2023-10-17,10:41:44,2023,10,34.99,15,2,0.0,69.98,39.98,57.1,Online,Cash,Completed,Rafael
153,ORD00061,PRD006,Samsung 970 EVO 500GB,Storage,Samsung,CUS0485,2023-07-03,15:39:25,2023,7,69.99,29,4,0.0,279.96,163.96,58.6,Marketplace,Bank Transfer,Completed,Gabriel
154,ORD00061,PRD058,DeepCool AK620,Cooler,DeepCool,CUS0485,2023-07-03,15:39:25,2023,7,54.99,23,1,0.05,52.24,30.39,58.2,In-Store,Cash,Completed,Gabriel
155,ORD00061,PRD056,Corsair H150i Elite 360mm,Cooler,Corsair,CUS0485,2023-07-03,15:39:25,2023,7,169.99,73,2,0.15,288.98,164.88,57.1,Online,Debit Card,Completed,Gabriel
156,ORD00061,PRD044,AMD RX 6600 8GB,GPU,AMD,CUS0485,2023-07-03,15:39:25,2023,7,289.99,124,1,0.15,246.49,141.09,57.2,Online,Bank Transfer,Completed,Gabriel
157,ORD00062,PRD050,EVGA SuperNOVA 650W,PSU,EVGA,CUS0456,2022-03-13,09:19:11,2022,3,89.99,38,1,0.15,76.49,44.19,57.8,Online,Credit Card,Completed,Aline
158,ORD00062,PRD047,Corsair RM650 Modular,PSU,Corsair,CUS0456,2022-03-13,09:19:11,2022,3,89.99,38,3,0.1,242.97,140.37,57.8,Marketplace,Boleto,Completed,Aline
159,ORD00062,PRD055,Corsair H100i RGB 240mm,Cooler,Corsair,CUS0456,2022-03-13,09:19:11,2022,3,129.99,56,1,0.0,129.99,73.99,56.9,Marketplace,PIX,Completed,Aline
160,ORD00062,PRD021,ASUS ROG Strix B550-F,Motherboard,ASUS,CUS0456,2022-03-13,09:19:11,2022,3,219.99,94,2,0.0,439.98,251.98,57.3,Online,Cash,Completed,Aline
161,ORD00063,PRD008,Samsung 970 EVO 2TB,Storage,Samsung,CUS0379,2022-10-09,19:38:28,2022,10,219.99,94,1,0.0,219.99,125.99,57.3,Online,Cash,Completed,Henrique
162,ORD00063,PRD047,Corsair RM650 Modular,PSU,Corsair,CUS0379,2022-10-09,19:38:28,2022,10,89.99,38,4,0.1,323.96,187.16,57.8,Online,Credit Card,Completed,Henrique
163,ORD00063,PRD029,Intel Core i5-12400,Processor,Intel,CUS0379,2022-10-09,19:38:28,2022,10,199.99,86,1,0.15,169.99,96.89,57.0,In-Store,Bank Transfer,Completed,Henrique
164,ORD00063,PRD041,NVIDIA RTX 4060 8GB,GPU,NVIDIA,CUS0379,2022-10-09,19:38:28,2022,10,299.99,129,1,0.0,299.99,170.99,57.0,In-Store,Debit Card,Completed,Henrique
165,ORD00064,PRD048,Corsair RM750 Modular,PSU,Corsair,CUS0136,2024-07-09,11:13:08,2024,7,109.99,47,2,0.0,219.98,125.98,57.3,In-Store,Cash,Completed,Henrique
166,ORD00064,PRD006,Samsung 970 EVO 500GB,Storage,Samsung,CUS0136,2024-07-09,11:13:08,2024,7,69.99,29,1,0.05,66.49,38.94,58.6,Reseller,PIX,Completed,Henrique
167,ORD00064,PRD001,Kingston A400 240GB,Storage,Kingston,CUS0136,2024-07-09,11:13:08,2024,7,29.99,13,1,0.0,29.99,16.99,56.7,Marketplace,Boleto,Completed,Henrique
168,ORD00064,PRD054,Noctua NH-U12S,Cooler,Noctua,CUS0136,2024-07-09,11:13:08,2024,7,69.99,30,2,0.0,139.98,79.98,57.1,Marketplace,Bank Transfer,Completed,Henrique
169,ORD00065,PRD031,Intel Core i7-12700K,Processor,Intel,CUS0476,2023-02-21,19:39:11,2023,2,369.99,159,1,0.0,369.99,210.99,57.0,In-Store,PIX,Completed,Leandro
170,ORD00065,PRD056,Corsair H150i Elite 360mm,Cooler,Corsair,CUS0476,2023-02-21,19:39:11,2023,2,169.99,73,1,0.2,135.99,77.59,57.1,Online,Boleto,Completed,Leandro
171,ORD00065,PRD011,Seagate Barracuda 2TB,Storage,Seagate,CUS0476,2023-02-21,19:39:11,2023,2,54.99,23,3,0.05,156.72,91.17,58.2,In-Store,Boleto,Completed,Leandro
172,ORD00065,PRD026,Gigabyte B550 AORUS Elite,Motherboard,Gigabyte,CUS0476,2023-02-21,19:39:11,2023,2,169.99,72,1,0.05,161.49,93.09,57.6,Marketplace,Debit Card,Completed,Leandro
173,ORD00066,PRD040,NVIDIA RTX 3080 10GB,GPU,NVIDIA,CUS0020,2023-11-19,15:20:14,2023,11,699.99,301,1,0.0,699.99,398.99,57.0,Marketplace,PIX,Completed,Juliana
174,ORD00066,PRD035,AMD Ryzen 7 5800X3D,Processor,AMD,CUS0020,2023-11-19,15:20:14,2023,11,349.99,150,3,0.1,944.97,539.97,57.1,Marketplace,Debit Card,Completed,Juliana
175,ORD00066,PRD029,Intel Core i5-12400,Processor,Intel,CUS0020,2023-11-19,15:20:14,2023,11,199.99,86,1,0.0,199.99,113.99,57.0,Reseller,Cash,Completed,Juliana
176,ORD00067,PRD057,NZXT Kraken X73 360mm,Cooler,NZXT,CUS0283,2023-12-18,18:31:02,2023,12,189.99,81,1,0.2,151.99,87.19,57.4,Phone,Debit Card,Completed,Sergio
177,ORD00067,PRD012,Seagate Barracuda 4TB,Storage,Seagate,CUS0283,2023-12-18,18:31:02,2023,12,89.99,38,2,0.0,179.98,103.98,57.8,Online,Boleto,Completed,Sergio
178,ORD00067,PRD041,NVIDIA RTX 4060 8GB,GPU,NVIDIA,CUS0283,2023-12-18,18:31:02,2023,12,299.99,129,1,0.0,299.99,170.99,57.0,Phone,PIX,Completed,Sergio
179,ORD00067,PRD020,Kingston Fury Beast 32GB DDR4,Memory,Kingston,CUS0283,2023-12-18,18:31:02,2023,12,99.99,43,1,0.1,89.99,51.29,57.0,Phone,Boleto,Completed,Sergio
180,ORD00068,PRD044,AMD RX 6600 8GB,GPU,AMD,CUS0450,2024-04-01,17:21:36,2024,4,289.99,124,3,0.05,826.47,473.07,57.2,Reseller,PIX,Completed,Thiago
181,ORD00068,PRD048,Corsair RM750 Modular,PSU,Corsair,CUS0450,2024-04-01,17:21:36,2024,4,109.99,47,3,0.0,329.97,188.97,57.3,Phone,Bank Transfer,Completed,Thiago
182,ORD00068,PRD007,Samsung 970 EVO 1TB,Storage,Samsung,CUS0450,2024-04-01,17:21:36,2024,4,119.99,51,1,0.0,119.99,68.99,57.5,Online,Boleto,Completed,Thiago
183,ORD00069,PRD033,AMD Ryzen 5 5600X,Processor,AMD,CUS0329,2024-11-28,10:26:40,2024,11,229.99,98,3,0.0,689.97,395.97,57.4,Online,Bank Transfer,Completed,Paulo
184,ORD00069,PRD028,Intel Core i3-12100,Processor,Intel,CUS0329,2024-11-28,10:26:40,2024,11,119.99,51,1,0.15,101.99,58.64,57.5,Phone,Credit Card,Completed,Paulo
185,ORD00069,PRD052,Thermaltake Toughpower 1000W,PSU,Thermaltake,CUS0329,2024-11-28,10:26:40,2024,11,189.99,81,1,0.0,189.99,108.99,57.4,Online,Boleto,Completed,Paulo
186,ORD00070,PRD016,G.Skill Trident Z5 16GB DDR5,Memory,G.Skill,CUS0342,2022-01-07,20:31:47,2022,1,79.99,34,3,0.1,215.97,124.17,57.5,Marketplace,Credit Card,Completed,Eduardo
187,ORD00071,PRD051,be quiet! Straight Power 850W,PSU,be quiet!,CUS0233,2024-05-05,13:19:52,2024,5,169.99,73,1,0.2,135.99,77.59,57.1,Marketplace,Debit Card,Completed,Gustavo
188,ORD00071,PRD034,AMD Ryzen 5 7600X,Processor,AMD,CUS0233,2024-05-05,13:19:52,2024,5,249.99,107,2,0.1,449.98,257.38,57.2,Online,Cash,Completed,Gustavo
189,ORD00071,PRD004,Samsung 870 EVO 500GB,Storage,Samsung,CUS0233,2024-05-05,13:19:52,2024,5,79.99,34,1,0.05,75.99,43.69,57.5,Phone,PIX,Completed,Gustavo
190,ORD00071,PRD031,Intel Core i7-12700K,Processor,Intel,CUS0233,2024-05-05,13:19:52,2024,5,369.99,159,1,0.1,332.99,189.89,57.0,In-Store,Boleto,Completed,Gustavo
191,ORD00072,PRD008,Samsung 970 EVO 2TB,Storage,Samsung,CUS0264,2023-06-14,12:24:57,2023,6,219.99,94,2,0.25,329.99,188.99,57.3,In-Store,Boleto,Completed,Juliana
192,ORD00073,PRD041,NVIDIA RTX 4060 8GB,GPU,NVIDIA,CUS0246,2023-12-22,10:49:00,2023,12,299.99,129,1,0.0,299.99,170.99,57.0,Marketplace,Credit Card,Completed,Henrique
193,ORD00074,PRD028,Intel Core i3-12100,Processor,Intel,CUS0074,2022-01-13,21:59:48,2022,1,119.99,51,1,0.05,113.99,65.54,57.5,Phone,Debit Card,Completed,Fabio
194,ORD00074,PRD042,NVIDIA RTX 4070 12GB,GPU,NVIDIA,CUS0074,2022-01-13,21:59:48,2022,1,599.99,258,2,0.0,1199.98,683.98,57.0,Reseller,PIX,Completed,Fabio
195,ORD00074,PRD039,NVIDIA RTX 3070 8GB,GPU,NVIDIA,CUS0074,2022-01-13,21:59:48,2022,1,499.99,215,4,0.0,1999.96,1139.96,57.0,Online,Cash,Completed,Fabio
196,ORD00074,PRD045,AMD RX 6700 XT 12GB,GPU,AMD,CUS0074,2022-01-13,21:59:48,2022,1,399.99,172,1,0.05,379.99,216.59,57.0,Phone,Bank Transfer,Completed,Fabio
197,ORD00075,PRD048,Corsair RM750 Modular,PSU,Corsair,CUS0171,2024-08-11,21:08:56,2024,8,109.99,47,2,0.05,208.98,119.68,57.3,Online,PIX,Completed,Vanessa
198,ORD00076,PRD051,be quiet! Straight Power 850W,PSU,be quiet!,CUS0389,2024-07-05,22:05:43,2024,7,169.99,73,1,0.0,169.99,96.99,57.1,Phone,Boleto,Completed,Beatriz
199,ORD00076,PRD022,ASUS ROG Strix Z690-A,Motherboard,ASUS,CUS0389,2024-07-05,22:05:43,2024,7,319.99,137,2,0.0,639.98,365.98,57.2,Marketplace,Bank Transfer,Completed,Beatriz
200,ORD00076,PRD050,EVGA SuperNOVA 650W,PSU,EVGA,CUS0389,2024-07-05,22:05:43,2024,7,89.99,38,1,0.0,89.99,51.99,57.8,Online,Debit Card,Completed,Beatriz
201,ORD00077,PRD047,Corsair RM650 Modular,PSU,Corsair,CUS0461,2022-02-03,15:41:07,2022,2,89.99,38,4,0.25,269.97,155.97,57.8,Online,Credit Card,Completed,Gabriel
202,ORD00078,PRD051,be quiet! Straight Power 850W,PSU,be quiet!,CUS0344,2023-10-05,14:11:10,2023,10,169.99,73,1,0.1,152.99,87.29,57.1,Marketplace,PIX,Completed,Isabela
203,ORD00078,PRD056,Corsair H150i Elite 360mm,Cooler,Corsair,CUS0344,2023-10-05,14:11:10,2023,10,169.99,73,1,0.0,169.99,96.99,57.1,Phone,Credit Card,Completed,Isabela
204,ORD00078,PRD025,MSI PRO Z690-A,Motherboard,MSI,CUS0344,2023-10-05,14:11:10,2023,10,189.99,81,1,0.0,189.99,108.99,57.4,Online,Bank Transfer,Completed,Isabela
205,ORD00078,PRD003,Kingston A400 960GB,Storage,Kingston,CUS0344,2023-10-05,14:11:10,2023,10,89.99,38,1,0.0,89.99,51.99,57.8,In-Store,Cash,Completed,Isabela
206,ORD00079,PRD015,Corsair Vengeance 32GB DDR4,Memory,Corsair,CUS0017,2022-08-04,17:13:07,2022,8,109.99,47,1,0.0,109.99,62.99,57.3,Online,Boleto,Completed,Mariana
207,ORD00079,PRD050,EVGA SuperNOVA 650W,PSU,EVGA,CUS0017,2022-08-04,17:13:07,2022,8,89.99,38,1,0.0,89.99,51.99,57.8,Phone,Bank Transfer,Completed,Mariana
208,ORD00079,PRD019,Kingston Fury Beast 16GB DDR4,Memory,Kingston,CUS0017,2022-08-04,17:13:07,2022,8,54.99,23,1,0.2,43.99,25.59,58.2,Phone,Credit Card,Completed,Mariana
209,ORD00079,PRD004,Samsung 870 EVO 500GB,Storage,Samsung,CUS0017,2022-08-04,17:13:07,2022,8,79.99,34,1,0.0,79.99,45.99,57.5,Online,Bank Transfer,Completed,Mariana
210,ORD00080,PRD027,Gigabyte Z790 AORUS Master,Motherboard,Gigabyte,CUS0306,2024-01-06,12:53:19,2024,1,449.99,193,1,0.1,404.99,231.29,57.1,Reseller,Credit Card,Completed,Paulo
211,ORD00080,PRD057,NZXT Kraken X73 360mm,Cooler,NZXT,CUS0306,2024-01-06,12:53:19,2024,1,189.99,81,1,0.1,170.99,98.09,57.4,Reseller,Credit Card,Completed,Paulo
212,ORD00080,PRD051,be quiet! Straight Power 850W,PSU,be quiet!,CUS0306,2024-01-06,12:53:19,2024,1,169.99,73,3,0.05,484.47,276.42,57.1,In-Store,Credit Card,Completed,Paulo
213,ORD00080,PRD038,NVIDIA RTX 3060 12GB,GPU,NVIDIA,CUS0306,2024-01-06,12:53:19,2024,1,329.99,141,2,0.0,659.98,377.98,57.3,Phone,Debit Card,Completed,Paulo
214,ORD00081,PRD011,Seagate Barracuda 2TB,Storage,Seagate,CUS0391,2024-05-06,14:33:12,2024,5,54.99,23,1,0.05,52.24,30.39,58.2,Marketplace,PIX,Completed,Matheus
215,ORD00081,PRD059,Cooler Master Hyper 212,Cooler,Cooler Master,CUS0391,2024-05-06,14:33:12,2024,5,39.99,17,1,0.15,33.99,19.54,57.5,Marketplace,Cash,Completed,Matheus
216,ORD00082,PRD056,Corsair H150i Elite 360mm,Cooler,Corsair,CUS0220,2022-11-29,12:20:24,2022,11,169.99,73,2,0.0,339.98,193.98,57.1,Marketplace,Cash,Completed,Felipe
217,ORD00083,PRD002,Kingston A400 480GB,Storage,Kingston,CUS0153,2024-05-15,11:35:58,2024,5,49.99,21,1,0.2,39.99,23.19,58.0,Marketplace,Bank Transfer,Completed,Ricardo
218,ORD00083,PRD046,AMD RX 7900 XTX 24GB,GPU,AMD,CUS0153,2024-05-15,11:35:58,2024,5,999.99,430,3,0.2,2399.98,1367.98,57.0,In-Store,Cash,Completed,Ricardo
219,ORD00084,PRD034,AMD Ryzen 5 7600X,Processor,AMD,CUS0154,2022-11-18,11:35:20,2022,11,249.99,107,1,0.0,249.99,142.99,57.2,Reseller,Credit Card,Completed,Aline
220,ORD00084,PRD032,Intel Core i9-12900K,Processor,Intel,CUS0154,2022-11-18,11:35:20,2022,11,569.99,245,1,0.0,569.99,324.99,57.0,Marketplace,Boleto,Completed,Aline
221,ORD00084,PRD015,Corsair Vengeance 32GB DDR4,Memory,Corsair,CUS0154,2022-11-18,11:35:20,2022,11,109.99,47,1,0.15,93.49,53.54,57.3,Phone,Debit Card,Completed,Aline
222,ORD00084,PRD051,be quiet! Straight Power 850W,PSU,be quiet!,CUS0154,2022-11-18,11:35:20,2022,11,169.99,73,1,0.1,152.99,87.29,57.1,Phone,Cash,Completed,Aline
223,ORD00085,PRD016,G.Skill Trident Z5 16GB DDR5,Memory,G.Skill,CUS0352,2023-05-09,12:58:45,2023,5,79.99,34,2,0.15,135.98,78.18,57.5,Online,PIX,Completed,André
224,ORD00086,PRD044,AMD RX 6600 8GB,GPU,AMD,CUS0075,2024-06-22,13:11:24,2024,6,289.99,124,1,0.0,289.99,165.99,57.2,Online,PIX,Completed,Beatriz
225,ORD00086,PRD055,Corsair H100i RGB 240mm,Cooler,Corsair,CUS0075,2024-06-22,13:11:24,2024,6,129.99,56,2,0.0,259.98,147.98,56.9,Reseller,PIX,Completed,Beatriz
226,ORD00086,PRD042,NVIDIA RTX 4070 12GB,GPU,NVIDIA,CUS0075,2024-06-22,13:11:24,2024,6,599.99,258,1,0.0,599.99,341.99,57.0,Phone,PIX,Completed,Beatriz
227,ORD00086,PRD039,NVIDIA RTX 3070 8GB,GPU,NVIDIA,CUS0075,2024-06-22,13:11:24,2024,6,499.99,215,1,0.05,474.99,270.74,57.0,Online,PIX,Completed,Beatriz
228,ORD00087,PRD030,Intel Core i5-13600K,Processor,Intel,CUS0110,2022-09-23,17:18:13,2022,9,279.99,120,1,0.05,265.99,151.99,57.1,Phone,PIX,Completed,Isabela
229,ORD00087,PRD035,AMD Ryzen 7 5800X3D,Processor,AMD,CUS0110,2022-09-23,17:18:13,2022,9,349.99,150,4,0.15,1189.97,679.97,57.1,In-Store,Bank Transfer,Completed,Isabela
230,ORD00087,PRD039,NVIDIA RTX 3070 8GB,GPU,NVIDIA,CUS0110,2022-09-23,17:18:13,2022,9,499.99,215,1,0.15,424.99,242.24,57.0,In-Store,Credit Card,Completed,Isabela
231,ORD00087,PRD015,Corsair Vengeance 32GB DDR4,Memory,Corsair,CUS0110,2022-09-23,17:18:13,2022,9,109.99,47,4,0.0,439.96,251.96,57.3,Online,PIX,Completed,Isabela
232,ORD00088,PRD008,Samsung 970 EVO 2TB,Storage,Samsung,CUS0287,2023-07-04,09:39:07,2023,7,219.99,94,1,0.0,219.99,125.99,57.3,Online,PIX,Completed,Carlos
233,ORD00088,PRD025,MSI PRO Z690-A,Motherboard,MSI,CUS0287,2023-07-04,09:39:07,2023,7,189.99,81,1,0.0,189.99,108.99,57.4,Marketplace,Bank Transfer,Completed,Carlos
234,ORD00088,PRD010,WD Blue 1TB HDD,Storage,WD,CUS0287,2023-07-04,09:39:07,2023,7,44.99,19,2,0.0,89.98,51.98,57.8,In-Store,Boleto,Completed,Carlos
235,ORD00088,PRD046,AMD RX 7900 XTX 24GB,GPU,AMD,CUS0287,2023-07-04,09:39:07,2023,7,999.99,430,1,0.15,849.99,484.49,57.0,Reseller,Debit Card,Completed,Carlos
236,ORD00089,PRD024,MSI MAG B550M MORTAR,Motherboard,MSI,CUS0064,2023-05-14,18:03:17,2023,5,129.99,55,4,0.1,467.96,269.96,57.7,Online,Debit Card,Completed,Gabriel
237,ORD00089,PRD035,AMD Ryzen 7 5800X3D,Processor,AMD,CUS0064,2023-05-14,18:03:17,2023,5,349.99,150,2,0.0,699.98,399.98,57.1,Marketplace,Boleto,Completed,Gabriel
238,ORD00089,PRD027,Gigabyte Z790 AORUS Master,Motherboard,Gigabyte,CUS0064,2023-05-14,18:03:17,2023,5,449.99,193,1,0.05,427.49,244.14,57.1,Online,Cash,Completed,Gabriel
239,ORD00090,PRD031,Intel Core i7-12700K,Processor,Intel,CUS0029,2023-04-19,17:25:02,2023,4,369.99,159,1,0.0,369.99,210.99,57.0,Marketplace,Credit Card,Completed,Leonardo
240,ORD00090,PRD032,Intel Core i9-12900K,Processor,Intel,CUS0029,2023-04-19,17:25:02,2023,4,569.99,245,3,0.2,1367.98,779.98,57.0,Marketplace,Cash,Completed,Leonardo
241,ORD00090,PRD047,Corsair RM650 Modular,PSU,Corsair,CUS0029,2023-04-19,17:25:02,2023,4,89.99,38,1,0.05,85.49,49.39,57.8,Phone,Credit Card,Completed,Leonardo
242,ORD00091,PRD059,Cooler Master Hyper 212,Cooler,Cooler Master,CUS0353,2023-03-11,19:49:05,2023,3,39.99,17,1,0.05,37.99,21.84,57.5,In-Store,Cash,Completed,Leandro
243,ORD00091,PRD016,G.Skill Trident Z5 16GB DDR5,Memory,G.Skill,CUS0353,2023-03-11,19:49:05,2023,3,79.99,34,2,0.15,135.98,78.18,57.5,Marketplace,Cash,Completed,Leandro
244,ORD00092,PRD024,MSI MAG B550M MORTAR,Motherboard,MSI,CUS0279,2022-05-08,15:31:42,2022,5,129.99,55,4,0.15,441.97,254.97,57.7,Marketplace,Boleto,Completed,Paulo
245,ORD00092,PRD027,Gigabyte Z790 AORUS Master,Motherboard,Gigabyte,CUS0279,2022-05-08,15:31:42,2022,5,449.99,193,1,0.1,404.99,231.29,57.1,Reseller,Cash,Completed,Paulo
246,ORD00092,PRD056,Corsair H150i Elite 360mm,Cooler,Corsair,CUS0279,2022-05-08,15:31:42,2022,5,169.99,73,2,0.1,305.98,174.58,57.1,Reseller,Debit Card,Completed,Paulo
247,ORD00093,PRD006,Samsung 970 EVO 500GB,Storage,Samsung,CUS0208,2023-09-25,16:17:28,2023,9,69.99,29,1,0.25,52.49,30.74,58.6,In-Store,PIX,Completed,Diego
248,ORD00093,PRD046,AMD RX 7900 XTX 24GB,GPU,AMD,CUS0208,2023-09-25,16:17:28,2023,9,999.99,430,1,0.15,849.99,484.49,57.0,In-Store,Credit Card,Completed,Diego
249,ORD00094,PRD042,NVIDIA RTX 4070 12GB,GPU,NVIDIA,CUS0305,2023-10-02,17:42:17,2023,10,599.99,258,1,0.0,599.99,341.99,57.0,Online,Debit Card,Completed,Natalia
250,ORD00094,PRD056,Corsair H150i Elite 360mm,Cooler,Corsair,CUS0305,2023-10-02,17:42:17,2023,10,169.99,73,2,0.2,271.98,155.18,57.1,Marketplace,Credit Card,Completed,Natalia
251,ORD00095,PRD052,Thermaltake Toughpower 1000W,PSU,Thermaltake,CUS0340,2024-12-23,12:45:19,2024,12,189.99,81,2,0.0,379.98,217.98,57.4,Online,Cash,Completed,Gustavo
252,ORD00095,PRD047,Corsair RM650 Modular,PSU,Corsair,CUS0340,2024-12-23,12:45:19,2024,12,89.99,38,2,0.0,179.98,103.98,57.8,Online,PIX,Completed,Gustavo
253,ORD00095,PRD031,Intel Core i7-12700K,Processor,Intel,CUS0340,2024-12-23,12:45:19,2024,12,369.99,159,1,0.0,369.99,210.99,57.0,Reseller,Bank Transfer,Completed,Gustavo
254,ORD00096,PRD009,WD Black SN850 1TB,Storage,WD,CUS0255,2022-04-08,10:40:04,2022,4,109.99,47,1,0.0,109.99,62.99,57.3,Phone,Cash,Completed,Monica
255,ORD00097,PRD059,Cooler Master Hyper 212,Cooler,Cooler Master,CUS0086,2022-04-03,19:05:10,2022,4,39.99,17,1,0.1,35.99,20.69,57.5,Reseller,Bank Transfer,Completed,Daniela
256,ORD00097,PRD025,MSI PRO Z690-A,Motherboard,MSI,CUS0086,2022-04-03,19:05:10,2022,4,189.99,81,3,0.15,484.47,277.92,57.4,Phone,Debit Card,Completed,Daniela
257,ORD00098,PRD058,DeepCool AK620,Cooler,DeepCool,CUS0169,2023-04-23,18:14:42,2023,4,54.99,23,1,0.0,54.99,31.99,58.2,Marketplace,PIX,Completed,Larissa
258,ORD00098,PRD012,Seagate Barracuda 4TB,Storage,Seagate,CUS0169,2023-04-23,18:14:42,2023,4,89.99,38,1,0.1,80.99,46.79,57.8,Marketplace,Credit Card,Completed,Larissa
259,ORD00098,PRD004,Samsung 870 EVO 500GB,Storage,Samsung,CUS0169,2023-04-23,18:14:42,2023,4,79.99,34,1,0.05,75.99,43.69,57.5,Online,Credit Card,Completed,Larissa
260,ORD00099,PRD017,G.Skill Trident Z5 32GB DDR5,Memory,G.Skill,CUS0343,2023-07-25,09:14:57,2023,7,149.99,64,1,0.0,149.99,85.99,57.3,Phone,Bank Transfer,Completed,Isabela
261,ORD00099,PRD008,Samsung 970 EVO 2TB,Storage,Samsung,CUS0343,2023-07-25,09:14:57,2023,7,219.99,94,3,0.0,659.97,377.97,57.3,Phone,Bank Transfer,Completed,Isabela
262,ORD00099,PRD052,Thermaltake Toughpower 1000W,PSU,Thermaltake,CUS0343,2023-07-25,09:14:57,2023,7,189.99,81,1,0.2,151.99,87.19,57.4,Online,Bank Transfer,Completed,Isabela
263,ORD00099,PRD025,MSI PRO Z690-A,Motherboard,MSI,CUS0343,2023-07-25,09:14:57,2023,7,189.99,81,1,0.1,170.99,98.09,57.4,Reseller,Bank Transfer,Completed,Isabela
264,ORD00100,PRD049,Corsair RM850 Modular,PSU,Corsair,CUS0341,2023-07-16,21:18:07,2023,7,139.99,60,4,0.0,559.96,319.96,57.1,In-Store,Debit Card,Completed,Rafael
265,ORD00100,PRD047,Corsair RM650 Modular,PSU,Corsair,CUS0341,2023-07-16,21:18:07,2023,7,89.99,38,1,0.0,89.99,51.99,57.8,Online,PIX,Completed,Rafael
266,ORD00100,PRD022,ASUS ROG Strix Z690-A,Motherboard,ASUS,CUS0341,2023-07-16,21:18:07,2023,7,319.99,137,1,0.0,319.99,182.99,57.2,Reseller,Debit Card,Completed,Rafael
267,ORD00101,PRD022,ASUS ROG Strix Z690-A,Motherboard,ASUS,CUS0307,2023-08-09,08:22:09,2023,8,319.99,137,1,0.0,319.99,182.99,57.2,In-Store,Cash,Completed,Mariana
268,ORD00101,PRD053,Noctua NH-D15,Cooler,Noctua,CUS0307,2023-08-09,08:22:09,2023,8,99.99,43,1,0.0,99.99,56.99,57.0,Phone,Debit Card,Completed,Mariana
269,ORD00101,PRD025,MSI PRO Z690-A,Motherboard,MSI,CUS0307,2023-08-09,08:22:09,2023,8,189.99,81,1,0.0,189.99,108.99,57.4,Online,Bank Transfer,Completed,Mariana
270,ORD00102,PRD033,AMD Ryzen 5 5600X,Processor,AMD,CUS0412,2024-12-07,15:03:08,2024,12,229.99,98,1,0.0,229.99,131.99,57.4,Online,Debit Card,Completed,Sergio
271,ORD00102,PRD037,AMD Ryzen 9 7900X,Processor,AMD,CUS0412,2024-12-07,15:03:08,2024,12,549.99,236,2,0.0,1099.98,627.98,57.1,Reseller,Boleto,Completed,Sergio
272,ORD00102,PRD029,Intel Core i5-12400,Processor,Intel,CUS0412,2024-12-07,15:03:08,2024,12,199.99,86,1,0.1,179.99,102.59,57.0,Online,Boleto,Completed,Sergio
273,ORD00103,PRD019,Kingston Fury Beast 16GB DDR4,Memory,Kingston,CUS0462,2024-10-08,18:18:34,2024,10,54.99,23,1,0.0,54.99,31.99,58.2,Phone,PIX,Completed,Felipe
274,ORD00103,PRD042,NVIDIA RTX 4070 12GB,GPU,NVIDIA,CUS0462,2024-10-08,18:18:34,2024,10,599.99,258,2,0.0,1199.98,683.98,57.0,Online,Credit Card,Completed,Felipe
275,ORD00104,PRD014,Corsair Vengeance 16GB DDR4,Memory,Corsair,CUS0417,2024-03-17,09:17:18,2024,3,59.99,25,1,0.0,59.99,34.99,58.3,In-Store,Bank Transfer,Completed,Claudia
276,ORD00105,PRD003,Kingston A400 960GB,Storage,Kingston,CUS0050,2023-01-14,15:42:11,2023,1,89.99,38,3,0.0,269.97,155.97,57.8,In-Store,Credit Card,Completed,Viviane
277,ORD00105,PRD044,AMD RX 6600 8GB,GPU,AMD,CUS0050,2023-01-14,15:42:11,2023,1,289.99,124,2,0.0,579.98,331.98,57.2,Phone,Credit Card,Completed,Viviane
278,ORD00105,PRD026,Gigabyte B550 AORUS Elite,Motherboard,Gigabyte,CUS0050,2023-01-14,15:42:11,2023,1,169.99,72,1,0.1,152.99,88.19,57.6,Phone,Boleto,Completed,Viviane
279,ORD00105,PRD016,G.Skill Trident Z5 16GB DDR5,Memory,G.Skill,CUS0050,2023-01-14,15:42:11,2023,1,79.99,34,2,0.15,135.98,78.18,57.5,In-Store,Bank Transfer,Completed,Viviane
280,ORD00106,PRD038,NVIDIA RTX 3060 12GB,GPU,NVIDIA,CUS0226,2022-09-12,20:41:04,2022,9,329.99,141,1,0.1,296.99,170.09,57.3,Marketplace,Debit Card,Completed,João
281,ORD00107,PRD029,Intel Core i5-12400,Processor,Intel,CUS0064,2024-01-02,20:22:14,2024,1,199.99,86,1,0.05,189.99,108.29,57.0,Online,Debit Card,Completed,Gabriel
282,ORD00107,PRD015,Corsair Vengeance 32GB DDR4,Memory,Corsair,CUS0064,2024-01-02,20:22:14,2024,1,109.99,47,1,0.05,104.49,59.84,57.3,Reseller,PIX,Completed,Gabriel
283,ORD00107,PRD043,NVIDIA RTX 4080 16GB,GPU,NVIDIA,CUS0064,2024-01-02,20:22:14,2024,1,1199.99,516,1,0.0,1199.99,683.99,57.0,Phone,Debit Card,Completed,Gabriel
284,ORD00107,PRD004,Samsung 870 EVO 500GB,Storage,Samsung,CUS0064,2024-01-02,20:22:14,2024,1,79.99,34,2,0.0,159.98,91.98,57.5,Phone,Cash,Completed,Gabriel
285,ORD00108,PRD009,WD Black SN850 1TB,Storage,WD,CUS0466,2023-01-05,19:12:58,2023,1,109.99,47,1,0.0,109.99,62.99,57.3,Reseller,Credit Card,Completed,Natalia
286,ORD00109,PRD034,AMD Ryzen 5 7600X,Processor,AMD,CUS0005,2022-03-20,11:36:55,2022,3,249.99,107,3,0.05,712.47,407.52,57.2,Phone,PIX,Completed,João
287,ORD00109,PRD045,AMD RX 6700 XT 12GB,GPU,AMD,CUS0005,2022-03-20,11:36:55,2022,3,399.99,172,1,0.0,399.99,227.99,57.0,In-Store,Debit Card,Completed,João
288,ORD00109,PRD009,WD Black SN850 1TB,Storage,WD,CUS0005,2022-03-20,11:36:55,2022,3,109.99,47,1,0.2,87.99,50.39,57.3,Phone,Credit Card,Completed,João
289,ORD00110,PRD046,AMD RX 7900 XTX 24GB,GPU,AMD,CUS0456,2022-04-27,20:10:19,2022,4,999.99,430,1,0.0,999.99,569.99,57.0,Online,Boleto,Completed,Aline
290,ORD00110,PRD021,ASUS ROG Strix B550-F,Motherboard,ASUS,CUS0456,2022-04-27,20:10:19,2022,4,219.99,94,1,0.0,219.99,125.99,57.3,Reseller,PIX,Completed,Aline
291,ORD00110,PRD003,Kingston A400 960GB,Storage,Kingston,CUS0456,2022-04-27,20:10:19,2022,4,89.99,38,1,0.0,89.99,51.99,57.8,Online,PIX,Completed,Aline
292,ORD00110,PRD037,AMD Ryzen 9 7900X,Processor,AMD,CUS0456,2022-04-27,20:10:19,2022,4,549.99,236,1,0.0,549.99,313.99,57.1,Online,Credit Card,Completed,Aline
293,ORD00111,PRD011,Seagate Barracuda 2TB,Storage,Seagate,CUS0176,2023-09-03,19:58:51,2023,9,54.99,23,3,0.0,164.97,95.97,58.2,In-Store,PIX,Completed,Sergio
294,ORD00112,PRD029,Intel Core i5-12400,Processor,Intel,CUS0034,2024-08-02,09:26:52,2024,8,199.99,86,1,0.05,189.99,108.29,57.0,Online,Debit Card,Completed,Natalia
295,ORD00113,PRD029,Intel Core i5-12400,Processor,Intel,CUS0030,2022-11-07,19:31:11,2022,11,199.99,86,1,0.0,199.99,113.99,57.0,In-Store,Boleto,Completed,Felipe
296,ORD00114,PRD018,G.Skill Trident Z5 64GB DDR5,Memory,G.Skill,CUS0115,2023-03-09,12:41:03,2023,3,289.99,124,1,0.05,275.49,157.69,57.2,Phone,Bank Transfer,Completed,Alexandre
297,ORD00114,PRD053,Noctua NH-D15,Cooler,Noctua,CUS0115,2023-03-09,12:41:03,2023,3,99.99,43,2,0.15,169.98,96.88,57.0,Reseller,Cash,Completed,Alexandre
298,ORD00114,PRD046,AMD RX 7900 XTX 24GB,GPU,AMD,CUS0115,2023-03-09,12:41:03,2023,3,999.99,430,1,0.05,949.99,541.49,57.0,Online,PIX,Completed,Alexandre
299,ORD00114,PRD011,Seagate Barracuda 2TB,Storage,Seagate,CUS0115,2023-03-09,12:41:03,2023,3,54.99,23,2,0.0,109.98,63.98,58.2,Phone,Credit Card,Completed,Alexandre
300,ORD00115,PRD041,NVIDIA RTX 4060 8GB,GPU,NVIDIA,CUS0440,2024-08-21,13:13:12,2024,8,299.99,129,1,0.0,299.99,170.99,57.0,Marketplace,PIX,Completed,Larissa
301,ORD00115,PRD025,MSI PRO Z690-A,Motherboard,MSI,CUS0440,2024-08-21,13:13:12,2024,8,189.99,81,1,0.2,151.99,87.19,57.4,Online,Bank Transfer,Completed,Larissa
302,ORD00116,PRD002,Kingston A400 480GB,Storage,Kingston,CUS0143,2022-03-13,19:24:49,2022,3,49.99,21,4,0.0,199.96,115.96,58.0,Marketplace,Cash,Completed,Juliana
303,ORD00117,PRD001,Kingston A400 240GB,Storage,Kingston,CUS0471,2023-09-12,08:16:35,2023,9,29.99,13,1,0.05,28.49,16.14,56.7,Online,Bank Transfer,Completed,Larissa
304,ORD00118,PRD043,NVIDIA RTX 4080 16GB,GPU,NVIDIA,CUS0271,2022-10-25,21:40:25,2022,10,1199.99,516,2,0.0,2399.98,1367.98,57.0,Online,Credit Card,Completed,Thiago
305,ORD00118,PRD054,Noctua NH-U12S,Cooler,Noctua,CUS0271,2022-10-25,21:40:25,2022,10,69.99,30,1,0.05,66.49,37.99,57.1,Reseller,Credit Card,Completed,Thiago
306,ORD00118,PRD014,Corsair Vengeance 16GB DDR4,Memory,Corsair,CUS0271,2022-10-25,21:40:25,2022,10,59.99,25,2,0.2,95.98,55.98,58.3,Reseller,Bank Transfer,Completed,Thiago
307,ORD00118,PRD048,Corsair RM750 Modular,PSU,Corsair,CUS0271,2022-10-25,21:40:25,2022,10,109.99,47,2,0.05,208.98,119.68,57.3,Online,Debit Card,Completed,Thiago
308,ORD00119,PRD004,Samsung 870 EVO 500GB,Storage,Samsung,CUS0268,2024-07-03,21:38:59,2024,7,79.99,34,3,0.1,215.97,124.17,57.5,Online,Boleto,Completed,Tatiana
309,ORD00119,PRD047,Corsair RM650 Modular,PSU,Corsair,CUS0268,2024-07-03,21:38:59,2024,7,89.99,38,2,0.0,179.98,103.98,57.8,Phone,Boleto,Completed,Tatiana
310,ORD00119,PRD001,Kingston A400 240GB,Storage,Kingston,CUS0268,2024-07-03,21:38:59,2024,7,29.99,13,1,0.05,28.49,16.14,56.7,Phone,Debit Card,Completed,Tatiana
311,ORD00119,PRD039,NVIDIA RTX 3070 8GB,GPU,NVIDIA,CUS0268,2024-07-03,21:38:59,2024,7,499.99,215,2,0.15,849.98,484.48,57.0,In-Store,Debit Card,Completed,Tatiana
312,ORD00120,PRD022,ASUS ROG Strix Z690-A,Motherboard,ASUS,CUS0143,2024-02-02,16:38:27,2024,2,319.99,137,1,0.25,239.99,137.24,57.2,Online,PIX,Completed,Juliana
313,ORD00120,PRD005,Samsung 870 EVO 1TB,Storage,Samsung,CUS0143,2024-02-02,16:38:27,2024,2,129.99,56,1,0.0,129.99,73.99,56.9,Marketplace,Debit Card,Completed,Juliana
314,ORD00120,PRD030,Intel Core i5-13600K,Processor,Intel,CUS0143,2024-02-02,16:38:27,2024,2,279.99,120,3,0.1,755.97,431.97,57.1,Reseller,Bank Transfer,Completed,Juliana
315,ORD00120,PRD035,AMD Ryzen 7 5800X3D,Processor,AMD,CUS0143,2024-02-02,16:38:27,2024,2,349.99,150,1,0.1,314.99,179.99,57.1,Phone,Cash,Completed,Juliana
316,ORD00121,PRD019,Kingston Fury Beast 16GB DDR4,Memory,Kingston,CUS0401,2022-05-17,14:56:03,2022,5,54.99,23,3,0.0,164.97,95.97,58.2,Reseller,Bank Transfer,Completed,Isabela
317,ORD00122,PRD037,AMD Ryzen 9 7900X,Processor,AMD,CUS0493,2022-09-07,08:08:21,2022,9,549.99,236,1,0.0,549.99,313.99,57.1,Online,Boleto,Completed,Sandra
318,ORD00122,PRD003,Kingston A400 960GB,Storage,Kingston,CUS0493,2022-09-07,08:08:21,2022,9,89.99,38,1,0.0,89.99,51.99,57.8,Marketplace,Credit Card,Completed,Sandra
319,ORD00122,PRD048,Corsair RM750 Modular,PSU,Corsair,CUS0493,2022-09-07,08:08:21,2022,9,109.99,47,3,0.05,313.47,179.52,57.3,In-Store,Credit Card,Completed,Sandra
320,ORD00123,PRD004,Samsung 870 EVO 500GB,Storage,Samsung,CUS0311,2024-04-19,14:19:19,2024,4,79.99,34,1,0.1,71.99,41.39,57.5,Marketplace,Cash,Completed,Viviane
321,ORD00123,PRD014,Corsair Vengeance 16GB DDR4,Memory,Corsair,CUS0311,2024-04-19,14:19:19,2024,4,59.99,25,1,0.0,59.99,34.99,58.3,Marketplace,Boleto,Completed,Viviane
322,ORD00123,PRD049,Corsair RM850 Modular,PSU,Corsair,CUS0311,2024-04-19,14:19:19,2024,4,139.99,60,1,0.1,125.99,71.99,57.1,Reseller,PIX,Completed,Viviane
323,ORD00124,PRD059,Cooler Master Hyper 212,Cooler,Cooler Master,CUS0207,2022-03-05,10:48:36,2022,3,39.99,17,1,0.0,39.99,22.99,57.5,In-Store,Boleto,Completed,Isabela
324,ORD00124,PRD051,be quiet! Straight Power 850W,PSU,be quiet!,CUS0207,2022-03-05,10:48:36,2022,3,169.99,73,1,0.0,169.99,96.99,57.1,Phone,Debit Card,Completed,Isabela
325,ORD00124,PRD047,Corsair RM650 Modular,PSU,Corsair,CUS0207,2022-03-05,10:48:36,2022,3,89.99,38,1,0.15,76.49,44.19,57.8,Phone,Boleto,Completed,Isabela
326,ORD00124,PRD043,NVIDIA RTX 4080 16GB,GPU,NVIDIA,CUS0207,2022-03-05,10:48:36,2022,3,1199.99,516,1,0.0,1199.99,683.99,57.0,Online,Credit Card,Completed,Isabela
327,ORD00125,PRD013,Corsair Vengeance 8GB DDR4,Memory,Corsair,CUS0455,2023-01-22,17:37:41,2023,1,29.99,12,3,0.05,85.47,51.27,60.0,Reseller,Cash,Completed,Natalia
328,ORD00125,PRD005,Samsung 870 EVO 1TB,Storage,Samsung,CUS0455,2023-01-22,17:37:41,2023,1,129.99,56,1,0.0,129.99,73.99,56.9,Phone,PIX,Completed,Natalia
329,ORD00125,PRD033,AMD Ryzen 5 5600X,Processor,AMD,CUS0455,2023-01-22,17:37:41,2023,1,229.99,98,2,0.05,436.98,250.78,57.4,Marketplace,Cash,Completed,Natalia
330,ORD00126,PRD024,MSI MAG B550M MORTAR,Motherboard,MSI,CUS0147,2022-05-30,11:05:24,2022,5,129.99,55,1,0.2,103.99,59.99,57.7,Phone,Bank Transfer,Completed,Maria
331,ORD00126,PRD020,Kingston Fury Beast 32GB DDR4,Memory,Kingston,CUS0147,2022-05-30,11:05:24,2022,5,99.99,43,2,0.25,149.98,85.48,57.0,Marketplace,Boleto,Completed,Maria
332,ORD00126,PRD034,AMD Ryzen 5 7600X,Processor,AMD,CUS0147,2022-05-30,11:05:24,2022,5,249.99,107,2,0.05,474.98,271.68,57.2,Online,Boleto,Completed,Maria
333,ORD00126,PRD022,ASUS ROG Strix Z690-A,Motherboard,ASUS,CUS0147,2022-05-30,11:05:24,2022,5,319.99,137,1,0.0,319.99,182.99,57.2,Phone,Boleto,Completed,Maria
334,ORD00127,PRD043,NVIDIA RTX 4080 16GB,GPU,NVIDIA,CUS0119,2023-07-27,12:18:52,2023,7,1199.99,516,1,0.15,1019.99,581.39,57.0,Reseller,Debit Card,Completed,Gustavo
335,ORD00127,PRD058,DeepCool AK620,Cooler,DeepCool,CUS0119,2023-07-27,12:18:52,2023,7,54.99,23,1,0.05,52.24,30.39,58.2,In-Store,PIX,Completed,Gustavo
336,ORD00127,PRD023,ASUS TUF Gaming B660M,Motherboard,ASUS,CUS0119,2023-07-27,12:18:52,2023,7,159.99,68,1,0.05,151.99,87.39,57.5,In-Store,Boleto,Completed,Gustavo
337,ORD00128,PRD008,Samsung 970 EVO 2TB,Storage,Samsung,CUS0417,2022-02-17,08:03:50,2022,2,219.99,94,1,0.0,219.99,125.99,57.3,Online,Boleto,Completed,Claudia
338,ORD00128,PRD019,Kingston Fury Beast 16GB DDR4,Memory,Kingston,CUS0417,2022-02-17,08:03:50,2022,2,54.99,23,1,0.0,54.99,31.99,58.2,Online,Debit Card,Completed,Claudia
339,ORD00129,PRD017,G.Skill Trident Z5 32GB DDR5,Memory,G.Skill,CUS0467,2023-09-02,20:02:17,2023,9,149.99,64,1,0.25,112.49,64.49,57.3,In-Store,Bank Transfer,Completed,Larissa
340,ORD00129,PRD019,Kingston Fury Beast 16GB DDR4,Memory,Kingston,CUS0467,2023-09-02,20:02:17,2023,9,54.99,23,4,0.25,164.97,95.97,58.2,Online,Boleto,Completed,Larissa
341,ORD00130,PRD022,ASUS ROG Strix Z690-A,Motherboard,ASUS,CUS0326,2022-06-09,22:46:44,2022,6,319.99,137,1,0.15,271.99,155.54,57.2,In-Store,Credit Card,Completed,Beatriz
342,ORD00130,PRD002,Kingston A400 480GB,Storage,Kingston,CUS0326,2022-06-09,22:46:44,2022,6,49.99,21,1,0.0,49.99,28.99,58.0,Reseller,Boleto,Completed,Beatriz
343,ORD00131,PRD021,ASUS ROG Strix B550-F,Motherboard,ASUS,CUS0421,2024-02-25,14:13:05,2024,2,219.99,94,3,0.05,626.97,359.07,57.3,Online,Credit Card,Completed,Felipe
344,ORD00131,PRD011,Seagate Barracuda 2TB,Storage,Seagate,CUS0421,2024-02-25,14:13:05,2024,2,54.99,23,2,0.05,104.48,60.78,58.2,Phone,PIX,Completed,Felipe
345,ORD00131,PRD059,Cooler Master Hyper 212,Cooler,Cooler Master,CUS0421,2024-02-25,14:13:05,2024,2,39.99,17,1,0.0,39.99,22.99,57.5,Marketplace,Credit Card,Completed,Felipe
346,ORD00131,PRD005,Samsung 870 EVO 1TB,Storage,Samsung,CUS0421,2024-02-25,14:13:05,2024,2,129.99,56,1,0.15,110.49,62.89,56.9,Phone,Credit Card,Completed,Felipe
347,ORD00132,PRD044,AMD RX 6600 8GB,GPU,AMD,CUS0323,2024-05-10,19:03:45,2024,5,289.99,124,1,0.25,217.49,124.49,57.2,Reseller,Debit Card,Completed,Leandro
348,ORD00132,PRD052,Thermaltake Toughpower 1000W,PSU,Thermaltake,CUS0323,2024-05-10,19:03:45,2024,5,189.99,81,4,0.05,721.96,414.16,57.4,Reseller,PIX,Completed,Leandro
349,ORD00133,PRD026,Gigabyte B550 AORUS Elite,Motherboard,Gigabyte,CUS0472,2024-08-06,20:07:29,2024,8,169.99,72,2,0.0,339.98,195.98,57.6,Marketplace,Cash,Completed,Adriana
350,ORD00133,PRD027,Gigabyte Z790 AORUS Master,Motherboard,Gigabyte,CUS0472,2024-08-06,20:07:29,2024,8,449.99,193,1,0.15,382.49,218.44,57.1,Reseller,Bank Transfer,Completed,Adriana
351,ORD00133,PRD034,AMD Ryzen 5 7600X,Processor,AMD,CUS0472,2024-08-06,20:07:29,2024,8,249.99,107,2,0.05,474.98,271.68,57.2,In-Store,Boleto,Completed,Adriana
352,ORD00133,PRD050,EVGA SuperNOVA 650W,PSU,EVGA,CUS0472,2024-08-06,20:07:29,2024,8,89.99,38,1,0.05,85.49,49.39,57.8,Online,Bank Transfer,Completed,Adriana
353,ORD00134,PRD011,Seagate Barracuda 2TB,Storage,Seagate,CUS0048,2024-07-29,11:27:14,2024,7,54.99,23,1,0.0,54.99,31.99,58.2,Reseller,Boleto,Completed,Tatiana
354,ORD00134,PRD033,AMD Ryzen 5 5600X,Processor,AMD,CUS0048,2024-07-29,11:27:14,2024,7,229.99,98,1,0.2,183.99,105.59,57.4,In-Store,Debit Card,Completed,Tatiana
355,ORD00135,PRD037,AMD Ryzen 9 7900X,Processor,AMD,CUS0032,2023-11-01,17:45:31,2023,11,549.99,236,4,0.0,2199.96,1255.96,57.1,Reseller,Bank Transfer,Completed,Leticia
356,ORD00136,PRD007,Samsung 970 EVO 1TB,Storage,Samsung,CUS0339,2023-10-19,09:04:24,2023,10,119.99,51,1,0.2,95.99,55.19,57.5,Online,Debit Card,Completed,André
357,ORD00137,PRD003,Kingston A400 960GB,Storage,Kingston,CUS0344,2024-07-24,20:08:38,2024,7,89.99,38,1,0.05,85.49,49.39,57.8,Phone,Boleto,Completed,Isabela
358,ORD00137,PRD004,Samsung 870 EVO 500GB,Storage,Samsung,CUS0344,2024-07-24,20:08:38,2024,7,79.99,34,1,0.2,63.99,36.79,57.5,Reseller,Bank Transfer,Completed,Isabela
359,ORD00138,PRD019,Kingston Fury Beast 16GB DDR4,Memory,Kingston,CUS0410,2024-06-17,14:03:51,2024,6,54.99,23,3,0.05,156.72,91.17,58.2,Marketplace,Debit Card,Completed,Henrique
360,ORD00139,PRD046,AMD RX 7900 XTX 24GB,GPU,AMD,CUS0106,2022-12-09,17:28:29,2022,12,999.99,430,2,0.0,1999.98,1139.98,57.0,Phone,PIX,Completed,Cristina
361,ORD00139,PRD038,NVIDIA RTX 3060 12GB,GPU,NVIDIA,CUS0106,2022-12-09,17:28:29,2022,12,329.99,141,1,0.15,280.49,160.64,57.3,Marketplace,Boleto,Completed,Cristina
362,ORD00139,PRD028,Intel Core i3-12100,Processor,Intel,CUS0106,2022-12-09,17:28:29,2022,12,119.99,51,2,0.15,203.98,117.28,57.5,Marketplace,PIX,Completed,Cristina
363,ORD00139,PRD050,EVGA SuperNOVA 650W,PSU,EVGA,CUS0106,2022-12-09,17:28:29,2022,12,89.99,38,1,0.05,85.49,49.39,57.8,Reseller,Boleto,Completed,Cristina
364,ORD00140,PRD012,Seagate Barracuda 4TB,Storage,Seagate,CUS0459,2022-07-04,09:23:48,2022,7,89.99,38,2,0.05,170.98,98.78,57.8,Phone,Debit Card,Completed,Maria
365,ORD00140,PRD002,Kingston A400 480GB,Storage,Kingston,CUS0459,2022-07-04,09:23:48,2022,7,49.99,21,1,0.05,47.49,27.54,58.0,In-Store,Cash,Completed,Maria
366,ORD00140,PRD017,G.Skill Trident Z5 32GB DDR5,Memory,G.Skill,CUS0459,2022-07-04,09:23:48,2022,7,149.99,64,1,0.0,149.99,85.99,57.3,Phone,PIX,Completed,Maria
367,ORD00140,PRD048,Corsair RM750 Modular,PSU,Corsair,CUS0459,2022-07-04,09:23:48,2022,7,109.99,47,1,0.2,87.99,50.39,57.3,Reseller,Cash,Completed,Maria
368,ORD00141,PRD009,WD Black SN850 1TB,Storage,WD,CUS0339,2024-07-17,17:59:37,2024,7,109.99,47,2,0.0,219.98,125.98,57.3,Reseller,Bank Transfer,Completed,André
369,ORD00142,PRD056,Corsair H150i Elite 360mm,Cooler,Corsair,CUS0125,2024-07-15,18:18:41,2024,7,169.99,73,1,0.25,127.49,72.74,57.1,Online,Cash,Completed,Sergio
370,ORD00142,PRD006,Samsung 970 EVO 500GB,Storage,Samsung,CUS0125,2024-07-15,18:18:41,2024,7,69.99,29,1,0.0,69.99,40.99,58.6,Marketplace,Cash,Completed,Sergio
371,ORD00143,PRD017,G.Skill Trident Z5 32GB DDR5,Memory,G.Skill,CUS0004,2024-05-25,22:38:26,2024,5,149.99,64,1,0.2,119.99,68.79,57.3,Reseller,Boleto,Completed,Leandro
372,ORD00144,PRD044,AMD RX 6600 8GB,GPU,AMD,CUS0132,2024-05-13,12:25:13,2024,5,289.99,124,1,0.25,217.49,124.49,57.2,Phone,Bank Transfer,Completed,Cristina
373,ORD00145,PRD043,NVIDIA RTX 4080 16GB,GPU,NVIDIA,CUS0086,2024-01-12,11:11:17,2024,1,1199.99,516,1,0.15,1019.99,581.39,57.0,In-Store,Debit Card,Completed,Daniela
374,ORD00146,PRD058,DeepCool AK620,Cooler,DeepCool,CUS0092,2022-03-27,19:02:06,2022,3,54.99,23,3,0.25,123.73,71.98,58.2,Marketplace,Debit Card,Completed,Paulo
375,ORD00146,PRD048,Corsair RM750 Modular,PSU,Corsair,CUS0092,2022-03-27,19:02:06,2022,3,109.99,47,1,0.05,104.49,59.84,57.3,Marketplace,Cash,Completed,Paulo
376,ORD00146,PRD005,Samsung 870 EVO 1TB,Storage,Samsung,CUS0092,2022-03-27,19:02:06,2022,3,129.99,56,1,0.2,103.99,59.19,56.9,Reseller,Boleto,Completed,Paulo
377,ORD00146,PRD010,WD Blue 1TB HDD,Storage,WD,CUS0092,2022-03-27,19:02:06,2022,3,44.99,19,1,0.0,44.99,25.99,57.8,Marketplace,Bank Transfer,Completed,Paulo
378,ORD00147,PRD055,Corsair H100i RGB 240mm,Cooler,Corsair,CUS0224,2023-08-02,19:52:11,2023,8,129.99,56,1,0.0,129.99,73.99,56.9,Online,Bank Transfer,Completed,Ana
379,ORD00147,PRD017,G.Skill Trident Z5 32GB DDR5,Memory,G.Skill,CUS0224,2023-08-02,19:52:11,2023,8,149.99,64,3,0.05,427.47,245.07,57.3,Marketplace,Debit Card,Completed,Ana
380,ORD00147,PRD030,Intel Core i5-13600K,Processor,Intel,CUS0224,2023-08-02,19:52:11,2023,8,279.99,120,2,0.15,475.98,271.98,57.1,Marketplace,PIX,Completed,Ana
381,ORD00148,PRD007,Samsung 970 EVO 1TB,Storage,Samsung,CUS0423,2024-12-13,10:40:10,2024,12,119.99,51,2,0.05,227.98,131.08,57.5,In-Store,Boleto,Completed,Patricia
382,ORD00149,PRD009,WD Black SN850 1TB,Storage,WD,CUS0312,2023-07-02,20:38:08,2023,7,109.99,47,2,0.0,219.98,125.98,57.3,Reseller,Boleto,Completed,Daniela
383,ORD00149,PRD003,Kingston A400 960GB,Storage,Kingston,CUS0312,2023-07-02,20:38:08,2023,7,89.99,38,1,0.0,89.99,51.99,57.8,Reseller,PIX,Completed,Daniela
384,ORD00150,PRD014,Corsair Vengeance 16GB DDR4,Memory,Corsair,CUS0133,2022-01-27,19:47:00,2022,1,59.99,25,2,0.05,113.98,66.48,58.3,Phone,Debit Card,Completed,Carlos
385,ORD00150,PRD010,WD Blue 1TB HDD,Storage,WD,CUS0133,2022-01-27,19:47:00,2022,1,44.99,19,3,0.05,128.22,74.07,57.8,Marketplace,Credit Card,Completed,Carlos
386,ORD00151,PRD045,AMD RX 6700 XT 12GB,GPU,AMD,CUS0031,2022-05-14,17:42:11,2022,5,399.99,172,1,0.1,359.99,205.19,57.0,Phone,Bank Transfer,Completed,Leticia
387,ORD00151,PRD025,MSI PRO Z690-A,Motherboard,MSI,CUS0031,2022-05-14,17:42:11,2022,5,189.99,81,2,0.1,341.98,196.18,57.4,Reseller,Boleto,Completed,Leticia
388,ORD00152,PRD023,ASUS TUF Gaming B660M,Motherboard,ASUS,CUS0061,2023-05-12,10:53:28,2023,5,159.99,68,1,0.0,159.99,91.99,57.5,In-Store,Cash,Completed,Marcelo
389,ORD00153,PRD035,AMD Ryzen 7 5800X3D,Processor,AMD,CUS0482,2024-08-27,13:07:22,2024,8,349.99,150,2,0.0,699.98,399.98,57.1,Phone,Boleto,Completed,Felipe
390,ORD00153,PRD055,Corsair H100i RGB 240mm,Cooler,Corsair,CUS0482,2024-08-27,13:07:22,2024,8,129.99,56,1,0.1,116.99,66.59,56.9,In-Store,Boleto,Completed,Felipe
391,ORD00154,PRD041,NVIDIA RTX 4060 8GB,GPU,NVIDIA,CUS0494,2024-11-20,08:11:05,2024,11,299.99,129,1,0.0,299.99,170.99,57.0,Online,Debit Card,Completed,Carlos
392,ORD00154,PRD026,Gigabyte B550 AORUS Elite,Motherboard,Gigabyte,CUS0494,2024-11-20,08:11:05,2024,11,169.99,72,2,0.0,339.98,195.98,57.6,In-Store,Boleto,Completed,Carlos
393,ORD00154,PRD029,Intel Core i5-12400,Processor,Intel,CUS0494,2024-11-20,08:11:05,2024,11,199.99,86,1,0.15,169.99,96.89,57.0,Phone,PIX,Completed,Carlos
394,ORD00155,PRD049,Corsair RM850 Modular,PSU,Corsair,CUS0361,2022-09-16,09:51:52,2022,9,139.99,60,1,0.0,139.99,79.99,57.1,In-Store,PIX,Completed,Renata
395,ORD00155,PRD010,WD Blue 1TB HDD,Storage,WD,CUS0361,2022-09-16,09:51:52,2022,9,44.99,19,1,0.0,44.99,25.99,57.8,Reseller,Debit Card,Completed,Renata
396,ORD00155,PRD014,Corsair Vengeance 16GB DDR4,Memory,Corsair,CUS0361,2022-09-16,09:51:52,2022,9,59.99,25,1,0.0,59.99,34.99,58.3,Reseller,Boleto,Completed,Renata
397,ORD00156,PRD016,G.Skill Trident Z5 16GB DDR5,Memory,G.Skill,CUS0491,2024-08-24,11:52:30,2024,8,79.99,34,1,0.0,79.99,45.99,57.5,Online,Boleto,Completed,Ana
398,ORD00156,PRD003,Kingston A400 960GB,Storage,Kingston,CUS0491,2024-08-24,11:52:30,2024,8,89.99,38,2,0.1,161.98,93.58,57.8,Marketplace,Credit Card,Completed,Ana
399,ORD00156,PRD046,AMD RX 7900 XTX 24GB,GPU,AMD,CUS0491,2024-08-24,11:52:30,2024,8,999.99,430,1,0.1,899.99,512.99,57.0,Phone,PIX,Completed,Ana
400,ORD00156,PRD022,ASUS ROG Strix Z690-A,Motherboard,ASUS,CUS0491,2024-08-24,11:52:30,2024,8,319.99,137,2,0.05,607.98,347.68,57.2,Online,Debit Card,Completed,Ana
401,ORD00157,PRD012,Seagate Barracuda 4TB,Storage,Seagate,CUS0333,2023-08-06,17:14:10,2023,8,89.99,38,1,0.1,80.99,46.79,57.8,Marketplace,Credit Card,Completed,Juliana
402,ORD00157,PRD022,ASUS ROG Strix Z690-A,Motherboard,ASUS,CUS0333,2023-08-06,17:14:10,2023,8,319.99,137,4,0.05,1215.96,695.36,57.2,Marketplace,Boleto,Completed,Juliana
403,ORD00158,PRD031,Intel Core i7-12700K,Processor,Intel,CUS0306,2024-11-12,13:22:22,2024,11,369.99,159,1,0.0,369.99,210.99,57.0,Marketplace,Bank Transfer,Completed,Paulo
404,ORD00158,PRD042,NVIDIA RTX 4070 12GB,GPU,NVIDIA,CUS0306,2024-11-12,13:22:22,2024,11,599.99,258,1,0.0,599.99,341.99,57.0,In-Store,Boleto,Completed,Paulo
405,ORD00158,PRD060,Thermaltake UX200 ARGB,Cooler,Thermaltake,CUS0306,2024-11-12,13:22:22,2024,11,34.99,15,2,0.0,69.98,39.98,57.1,In-Store,Debit Card,Completed,Paulo
406,ORD00159,PRD036,AMD Ryzen 9 5900X,Processor,AMD,CUS0384,2022-04-09,15:00:21,2022,4,449.99,193,1,0.0,449.99,256.99,57.1,Marketplace,Boleto,Completed,Lucas
407,ORD00159,PRD011,Seagate Barracuda 2TB,Storage,Seagate,CUS0384,2022-04-09,15:00:21,2022,4,54.99,23,1,0.0,54.99,31.99,58.2,Marketplace,Boleto,Completed,Lucas
408,ORD00160,PRD019,Kingston Fury Beast 16GB DDR4,Memory,Kingston,CUS0067,2022-06-06,22:55:06,2022,6,54.99,23,1,0.1,49.49,28.79,58.2,Phone,Debit Card,Completed,Maria
409,ORD00161,PRD035,AMD Ryzen 7 5800X3D,Processor,AMD,CUS0421,2024-04-22,19:08:57,2024,4,349.99,150,3,0.1,944.97,539.97,57.1,In-Store,Debit Card,Completed,Felipe
410,ORD00161,PRD022,ASUS ROG Strix Z690-A,Motherboard,ASUS,CUS0421,2024-04-22,19:08:57,2024,4,319.99,137,3,0.05,911.97,521.52,57.2,Online,Cash,Completed,Felipe
411,ORD00161,PRD045,AMD RX 6700 XT 12GB,GPU,AMD,CUS0421,2024-04-22,19:08:57,2024,4,399.99,172,1,0.0,399.99,227.99,57.0,Phone,PIX,Completed,Felipe
412,ORD00162,PRD026,Gigabyte B550 AORUS Elite,Motherboard,Gigabyte,CUS0357,2023-11-07,16:32:28,2023,11,169.99,72,2,0.15,288.98,166.58,57.6,Reseller,Bank Transfer,Completed,Fabio
413,ORD00162,PRD043,NVIDIA RTX 4080 16GB,GPU,NVIDIA,CUS0357,2023-11-07,16:32:28,2023,11,1199.99,516,1,0.05,1139.99,649.79,57.0,Phone,Boleto,Completed,Fabio
414,ORD00163,PRD048,Corsair RM750 Modular,PSU,Corsair,CUS0263,2024-03-16,16:31:47,2024,3,109.99,47,1,0.0,109.99,62.99,57.3,In-Store,Cash,Completed,Sergio
415,ORD00163,PRD046,AMD RX 7900 XTX 24GB,GPU,AMD,CUS0263,2024-03-16,16:31:47,2024,3,999.99,430,2,0.0,1999.98,1139.98,57.0,Marketplace,Cash,Completed,Sergio
416,ORD00164,PRD023,ASUS TUF Gaming B660M,Motherboard,ASUS,CUS0440,2024-04-24,18:38:36,2024,4,159.99,68,2,0.0,319.98,183.98,57.5,In-Store,Boleto,Completed,Larissa
417,ORD00164,PRD010,WD Blue 1TB HDD,Storage,WD,CUS0440,2024-04-24,18:38:36,2024,4,44.99,19,1,0.05,42.74,24.69,57.8,Phone,Bank Transfer,Completed,Larissa
418,ORD00165,PRD009,WD Black SN850 1TB,Storage,WD,CUS0479,2023-05-08,16:15:43,2023,5,109.99,47,1,0.2,87.99,50.39,57.3,Phone,Bank Transfer,Completed,Alexandre
419,ORD00166,PRD059,Cooler Master Hyper 212,Cooler,Cooler Master,CUS0137,2023-12-14,18:24:06,2023,12,39.99,17,2,0.05,75.98,43.68,57.5,Online,Bank Transfer,Completed,Leonardo
420,ORD00166,PRD003,Kingston A400 960GB,Storage,Kingston,CUS0137,2023-12-14,18:24:06,2023,12,89.99,38,2,0.0,179.98,103.98,57.8,Reseller,Bank Transfer,Completed,Leonardo
421,ORD00166,PRD008,Samsung 970 EVO 2TB,Storage,Samsung,CUS0137,2023-12-14,18:24:06,2023,12,219.99,94,1,0.0,219.99,125.99,57.3,In-Store,Boleto,Completed,Leonardo
422,ORD00166,PRD055,Corsair H100i RGB 240mm,Cooler,Corsair,CUS0137,2023-12-14,18:24:06,2023,12,129.99,56,1,0.05,123.49,70.29,56.9,Marketplace,Cash,Completed,Leonardo
423,ORD00167,PRD052,Thermaltake Toughpower 1000W,PSU,Thermaltake,CUS0399,2024-02-16,15:20:53,2024,2,189.99,81,1,0.05,180.49,103.54,57.4,Phone,PIX,Completed,Sergio
424,ORD00167,PRD057,NZXT Kraken X73 360mm,Cooler,NZXT,CUS0399,2024-02-16,15:20:53,2024,2,189.99,81,1,0.0,189.99,108.99,57.4,Phone,Cash,Completed,Sergio
425,ORD00168,PRD038,NVIDIA RTX 3060 12GB,GPU,NVIDIA,CUS0149,2024-05-28,16:29:51,2024,5,329.99,141,1,0.15,280.49,160.64,57.3,Online,PIX,Completed,Alexandre
426,ORD00168,PRD009,WD Black SN850 1TB,Storage,WD,CUS0149,2024-05-28,16:29:51,2024,5,109.99,47,1,0.1,98.99,56.69,57.3,Phone,PIX,Completed,Alexandre
427,ORD00168,PRD050,EVGA SuperNOVA 650W,PSU,EVGA,CUS0149,2024-05-28,16:29:51,2024,5,89.99,38,2,0.0,179.98,103.98,57.8,Marketplace,Credit Card,Completed,Alexandre
428,ORD00169,PRD040,NVIDIA RTX 3080 10GB,GPU,NVIDIA,CUS0186,2023-04-25,08:49:11,2023,4,699.99,301,2,0.0,1399.98,797.98,57.0,In-Store,PIX,Completed,Thiago
429,ORD00169,PRD007,Samsung 970 EVO 1TB,Storage,Samsung,CUS0186,2023-04-25,08:49:11,2023,4,119.99,51,1,0.1,107.99,62.09,57.5,In-Store,Boleto,Completed,Thiago
430,ORD00169,PRD028,Intel Core i3-12100,Processor,Intel,CUS0186,2023-04-25,08:49:11,2023,4,119.99,51,4,0.0,479.96,275.96,57.5,In-Store,Debit Card,Completed,Thiago
431,ORD00170,PRD032,Intel Core i9-12900K,Processor,Intel,CUS0434,2024-03-23,12:05:53,2024,3,569.99,245,2,0.05,1082.98,617.48,57.0,Marketplace,Bank Transfer,Completed,Adriana
432,ORD00170,PRD001,Kingston A400 240GB,Storage,Kingston,CUS0434,2024-03-23,12:05:53,2024,3,29.99,13,1,0.0,29.99,16.99,56.7,Phone,Credit Card,Completed,Adriana
433,ORD00170,PRD060,Thermaltake UX200 ARGB,Cooler,Thermaltake,CUS0434,2024-03-23,12:05:53,2024,3,34.99,15,1,0.1,31.49,17.99,57.1,In-Store,Cash,Completed,Adriana
434,ORD00171,PRD057,NZXT Kraken X73 360mm,Cooler,NZXT,CUS0035,2024-05-03,22:31:39,2024,5,189.99,81,4,0.0,759.96,435.96,57.4,Phone,Bank Transfer,Completed,Roberto
435,ORD00171,PRD030,Intel Core i5-13600K,Processor,Intel,CUS0035,2024-05-03,22:31:39,2024,5,279.99,120,1,0.2,223.99,127.99,57.1,Online,Credit Card,Completed,Roberto
436,ORD00171,PRD042,NVIDIA RTX 4070 12GB,GPU,NVIDIA,CUS0035,2024-05-03,22:31:39,2024,5,599.99,258,1,0.0,599.99,341.99,57.0,In-Store,Boleto,Completed,Roberto
437,ORD00171,PRD045,AMD RX 6700 XT 12GB,GPU,AMD,CUS0035,2024-05-03,22:31:39,2024,5,399.99,172,1,0.0,399.99,227.99,57.0,Reseller,Bank Transfer,Completed,Roberto
438,ORD00172,PRD043,NVIDIA RTX 4080 16GB,GPU,NVIDIA,CUS0256,2023-08-02,08:29:27,2023,8,1199.99,516,1,0.0,1199.99,683.99,57.0,Reseller,Credit Card,Completed,Pedro
439,ORD00172,PRD041,NVIDIA RTX 4060 8GB,GPU,NVIDIA,CUS0256,2023-08-02,08:29:27,2023,8,299.99,129,1,0.05,284.99,162.44,57.0,Online,PIX,Completed,Pedro
440,ORD00173,PRD042,NVIDIA RTX 4070 12GB,GPU,NVIDIA,CUS0013,2022-07-17,14:35:34,2022,7,599.99,258,3,0.0,1799.97,1025.97,57.0,In-Store,Boleto,Completed,Marcelo
441,ORD00173,PRD019,Kingston Fury Beast 16GB DDR4,Memory,Kingston,CUS0013,2022-07-17,14:35:34,2022,7,54.99,23,1,0.25,41.24,23.99,58.2,In-Store,PIX,Completed,Marcelo
442,ORD00174,PRD022,ASUS ROG Strix Z690-A,Motherboard,ASUS,CUS0122,2022-08-18,20:10:30,2022,8,319.99,137,3,0.2,767.98,439.18,57.2,Reseller,Cash,Completed,Claudia
443,ORD00174,PRD060,Thermaltake UX200 ARGB,Cooler,Thermaltake,CUS0122,2022-08-18,20:10:30,2022,8,34.99,15,3,0.1,94.47,53.97,57.1,Marketplace,Bank Transfer,Completed,Claudia
444,ORD00174,PRD030,Intel Core i5-13600K,Processor,Intel,CUS0122,2022-08-18,20:10:30,2022,8,279.99,120,2,0.1,503.98,287.98,57.1,In-Store,Cash,Completed,Claudia
445,ORD00174,PRD019,Kingston Fury Beast 16GB DDR4,Memory,Kingston,CUS0122,2022-08-18,20:10:30,2022,8,54.99,23,2,0.0,109.98,63.98,58.2,Phone,Boleto,Completed,Claudia
446,ORD00175,PRD028,Intel Core i3-12100,Processor,Intel,CUS0179,2022-12-26,11:28:38,2022,12,119.99,51,1,0.15,101.99,58.64,57.5,Online,Credit Card,Completed,Viviane
447,ORD00176,PRD044,AMD RX 6600 8GB,GPU,AMD,CUS0155,2022-05-12,13:54:59,2022,5,289.99,124,1,0.1,260.99,149.39,57.2,Marketplace,Debit Card,Completed,Ana
448,ORD00176,PRD012,Seagate Barracuda 4TB,Storage,Seagate,CUS0155,2022-05-12,13:54:59,2022,5,89.99,38,1,0.0,89.99,51.99,57.8,Phone,Debit Card,Completed,Ana
449,ORD00176,PRD041,NVIDIA RTX 4060 8GB,GPU,NVIDIA,CUS0155,2022-05-12,13:54:59,2022,5,299.99,129,1,0.05,284.99,162.44,57.0,Reseller,Bank Transfer,Completed,Ana
450,ORD00176,PRD013,Corsair Vengeance 8GB DDR4,Memory,Corsair,CUS0155,2022-05-12,13:54:59,2022,5,29.99,12,2,0.1,53.98,32.38,60.0,Online,Boleto,Completed,Ana
451,ORD00177,PRD055,Corsair H100i RGB 240mm,Cooler,Corsair,CUS0458,2023-09-04,22:49:36,2023,9,129.99,56,1,0.05,123.49,70.29,56.9,In-Store,Debit Card,Completed,Aline
452,ORD00177,PRD042,NVIDIA RTX 4070 12GB,GPU,NVIDIA,CUS0458,2023-09-04,22:49:36,2023,9,599.99,258,1,0.15,509.99,290.69,57.0,Phone,Cash,Completed,Aline
453,ORD00178,PRD011,Seagate Barracuda 2TB,Storage,Seagate,CUS0311,2024-06-16,20:42:34,2024,6,54.99,23,2,0.0,109.98,63.98,58.2,Online,Debit Card,Completed,Viviane
454,ORD00178,PRD007,Samsung 970 EVO 1TB,Storage,Samsung,CUS0311,2024-06-16,20:42:34,2024,6,119.99,51,1,0.0,119.99,68.99,57.5,Phone,Debit Card,Completed,Viviane
455,ORD00179,PRD028,Intel Core i3-12100,Processor,Intel,CUS0070,2022-11-17,20:19:51,2022,11,119.99,51,2,0.0,239.98,137.98,57.5,Phone,Credit Card,Completed,Rafael
456,ORD00179,PRD014,Corsair Vengeance 16GB DDR4,Memory,Corsair,CUS0070,2022-11-17,20:19:51,2022,11,59.99,25,4,0.0,239.96,139.96,58.3,In-Store,Bank Transfer,Completed,Rafael
457,ORD00179,PRD033,AMD Ryzen 5 5600X,Processor,AMD,CUS0070,2022-11-17,20:19:51,2022,11,229.99,98,3,0.0,689.97,395.97,57.4,In-Store,PIX,Completed,Rafael
458,ORD00179,PRD002,Kingston A400 480GB,Storage,Kingston,CUS0070,2022-11-17,20:19:51,2022,11,49.99,21,1,0.05,47.49,27.54,58.0,Marketplace,Credit Card,Completed,Rafael
459,ORD00180,PRD035,AMD Ryzen 7 5800X3D,Processor,AMD,CUS0142,2024-12-28,09:59:11,2024,12,349.99,150,3,0.25,787.48,449.98,57.1,Online,Debit Card,Completed,Leticia
460,ORD00180,PRD039,NVIDIA RTX 3070 8GB,GPU,NVIDIA,CUS0142,2024-12-28,09:59:11,2024,12,499.99,215,2,0.15,849.98,484.48,57.0,Phone,Boleto,Completed,Leticia
461,ORD00180,PRD028,Intel Core i3-12100,Processor,Intel,CUS0142,2024-12-28,09:59:11,2024,12,119.99,51,1,0.0,119.99,68.99,57.5,Online,Cash,Completed,Leticia
462,ORD00180,PRD014,Corsair Vengeance 16GB DDR4,Memory,Corsair,CUS0142,2024-12-28,09:59:11,2024,12,59.99,25,1,0.1,53.99,31.49,58.3,Marketplace,Credit Card,Completed,Leticia
463,ORD00181,PRD056,Corsair H150i Elite 360mm,Cooler,Corsair,CUS0455,2023-09-21,20:52:47,2023,9,169.99,73,1,0.05,161.49,92.14,57.1,Reseller,Cash,Completed,Natalia
464,ORD00182,PRD026,Gigabyte B550 AORUS Elite,Motherboard,Gigabyte,CUS0201,2022-08-27,09:07:38,2022,8,169.99,72,1,0.1,152.99,88.19,57.6,Marketplace,PIX,Completed,Bruno
465,ORD00182,PRD008,Samsung 970 EVO 2TB,Storage,Samsung,CUS0201,2022-08-27,09:07:38,2022,8,219.99,94,1,0.15,186.99,107.09,57.3,Online,Cash,Completed,Bruno
466,ORD00182,PRD057,NZXT Kraken X73 360mm,Cooler,NZXT,CUS0201,2022-08-27,09:07:38,2022,8,189.99,81,1,0.0,189.99,108.99,57.4,Reseller,Bank Transfer,Completed,Bruno
467,ORD00183,PRD006,Samsung 970 EVO 500GB,Storage,Samsung,CUS0251,2023-01-23,13:47:04,2023,1,69.99,29,1,0.0,69.99,40.99,58.6,Phone,PIX,Completed,Claudia
468,ORD00183,PRD011,Seagate Barracuda 2TB,Storage,Seagate,CUS0251,2023-01-23,13:47:04,2023,1,54.99,23,1,0.0,54.99,31.99,58.2,Reseller,Boleto,Completed,Claudia
469,ORD00184,PRD030,Intel Core i5-13600K,Processor,Intel,CUS0479,2023-05-08,14:00:07,2023,5,279.99,120,1,0.0,279.99,159.99,57.1,In-Store,Cash,Completed,Alexandre
470,ORD00184,PRD018,G.Skill Trident Z5 64GB DDR5,Memory,G.Skill,CUS0479,2023-05-08,14:00:07,2023,5,289.99,124,1,0.0,289.99,165.99,57.2,Marketplace,Credit Card,Completed,Alexandre
471,ORD00184,PRD006,Samsung 970 EVO 500GB,Storage,Samsung,CUS0479,2023-05-08,14:00:07,2023,5,69.99,29,2,0.2,111.98,65.58,58.6,In-Store,PIX,Completed,Alexandre
472,ORD00185,PRD041,NVIDIA RTX 4060 8GB,GPU,NVIDIA,CUS0213,2023-09-28,12:14:22,2023,9,299.99,129,4,0.2,959.97,547.17,57.0,In-Store,Boleto,Completed,Isabela
473,ORD00186,PRD054,Noctua NH-U12S,Cooler,Noctua,CUS0051,2024-02-15,09:19:24,2024,2,69.99,30,1,0.05,66.49,37.99,57.1,Reseller,Cash,Completed,Renata
474,ORD00186,PRD058,DeepCool AK620,Cooler,DeepCool,CUS0051,2024-02-15,09:19:24,2024,2,54.99,23,1,0.05,52.24,30.39,58.2,Online,Boleto,Completed,Renata
475,ORD00186,PRD045,AMD RX 6700 XT 12GB,GPU,AMD,CUS0051,2024-02-15,09:19:24,2024,2,399.99,172,1,0.1,359.99,205.19,57.0,Online,Cash,Completed,Renata
476,ORD00187,PRD039,NVIDIA RTX 3070 8GB,GPU,NVIDIA,CUS0148,2023-02-12,16:54:18,2023,2,499.99,215,4,0.25,1499.97,854.97,57.0,Marketplace,Debit Card,Completed,Fabio
477,ORD00187,PRD049,Corsair RM850 Modular,PSU,Corsair,CUS0148,2023-02-12,16:54:18,2023,2,139.99,60,1,0.15,118.99,67.99,57.1,Marketplace,Cash,Completed,Fabio
478,ORD00187,PRD051,be quiet! Straight Power 850W,PSU,be quiet!,CUS0148,2023-02-12,16:54:18,2023,2,169.99,73,1,0.0,169.99,96.99,57.1,Phone,Cash,Completed,Fabio
479,ORD00188,PRD053,Noctua NH-D15,Cooler,Noctua,CUS0083,2023-05-01,19:03:50,2023,5,99.99,43,2,0.15,169.98,96.88,57.0,In-Store,PIX,Completed,Roberto
480,ORD00189,PRD018,G.Skill Trident Z5 64GB DDR5,Memory,G.Skill,CUS0147,2024-11-22,08:21:18,2024,11,289.99,124,1,0.1,260.99,149.39,57.2,In-Store,Cash,Completed,Maria
481,ORD00189,PRD011,Seagate Barracuda 2TB,Storage,Seagate,CUS0147,2024-11-22,08:21:18,2024,11,54.99,23,2,0.0,109.98,63.98,58.2,Phone,Credit Card,Completed,Maria
482,ORD00189,PRD013,Corsair Vengeance 8GB DDR4,Memory,Corsair,CUS0147,2024-11-22,08:21:18,2024,11,29.99,12,2,0.0,59.98,35.98,60.0,Marketplace,Debit Card,Completed,Maria
483,ORD00189,PRD019,Kingston Fury Beast 16GB DDR4,Memory,Kingston,CUS0147,2024-11-22,08:21:18,2024,11,54.99,23,2,0.0,109.98,63.98,58.2,Reseller,Credit Card,Completed,Maria
484,ORD00190,PRD021,ASUS ROG Strix B550-F,Motherboard,ASUS,CUS0428,2023-05-20,13:14:23,2023,5,219.99,94,2,0.2,351.98,201.58,57.3,In-Store,Bank Transfer,Completed,Alexandre
485,ORD00190,PRD022,ASUS ROG Strix Z690-A,Motherboard,ASUS,CUS0428,2023-05-20,13:14:23,2023,5,319.99,137,2,0.0,639.98,365.98,57.2,In-Store,Cash,Completed,Alexandre
486,ORD00190,PRD050,EVGA SuperNOVA 650W,PSU,EVGA,CUS0428,2023-05-20,13:14:23,2023,5,89.99,38,1,0.0,89.99,51.99,57.8,Marketplace,Boleto,Completed,Alexandre
487,ORD00191,PRD034,AMD Ryzen 5 7600X,Processor,AMD,CUS0052,2022-05-24,18:46:21,2022,5,249.99,107,2,0.0,499.98,285.98,57.2,Marketplace,PIX,Completed,Larissa
488,ORD00191,PRD043,NVIDIA RTX 4080 16GB,GPU,NVIDIA,CUS0052,2022-05-24,18:46:21,2022,5,1199.99,516,1,0.0,1199.99,683.99,57.0,Marketplace,Boleto,Completed,Larissa
489,ORD00192,PRD054,Noctua NH-U12S,Cooler,Noctua,CUS0336,2023-02-23,10:14:24,2023,2,69.99,30,2,0.1,125.98,71.98,57.1,Marketplace,Credit Card,Completed,André
490,ORD00192,PRD044,AMD RX 6600 8GB,GPU,AMD,CUS0336,2023-02-23,10:14:24,2023,2,289.99,124,1,0.0,289.99,165.99,57.2,In-Store,Credit Card,Completed,André
491,ORD00192,PRD022,ASUS ROG Strix Z690-A,Motherboard,ASUS,CUS0336,2023-02-23,10:14:24,2023,2,319.99,137,2,0.0,639.98,365.98,57.2,Phone,Bank Transfer,Completed,André
492,ORD00193,PRD029,Intel Core i5-12400,Processor,Intel,CUS0271,2023-09-05,14:10:15,2023,9,199.99,86,2,0.0,399.98,227.98,57.0,In-Store,Debit Card,Completed,Thiago
493,ORD00193,PRD020,Kingston Fury Beast 32GB DDR4,Memory,Kingston,CUS0271,2023-09-05,14:10:15,2023,9,99.99,43,2,0.1,179.98,102.58,57.0,Marketplace,PIX,Completed,Thiago
494,ORD00193,PRD023,ASUS TUF Gaming B660M,Motherboard,ASUS,CUS0271,2023-09-05,14:10:15,2023,9,159.99,68,1,0.1,143.99,82.79,57.5,Reseller,Cash,Completed,Thiago
495,ORD00193,PRD014,Corsair Vengeance 16GB DDR4,Memory,Corsair,CUS0271,2023-09-05,14:10:15,2023,9,59.99,25,1,0.0,59.99,34.99,58.3,Reseller,Cash,Completed,Thiago
496,ORD00194,PRD024,MSI MAG B550M MORTAR,Motherboard,MSI,CUS0370,2024-04-28,16:37:18,2024,4,129.99,55,3,0.0,389.97,224.97,57.7,In-Store,Bank Transfer,Completed,Monica
497,ORD00194,PRD018,G.Skill Trident Z5 64GB DDR5,Memory,G.Skill,CUS0370,2024-04-28,16:37:18,2024,4,289.99,124,1,0.1,260.99,149.39,57.2,Online,Debit Card,Completed,Monica
498,ORD00195,PRD039,NVIDIA RTX 3070 8GB,GPU,NVIDIA,CUS0054,2024-11-04,17:24:51,2024,11,499.99,215,2,0.0,999.98,569.98,57.0,In-Store,Boleto,Completed,Renata
499,ORD00195,PRD038,NVIDIA RTX 3060 12GB,GPU,NVIDIA,CUS0054,2024-11-04,17:24:51,2024,11,329.99,141,1,0.1,296.99,170.09,57.3,Marketplace,PIX,Completed,Renata
500,ORD00195,PRD015,Corsair Vengeance 32GB DDR4,Memory,Corsair,CUS0054,2024-11-04,17:24:51,2024,11,109.99,47,1,0.05,104.49,59.84,57.3,Reseller,Cash,Completed,Renata
501,ORD00195,PRD022,ASUS ROG Strix Z690-A,Motherboard,ASUS,CUS0054,2024-11-04,17:24:51,2024,11,319.99,137,2,0.2,511.98,292.78,57.2,Marketplace,Bank Transfer,Completed,Renata
502,ORD00196,PRD004,Samsung 870 EVO 500GB,Storage,Samsung,CUS0137,2024-04-22,22:30:56,2024,4,79.99,34,3,0.05,227.97,131.07,57.5,Marketplace,Cash,Completed,Leonardo
503,ORD00196,PRD012,Seagate Barracuda 4TB,Storage,Seagate,CUS0137,2024-04-22,22:30:56,2024,4,89.99,38,2,0.0,179.98,103.98,57.8,Online,Debit Card,Completed,Leonardo
504,ORD00196,PRD046,AMD RX 7900 XTX 24GB,GPU,AMD,CUS0137,2024-04-22,22:30:56,2024,4,999.99,430,1,0.0,999.99,569.99,57.0,Online,Debit Card,Completed,Leonardo
505,ORD00197,PRD014,Corsair Vengeance 16GB DDR4,Memory,Corsair,CUS0361,2023-06-26,22:56:46,2023,6,59.99,25,2,0.1,107.98,62.98,58.3,Phone,Credit Card,Completed,Renata
506,ORD00197,PRD053,Noctua NH-D15,Cooler,Noctua,CUS0361,2023-06-26,22:56:46,2023,6,99.99,43,1,0.25,74.99,42.74,57.0,In-Store,Debit Card,Completed,Renata
507,ORD00197,PRD031,Intel Core i7-12700K,Processor,Intel,CUS0361,2023-06-26,22:56:46,2023,6,369.99,159,1,0.0,369.99,210.99,57.0,In-Store,PIX,Completed,Renata
508,ORD00197,PRD048,Corsair RM750 Modular,PSU,Corsair,CUS0361,2023-06-26,22:56:46,2023,6,109.99,47,4,0.05,417.96,239.36,57.3,Reseller,Cash,Completed,Renata
509,ORD00198,PRD037,AMD Ryzen 9 7900X,Processor,AMD,CUS0209,2022-08-05,22:47:18,2022,8,549.99,236,1,0.1,494.99,282.59,57.1,Online,Credit Card,Completed,Paulo
510,ORD00198,PRD004,Samsung 870 EVO 500GB,Storage,Samsung,CUS0209,2022-08-05,22:47:18,2022,8,79.99,34,1,0.0,79.99,45.99,57.5,Phone,Bank Transfer,Completed,Paulo
511,ORD00198,PRD050,EVGA SuperNOVA 650W,PSU,EVGA,CUS0209,2022-08-05,22:47:18,2022,8,89.99,38,1,0.05,85.49,49.39,57.8,Marketplace,Credit Card,Completed,Paulo
512,ORD00199,PRD018,G.Skill Trident Z5 64GB DDR5,Memory,G.Skill,CUS0281,2024-11-21,16:45:14,2024,11,289.99,124,1,0.1,260.99,149.39,57.2,In-Store,Boleto,Completed,Priscila
513,ORD00199,PRD059,Cooler Master Hyper 212,Cooler,Cooler Master,CUS0281,2024-11-21,16:45:14,2024,11,39.99,17,1,0.1,35.99,20.69,57.5,Phone,Boleto,Completed,Priscila
514,ORD00199,PRD027,Gigabyte Z790 AORUS Master,Motherboard,Gigabyte,CUS0281,2024-11-21,16:45:14,2024,11,449.99,193,1,0.2,359.99,205.59,57.1,Phone,Boleto,Completed,Priscila
515,ORD00199,PRD021,ASUS ROG Strix B550-F,Motherboard,ASUS,CUS0281,2024-11-21,16:45:14,2024,11,219.99,94,1,0.05,208.99,119.69,57.3,Online,Bank Transfer,Completed,Priscila
516,ORD00200,PRD053,Noctua NH-D15,Cooler,Noctua,CUS0344,2024-02-05,13:35:56,2024,2,99.99,43,1,0.05,94.99,54.14,57.0,Marketplace,Cash,Completed,Isabela
517,ORD00200,PRD005,Samsung 870 EVO 1TB,Storage,Samsung,CUS0344,2024-02-05,13:35:56,2024,2,129.99,56,1,0.1,116.99,66.59,56.9,Online,Cash,Completed,Isabela
518,ORD00201,PRD014,Corsair Vengeance 16GB DDR4,Memory,Corsair,CUS0452,2024-12-01,21:50:38,2024,12,59.99,25,2,0.0,119.98,69.98,58.3,Reseller,Boleto,Completed,Cristina
519,ORD00202,PRD059,Cooler Master Hyper 212,Cooler,Cooler Master,CUS0088,2024-11-01,09:31:02,2024,11,39.99,17,1,0.05,37.99,21.84,57.5,Online,Cash,Completed,Tatiana
520,ORD00202,PRD014,Corsair Vengeance 16GB DDR4,Memory,Corsair,CUS0088,2024-11-01,09:31:02,2024,11,59.99,25,1,0.05,56.99,33.24,58.3,Marketplace,Credit Card,Completed,Tatiana
521,ORD00203,PRD044,AMD RX 6600 8GB,GPU,AMD,CUS0440,2022-06-05,11:50:24,2022,6,289.99,124,1,0.2,231.99,132.79,57.2,Reseller,Cash,Completed,Larissa
522,ORD00203,PRD007,Samsung 970 EVO 1TB,Storage,Samsung,CUS0440,2022-06-05,11:50:24,2022,6,119.99,51,1,0.1,107.99,62.09,57.5,In-Store,Bank Transfer,Completed,Larissa
523,ORD00203,PRD018,G.Skill Trident Z5 64GB DDR5,Memory,G.Skill,CUS0440,2022-06-05,11:50:24,2022,6,289.99,124,1,0.05,275.49,157.69,57.2,In-Store,Boleto,Completed,Larissa
524,ORD00204,PRD019,Kingston Fury Beast 16GB DDR4,Memory,Kingston,CUS0431,2022-04-21,18:37:08,2022,4,54.99,23,2,0.0,109.98,63.98,58.2,In-Store,Bank Transfer,Completed,Natalia
525,ORD00204,PRD011,Seagate Barracuda 2TB,Storage,Seagate,CUS0431,2022-04-21,18:37:08,2022,4,54.99,23,3,0.05,156.72,91.17,58.2,Reseller,Bank Transfer,Completed,Natalia
526,ORD00204,PRD039,NVIDIA RTX 3070 8GB,GPU,NVIDIA,CUS0431,2022-04-21,18:37:08,2022,4,499.99,215,2,0.05,949.98,541.48,57.0,Marketplace,PIX,Completed,Natalia
527,ORD00205,PRD056,Corsair H150i Elite 360mm,Cooler,Corsair,CUS0204,2022-08-02,11:55:11,2022,8,169.99,73,2,0.2,271.98,155.18,57.1,Marketplace,Cash,Completed,Pedro
528,ORD00205,PRD047,Corsair RM650 Modular,PSU,Corsair,CUS0204,2022-08-02,11:55:11,2022,8,89.99,38,1,0.0,89.99,51.99,57.8,Reseller,PIX,Completed,Pedro
529,ORD00205,PRD044,AMD RX 6600 8GB,GPU,AMD,CUS0204,2022-08-02,11:55:11,2022,8,289.99,124,1,0.05,275.49,157.69,57.2,Marketplace,Cash,Completed,Pedro
530,ORD00206,PRD058,DeepCool AK620,Cooler,DeepCool,CUS0054,2024-03-12,14:03:38,2024,3,54.99,23,1,0.05,52.24,30.39,58.2,Reseller,Boleto,Completed,Renata
531,ORD00206,PRD038,NVIDIA RTX 3060 12GB,GPU,NVIDIA,CUS0054,2024-03-12,14:03:38,2024,3,329.99,141,1,0.0,329.99,188.99,57.3,Reseller,Bank Transfer,Completed,Renata
532,ORD00207,PRD047,Corsair RM650 Modular,PSU,Corsair,CUS0183,2023-07-02,19:05:11,2023,7,89.99,38,1,0.0,89.99,51.99,57.8,Reseller,Credit Card,Completed,Ana
533,ORD00207,PRD027,Gigabyte Z790 AORUS Master,Motherboard,Gigabyte,CUS0183,2023-07-02,19:05:11,2023,7,449.99,193,1,0.0,449.99,256.99,57.1,In-Store,Debit Card,Completed,Ana
534,ORD00207,PRD059,Cooler Master Hyper 212,Cooler,Cooler Master,CUS0183,2023-07-02,19:05:11,2023,7,39.99,17,4,0.0,159.96,91.96,57.5,Online,Boleto,Completed,Ana
535,ORD00208,PRD018,G.Skill Trident Z5 64GB DDR5,Memory,G.Skill,CUS0214,2023-03-08,21:35:49,2023,3,289.99,124,1,0.15,246.49,141.09,57.2,Reseller,Debit Card,Completed,Beatriz
536,ORD00208,PRD045,AMD RX 6700 XT 12GB,GPU,AMD,CUS0214,2023-03-08,21:35:49,2023,3,399.99,172,1,0.0,399.99,227.99,57.0,Online,Cash,Completed,Beatriz
537,ORD00209,PRD015,Corsair Vengeance 32GB DDR4,Memory,Corsair,CUS0234,2024-12-25,12:03:38,2024,12,109.99,47,1,0.05,104.49,59.84,57.3,Reseller,PIX,Completed,Pedro
538,ORD00209,PRD054,Noctua NH-U12S,Cooler,Noctua,CUS0234,2024-12-25,12:03:38,2024,12,69.99,30,3,0.15,178.47,101.97,57.1,Reseller,Boleto,Completed,Pedro
539,ORD00210,PRD047,Corsair RM650 Modular,PSU,Corsair,CUS0027,2024-06-10,21:05:08,2024,6,89.99,38,1,0.05,85.49,49.39,57.8,Online,Bank Transfer,Completed,Roberto
540,ORD00211,PRD037,AMD Ryzen 9 7900X,Processor,AMD,CUS0385,2024-09-07,17:17:12,2024,9,549.99,236,3,0.0,1649.97,941.97,57.1,Phone,PIX,Completed,Mariana
541,ORD00211,PRD042,NVIDIA RTX 4070 12GB,GPU,NVIDIA,CUS0385,2024-09-07,17:17:12,2024,9,599.99,258,1,0.15,509.99,290.69,57.0,Phone,PIX,Completed,Mariana
542,ORD00211,PRD027,Gigabyte Z790 AORUS Master,Motherboard,Gigabyte,CUS0385,2024-09-07,17:17:12,2024,9,449.99,193,1,0.1,404.99,231.29,57.1,Reseller,Cash,Completed,Mariana
543,ORD00212,PRD044,AMD RX 6600 8GB,GPU,AMD,CUS0130,2023-08-11,18:57:17,2023,8,289.99,124,1,0.0,289.99,165.99,57.2,Reseller,Debit Card,Completed,Viviane
544,ORD00212,PRD008,Samsung 970 EVO 2TB,Storage,Samsung,CUS0130,2023-08-11,18:57:17,2023,8,219.99,94,2,0.1,395.98,226.78,57.3,Phone,Debit Card,Completed,Viviane
545,ORD00212,PRD055,Corsair H100i RGB 240mm,Cooler,Corsair,CUS0130,2023-08-11,18:57:17,2023,8,129.99,56,1,0.0,129.99,73.99,56.9,Online,Bank Transfer,Completed,Viviane
546,ORD00212,PRD010,WD Blue 1TB HDD,Storage,WD,CUS0130,2023-08-11,18:57:17,2023,8,44.99,19,1,0.05,42.74,24.69,57.8,Phone,Cash,Completed,Viviane
547,ORD00213,PRD009,WD Black SN850 1TB,Storage,WD,CUS0483,2022-01-09,17:44:26,2022,1,109.99,47,1,0.0,109.99,62.99,57.3,Marketplace,Credit Card,Completed,João
548,ORD00213,PRD057,NZXT Kraken X73 360mm,Cooler,NZXT,CUS0483,2022-01-09,17:44:26,2022,1,189.99,81,2,0.0,379.98,217.98,57.4,Online,Debit Card,Completed,João
549,ORD00213,PRD048,Corsair RM750 Modular,PSU,Corsair,CUS0483,2022-01-09,17:44:26,2022,1,109.99,47,1,0.0,109.99,62.99,57.3,In-Store,Cash,Completed,João
550,ORD00213,PRD015,Corsair Vengeance 32GB DDR4,Memory,Corsair,CUS0483,2022-01-09,17:44:26,2022,1,109.99,47,1,0.05,104.49,59.84,57.3,Phone,Credit Card,Completed,João
551,ORD00214,PRD012,Seagate Barracuda 4TB,Storage,Seagate,CUS0223,2023-09-08,09:16:41,2023,9,89.99,38,1,0.05,85.49,49.39,57.8,Phone,PIX,Completed,Ricardo
552,ORD00214,PRD037,AMD Ryzen 9 7900X,Processor,AMD,CUS0223,2023-09-08,09:16:41,2023,9,549.99,236,1,0.1,494.99,282.59,57.1,Marketplace,Bank Transfer,Completed,Ricardo
553,ORD00215,PRD026,Gigabyte B550 AORUS Elite,Motherboard,Gigabyte,CUS0458,2023-10-25,14:40:51,2023,10,169.99,72,1,0.1,152.99,88.19,57.6,Reseller,Credit Card,Completed,Aline
554,ORD00216,PRD047,Corsair RM650 Modular,PSU,Corsair,CUS0225,2022-06-05,09:23:46,2022,6,89.99,38,1,0.2,71.99,41.59,57.8,In-Store,Debit Card,Completed,João
555,ORD00216,PRD048,Corsair RM750 Modular,PSU,Corsair,CUS0225,2022-06-05,09:23:46,2022,6,109.99,47,1,0.0,109.99,62.99,57.3,Online,Cash,Completed,João
556,ORD00217,PRD028,Intel Core i3-12100,Processor,Intel,CUS0256,2024-04-28,12:49:20,2024,4,119.99,51,1,0.1,107.99,62.09,57.5,Reseller,Credit Card,Completed,Pedro
557,ORD00217,PRD041,NVIDIA RTX 4060 8GB,GPU,NVIDIA,CUS0256,2024-04-28,12:49:20,2024,4,299.99,129,2,0.0,599.98,341.98,57.0,Marketplace,PIX,Completed,Pedro
558,ORD00217,PRD054,Noctua NH-U12S,Cooler,Noctua,CUS0256,2024-04-28,12:49:20,2024,4,69.99,30,1,0.15,59.49,33.99,57.1,Reseller,PIX,Completed,Pedro
559,ORD00218,PRD022,ASUS ROG Strix Z690-A,Motherboard,ASUS,CUS0276,2023-03-15,22:09:50,2023,3,319.99,137,1,0.05,303.99,173.84,57.2,Online,PIX,Completed,Aline
560,ORD00218,PRD056,Corsair H150i Elite 360mm,Cooler,Corsair,CUS0276,2023-03-15,22:09:50,2023,3,169.99,73,1,0.0,169.99,96.99,57.1,Reseller,Cash,Completed,Aline
561,ORD00218,PRD002,Kingston A400 480GB,Storage,Kingston,CUS0276,2023-03-15,22:09:50,2023,3,49.99,21,1,0.0,49.99,28.99,58.0,Reseller,Cash,Completed,Aline
562,ORD00219,PRD038,NVIDIA RTX 3060 12GB,GPU,NVIDIA,CUS0131,2024-08-17,17:22:22,2024,8,329.99,141,1,0.25,247.49,141.74,57.3,Reseller,Debit Card,Completed,Eduardo
563,ORD00219,PRD018,G.Skill Trident Z5 64GB DDR5,Memory,G.Skill,CUS0131,2024-08-17,17:22:22,2024,8,289.99,124,1,0.0,289.99,165.99,57.2,Reseller,PIX,Completed,Eduardo
564,ORD00219,PRD050,EVGA SuperNOVA 650W,PSU,EVGA,CUS0131,2024-08-17,17:22:22,2024,8,89.99,38,2,0.0,179.98,103.98,57.8,Reseller,Bank Transfer,Completed,Eduardo
565,ORD00220,PRD003,Kingston A400 960GB,Storage,Kingston,CUS0308,2022-09-13,09:26:11,2022,9,89.99,38,1,0.1,80.99,46.79,57.8,Reseller,Bank Transfer,Completed,Pedro
566,ORD00220,PRD016,G.Skill Trident Z5 16GB DDR5,Memory,G.Skill,CUS0308,2022-09-13,09:26:11,2022,9,79.99,34,1,0.05,75.99,43.69,57.5,Phone,Bank Transfer,Completed,Pedro
567,ORD00220,PRD026,Gigabyte B550 AORUS Elite,Motherboard,Gigabyte,CUS0308,2022-09-13,09:26:11,2022,9,169.99,72,1,0.15,144.49,83.29,57.6,Online,Credit Card,Completed,Pedro
568,ORD00220,PRD006,Samsung 970 EVO 500GB,Storage,Samsung,CUS0308,2022-09-13,09:26:11,2022,9,69.99,29,3,0.0,209.97,122.97,58.6,Reseller,Boleto,Completed,Pedro
569,ORD00221,PRD002,Kingston A400 480GB,Storage,Kingston,CUS0483,2022-03-04,11:18:04,2022,3,49.99,21,1,0.0,49.99,28.99,58.0,Online,Cash,Completed,João
570,ORD00221,PRD040,NVIDIA RTX 3080 10GB,GPU,NVIDIA,CUS0483,2022-03-04,11:18:04,2022,3,699.99,301,2,0.15,1189.98,678.28,57.0,Marketplace,Cash,Completed,João
571,ORD00221,PRD003,Kingston A400 960GB,Storage,Kingston,CUS0483,2022-03-04,11:18:04,2022,3,89.99,38,1,0.15,76.49,44.19,57.8,In-Store,Credit Card,Completed,João
572,ORD00222,PRD058,DeepCool AK620,Cooler,DeepCool,CUS0279,2022-08-24,15:15:52,2022,8,54.99,23,4,0.1,197.96,115.16,58.2,Online,PIX,Completed,Paulo
573,ORD00223,PRD034,AMD Ryzen 5 7600X,Processor,AMD,CUS0160,2023-08-19,14:08:17,2023,8,249.99,107,2,0.05,474.98,271.68,57.2,Reseller,Debit Card,Completed,Larissa
574,ORD00224,PRD029,Intel Core i5-12400,Processor,Intel,CUS0217,2022-08-13,11:14:33,2022,8,199.99,86,1,0.0,199.99,113.99,57.0,Phone,Debit Card,Completed,Gabriel
575,ORD00224,PRD017,G.Skill Trident Z5 32GB DDR5,Memory,G.Skill,CUS0217,2022-08-13,11:14:33,2022,8,149.99,64,1,0.15,127.49,73.09,57.3,Phone,Credit Card,Completed,Gabriel
576,ORD00224,PRD031,Intel Core i7-12700K,Processor,Intel,CUS0217,2022-08-13,11:14:33,2022,8,369.99,159,1,0.05,351.49,200.44,57.0,Phone,Cash,Completed,Gabriel
577,ORD00225,PRD003,Kingston A400 960GB,Storage,Kingston,CUS0105,2024-02-19,20:21:27,2024,2,89.99,38,1,0.1,80.99,46.79,57.8,Phone,Bank Transfer,Completed,Paulo
578,ORD00225,PRD051,be quiet! Straight Power 850W,PSU,be quiet!,CUS0105,2024-02-19,20:21:27,2024,2,169.99,73,2,0.0,339.98,193.98,57.1,Phone,Cash,Completed,Paulo
579,ORD00226,PRD003,Kingston A400 960GB,Storage,Kingston,CUS0151,2024-09-07,12:51:20,2024,9,89.99,38,1,0.0,89.99,51.99,57.8,Reseller,Cash,Completed,Juliana
580,ORD00227,PRD032,Intel Core i9-12900K,Processor,Intel,CUS0395,2023-12-02,11:07:32,2023,12,569.99,245,1,0.15,484.49,276.24,57.0,Phone,PIX,Completed,Fernanda
581,ORD00228,PRD020,Kingston Fury Beast 32GB DDR4,Memory,Kingston,CUS0388,2022-11-05,14:28:44,2022,11,99.99,43,1,0.0,99.99,56.99,57.0,In-Store,Debit Card,Completed,Aline
582,ORD00228,PRD035,AMD Ryzen 7 5800X3D,Processor,AMD,CUS0388,2022-11-05,14:28:44,2022,11,349.99,150,1,0.0,349.99,199.99,57.1,Marketplace,Cash,Completed,Aline
583,ORD00229,PRD036,AMD Ryzen 9 5900X,Processor,AMD,CUS0376,2024-11-12,11:07:09,2024,11,449.99,193,2,0.1,809.98,462.58,57.1,Phone,PIX,Completed,Viviane
584,ORD00229,PRD052,Thermaltake Toughpower 1000W,PSU,Thermaltake,CUS0376,2024-11-12,11:07:09,2024,11,189.99,81,1,0.2,151.99,87.19,57.4,Reseller,Bank Transfer,Completed,Viviane
585,ORD00229,PRD030,Intel Core i5-13600K,Processor,Intel,CUS0376,2024-11-12,11:07:09,2024,11,279.99,120,2,0.0,559.98,319.98,57.1,Reseller,Credit Card,Completed,Viviane
586,ORD00230,PRD059,Cooler Master Hyper 212,Cooler,Cooler Master,CUS0373,2024-06-05,21:11:45,2024,6,39.99,17,3,0.0,119.97,68.97,57.5,Reseller,Bank Transfer,Completed,Rodrigo
587,ORD00230,PRD021,ASUS ROG Strix B550-F,Motherboard,ASUS,CUS0373,2024-06-05,21:11:45,2024,6,219.99,94,1,0.2,175.99,100.79,57.3,Online,Bank Transfer,Completed,Rodrigo
588,ORD00231,PRD011,Seagate Barracuda 2TB,Storage,Seagate,CUS0315,2022-10-14,21:26:36,2022,10,54.99,23,1,0.05,52.24,30.39,58.2,Reseller,Debit Card,Completed,Carlos
589,ORD00231,PRD001,Kingston A400 240GB,Storage,Kingston,CUS0315,2022-10-14,21:26:36,2022,10,29.99,13,1,0.15,25.49,14.44,56.7,Online,Debit Card,Completed,Carlos
590,ORD00231,PRD009,WD Black SN850 1TB,Storage,WD,CUS0315,2022-10-14,21:26:36,2022,10,109.99,47,3,0.0,329.97,188.97,57.3,Phone,Cash,Completed,Carlos
591,ORD00232,PRD018,G.Skill Trident Z5 64GB DDR5,Memory,G.Skill,CUS0473,2023-10-10,09:45:27,2023,10,289.99,124,1,0.15,246.49,141.09,57.2,Phone,Credit Card,Completed,Carlos
592,ORD00232,PRD049,Corsair RM850 Modular,PSU,Corsair,CUS0473,2023-10-10,09:45:27,2023,10,139.99,60,1,0.0,139.99,79.99,57.1,In-Store,Boleto,Completed,Carlos
593,ORD00233,PRD052,Thermaltake Toughpower 1000W,PSU,Thermaltake,CUS0204,2024-04-10,12:12:53,2024,4,189.99,81,2,0.15,322.98,185.28,57.4,Online,Cash,Completed,Pedro
594,ORD00233,PRD029,Intel Core i5-12400,Processor,Intel,CUS0204,2024-04-10,12:12:53,2024,4,199.99,86,1,0.0,199.99,113.99,57.0,Marketplace,Debit Card,Completed,Pedro
595,ORD00233,PRD026,Gigabyte B550 AORUS Elite,Motherboard,Gigabyte,CUS0204,2024-04-10,12:12:53,2024,4,169.99,72,1,0.1,152.99,88.19,57.6,Reseller,PIX,Completed,Pedro
596,ORD00234,PRD016,G.Skill Trident Z5 16GB DDR5,Memory,G.Skill,CUS0373,2023-10-08,17:57:42,2023,10,79.99,34,1,0.0,79.99,45.99,57.5,Reseller,Credit Card,Completed,Rodrigo
597,ORD00235,PRD051,be quiet! Straight Power 850W,PSU,be quiet!,CUS0295,2023-12-12,22:19:15,2023,12,169.99,73,1,0.0,169.99,96.99,57.1,In-Store,Cash,Completed,Marcelo
598,ORD00235,PRD021,ASUS ROG Strix B550-F,Motherboard,ASUS,CUS0295,2023-12-12,22:19:15,2023,12,219.99,94,1,0.0,219.99,125.99,57.3,Marketplace,Debit Card,Completed,Marcelo
599,ORD00235,PRD046,AMD RX 7900 XTX 24GB,GPU,AMD,CUS0295,2023-12-12,22:19:15,2023,12,999.99,430,2,0.1,1799.98,1025.98,57.0,Reseller,Boleto,Completed,Marcelo
600,ORD00236,PRD006,Samsung 970 EVO 500GB,Storage,Samsung,CUS0081,2024-01-26,15:36:11,2024,1,69.99,29,1,0.0,69.99,40.99,58.6,Marketplace,Bank Transfer,Completed,Carla
601,ORD00236,PRD041,NVIDIA RTX 4060 8GB,GPU,NVIDIA,CUS0081,2024-01-26,15:36:11,2024,1,299.99,129,1,0.0,299.99,170.99,57.0,In-Store,Boleto,Completed,Carla
602,ORD00237,PRD055,Corsair H100i RGB 240mm,Cooler,Corsair,CUS0441,2022-08-21,21:46:43,2022,8,129.99,56,4,0.0,519.96,295.96,56.9,Online,Cash,Completed,Rodrigo
603,ORD00237,PRD024,MSI MAG B550M MORTAR,Motherboard,MSI,CUS0441,2022-08-21,21:46:43,2022,8,129.99,55,1,0.0,129.99,74.99,57.7,In-Store,Cash,Completed,Rodrigo
604,ORD00238,PRD036,AMD Ryzen 9 5900X,Processor,AMD,CUS0055,2024-04-14,15:54:35,2024,4,449.99,193,1,0.0,449.99,256.99,57.1,Online,Credit Card,Completed,Carla
605,ORD00238,PRD055,Corsair H100i RGB 240mm,Cooler,Corsair,CUS0055,2024-04-14,15:54:35,2024,4,129.99,56,2,0.1,233.98,133.18,56.9,In-Store,Boleto,Completed,Carla
606,ORD00238,PRD039,NVIDIA RTX 3070 8GB,GPU,NVIDIA,CUS0055,2024-04-14,15:54:35,2024,4,499.99,215,2,0.25,749.99,427.49,57.0,Phone,PIX,Completed,Carla
607,ORD00238,PRD038,NVIDIA RTX 3060 12GB,GPU,NVIDIA,CUS0055,2024-04-14,15:54:35,2024,4,329.99,141,1,0.0,329.99,188.99,57.3,Marketplace,PIX,Completed,Carla
608,ORD00239,PRD032,Intel Core i9-12900K,Processor,Intel,CUS0193,2022-08-03,12:09:55,2022,8,569.99,245,4,0.05,2165.96,1234.96,57.0,Reseller,Debit Card,Completed,Adriana
609,ORD00239,PRD059,Cooler Master Hyper 212,Cooler,Cooler Master,CUS0193,2022-08-03,12:09:55,2022,8,39.99,17,2,0.1,71.98,41.38,57.5,Phone,PIX,Completed,Adriana
610,ORD00239,PRD045,AMD RX 6700 XT 12GB,GPU,AMD,CUS0193,2022-08-03,12:09:55,2022,8,399.99,172,1,0.15,339.99,193.79,57.0,Phone,Boleto,Completed,Adriana
611,ORD00240,PRD012,Seagate Barracuda 4TB,Storage,Seagate,CUS0083,2022-03-31,08:03:30,2022,3,89.99,38,1,0.1,80.99,46.79,57.8,Reseller,Cash,Completed,Roberto
612,ORD00240,PRD008,Samsung 970 EVO 2TB,Storage,Samsung,CUS0083,2022-03-31,08:03:30,2022,3,219.99,94,2,0.0,439.98,251.98,57.3,Reseller,Cash,Completed,Roberto
613,ORD00240,PRD016,G.Skill Trident Z5 16GB DDR5,Memory,G.Skill,CUS0083,2022-03-31,08:03:30,2022,3,79.99,34,1,0.0,79.99,45.99,57.5,Reseller,Bank Transfer,Completed,Roberto
614,ORD00241,PRD001,Kingston A400 240GB,Storage,Kingston,CUS0218,2024-10-22,16:53:50,2024,10,29.99,13,2,0.05,56.98,32.28,56.7,Reseller,Debit Card,Completed,Alexandre
615,ORD00241,PRD053,Noctua NH-D15,Cooler,Noctua,CUS0218,2024-10-22,16:53:50,2024,10,99.99,43,1,0.0,99.99,56.99,57.0,Online,Bank Transfer,Completed,Alexandre
616,ORD00242,PRD010,WD Blue 1TB HDD,Storage,WD,CUS0022,2022-05-27,08:19:27,2022,5,44.99,19,1,0.0,44.99,25.99,57.8,Phone,Bank Transfer,Completed,Aline
617,ORD00243,PRD056,Corsair H150i Elite 360mm,Cooler,Corsair,CUS0132,2022-12-12,13:38:42,2022,12,169.99,73,1,0.15,144.49,82.44,57.1,Marketplace,Bank Transfer,Completed,Cristina
618,ORD00243,PRD013,Corsair Vengeance 8GB DDR4,Memory,Corsair,CUS0132,2022-12-12,13:38:42,2022,12,29.99,12,1,0.0,29.99,17.99,60.0,Online,PIX,Completed,Cristina
619,ORD00243,PRD027,Gigabyte Z790 AORUS Master,Motherboard,Gigabyte,CUS0132,2022-12-12,13:38:42,2022,12,449.99,193,3,0.0,1349.97,770.97,57.1,In-Store,Cash,Completed,Cristina
620,ORD00243,PRD049,Corsair RM850 Modular,PSU,Corsair,CUS0132,2022-12-12,13:38:42,2022,12,139.99,60,1,0.0,139.99,79.99,57.1,In-Store,PIX,Completed,Cristina
621,ORD00244,PRD026,Gigabyte B550 AORUS Elite,Motherboard,Gigabyte,CUS0155,2022-08-06,20:31:06,2022,8,169.99,72,2,0.2,271.98,156.78,57.6,Reseller,Credit Card,Completed,Ana
622,ORD00245,PRD043,NVIDIA RTX 4080 16GB,GPU,NVIDIA,CUS0432,2024-03-26,10:32:27,2024,3,1199.99,516,1,0.05,1139.99,649.79,57.0,Online,Bank Transfer,Completed,Maria
623,ORD00245,PRD059,Cooler Master Hyper 212,Cooler,Cooler Master,CUS0432,2024-03-26,10:32:27,2024,3,39.99,17,3,0.1,107.97,62.07,57.5,Online,Debit Card,Completed,Maria
624,ORD00245,PRD027,Gigabyte Z790 AORUS Master,Motherboard,Gigabyte,CUS0432,2024-03-26,10:32:27,2024,3,449.99,193,1,0.2,359.99,205.59,57.1,Marketplace,Boleto,Completed,Maria
625,ORD00245,PRD038,NVIDIA RTX 3060 12GB,GPU,NVIDIA,CUS0432,2024-03-26,10:32:27,2024,3,329.99,141,1,0.0,329.99,188.99,57.3,Online,Credit Card,Completed,Maria
626,ORD00246,PRD023,ASUS TUF Gaming B660M,Motherboard,ASUS,CUS0109,2024-02-11,16:42:17,2024,2,159.99,68,1,0.0,159.99,91.99,57.5,Marketplace,Cash,Completed,Vanessa
627,ORD00246,PRD018,G.Skill Trident Z5 64GB DDR5,Memory,G.Skill,CUS0109,2024-02-11,16:42:17,2024,2,289.99,124,2,0.15,492.98,282.18,57.2,Marketplace,Cash,Completed,Vanessa
628,ORD00246,PRD034,AMD Ryzen 5 7600X,Processor,AMD,CUS0109,2024-02-11,16:42:17,2024,2,249.99,107,1,0.1,224.99,128.69,57.2,In-Store,Cash,Completed,Vanessa
629,ORD00246,PRD002,Kingston A400 480GB,Storage,Kingston,CUS0109,2024-02-11,16:42:17,2024,2,49.99,21,1,0.1,44.99,26.09,58.0,Phone,Boleto,Completed,Vanessa
630,ORD00247,PRD007,Samsung 970 EVO 1TB,Storage,Samsung,CUS0024,2024-07-29,16:34:47,2024,7,119.99,51,1,0.0,119.99,68.99,57.5,In-Store,Boleto,Completed,Ana
631,ORD00247,PRD017,G.Skill Trident Z5 32GB DDR5,Memory,G.Skill,CUS0024,2024-07-29,16:34:47,2024,7,149.99,64,1,0.1,134.99,77.39,57.3,In-Store,PIX,Completed,Ana
632,ORD00248,PRD037,AMD Ryzen 9 7900X,Processor,AMD,CUS0106,2023-07-09,19:09:18,2023,7,549.99,236,1,0.0,549.99,313.99,57.1,Reseller,PIX,Completed,Cristina
633,ORD00248,PRD042,NVIDIA RTX 4070 12GB,GPU,NVIDIA,CUS0106,2023-07-09,19:09:18,2023,7,599.99,258,1,0.1,539.99,307.79,57.0,Reseller,Debit Card,Completed,Cristina
634,ORD00248,PRD043,NVIDIA RTX 4080 16GB,GPU,NVIDIA,CUS0106,2023-07-09,19:09:18,2023,7,1199.99,516,3,0.1,3239.97,1846.77,57.0,Reseller,Cash,Completed,Cristina
635,ORD00248,PRD040,NVIDIA RTX 3080 10GB,GPU,NVIDIA,CUS0106,2023-07-09,19:09:18,2023,7,699.99,301,1,0.0,699.99,398.99,57.0,Phone,Debit Card,Completed,Cristina
636,ORD00249,PRD056,Corsair H150i Elite 360mm,Cooler,Corsair,CUS0281,2022-10-28,13:00:41,2022,10,169.99,73,1,0.0,169.99,96.99,57.1,Reseller,PIX,Completed,Priscila
637,ORD00249,PRD030,Intel Core i5-13600K,Processor,Intel,CUS0281,2022-10-28,13:00:41,2022,10,279.99,120,1,0.0,279.99,159.99,57.1,Phone,Bank Transfer,Completed,Priscila
638,ORD00249,PRD024,MSI MAG B550M MORTAR,Motherboard,MSI,CUS0281,2022-10-28,13:00:41,2022,10,129.99,55,1,0.1,116.99,67.49,57.7,Marketplace,Debit Card,Completed,Priscila
639,ORD00249,PRD039,NVIDIA RTX 3070 8GB,GPU,NVIDIA,CUS0281,2022-10-28,13:00:41,2022,10,499.99,215,1,0.0,499.99,284.99,57.0,In-Store,Cash,Completed,Priscila
640,ORD00250,PRD032,Intel Core i9-12900K,Processor,Intel,CUS0050,2022-06-06,12:39:13,2022,6,569.99,245,3,0.05,1624.47,926.22,57.0,In-Store,Debit Card,Completed,Viviane
641,ORD00250,PRD007,Samsung 970 EVO 1TB,Storage,Samsung,CUS0050,2022-06-06,12:39:13,2022,6,119.99,51,2,0.0,239.98,137.98,57.5,Reseller,PIX,Completed,Viviane
642,ORD00251,PRD005,Samsung 870 EVO 1TB,Storage,Samsung,CUS0466,2024-12-05,20:36:43,2024,12,129.99,56,1,0.1,116.99,66.59,56.9,Online,Debit Card,Completed,Natalia
643,ORD00252,PRD035,AMD Ryzen 7 5800X3D,Processor,AMD,CUS0103,2024-08-21,15:21:57,2024,8,349.99,150,1,0.2,279.99,159.99,57.1,Phone,PIX,Completed,Paulo
644,ORD00252,PRD008,Samsung 970 EVO 2TB,Storage,Samsung,CUS0103,2024-08-21,15:21:57,2024,8,219.99,94,1,0.2,175.99,100.79,57.3,Phone,PIX,Completed,Paulo
645,ORD00253,PRD046,AMD RX 7900 XTX 24GB,GPU,AMD,CUS0197,2022-04-25,20:46:58,2022,4,999.99,430,1,0.0,999.99,569.99,57.0,Online,Bank Transfer,Completed,Marcelo
646,ORD00253,PRD053,Noctua NH-D15,Cooler,Noctua,CUS0197,2022-04-25,20:46:58,2022,4,99.99,43,2,0.15,169.98,96.88,57.0,In-Store,Credit Card,Completed,Marcelo
647,ORD00254,PRD037,AMD Ryzen 9 7900X,Processor,AMD,CUS0132,2023-04-17,16:50:51,2023,4,549.99,236,1,0.0,549.99,313.99,57.1,Phone,Debit Card,Completed,Cristina
648,ORD00255,PRD055,Corsair H100i RGB 240mm,Cooler,Corsair,CUS0150,2022-02-26,22:14:06,2022,2,129.99,56,2,0.0,259.98,147.98,56.9,Reseller,PIX,Completed,Henrique
649,ORD00255,PRD026,Gigabyte B550 AORUS Elite,Motherboard,Gigabyte,CUS0150,2022-02-26,22:14:06,2022,2,169.99,72,2,0.05,322.98,186.18,57.6,Phone,Debit Card,Completed,Henrique
650,ORD00255,PRD034,AMD Ryzen 5 7600X,Processor,AMD,CUS0150,2022-02-26,22:14:06,2022,2,249.99,107,1,0.0,249.99,142.99,57.2,Online,PIX,Completed,Henrique
651,ORD00255,PRD012,Seagate Barracuda 4TB,Storage,Seagate,CUS0150,2022-02-26,22:14:06,2022,2,89.99,38,1,0.0,89.99,51.99,57.8,In-Store,PIX,Completed,Henrique
652,ORD00256,PRD013,Corsair Vengeance 8GB DDR4,Memory,Corsair,CUS0150,2023-09-01,21:27:41,2023,9,29.99,12,3,0.0,89.97,53.97,60.0,Phone,PIX,Completed,Henrique
653,ORD00257,PRD028,Intel Core i3-12100,Processor,Intel,CUS0359,2023-09-27,17:28:15,2023,9,119.99,51,1,0.15,101.99,58.64,57.5,Marketplace,Credit Card,Completed,Natalia
654,ORD00258,PRD056,Corsair H150i Elite 360mm,Cooler,Corsair,CUS0440,2024-12-16,11:49:32,2024,12,169.99,73,1,0.15,144.49,82.44,57.1,Phone,PIX,Completed,Larissa
655,ORD00258,PRD017,G.Skill Trident Z5 32GB DDR5,Memory,G.Skill,CUS0440,2024-12-16,11:49:32,2024,12,149.99,64,1,0.25,112.49,64.49,57.3,Phone,Debit Card,Completed,Larissa
656,ORD00259,PRD029,Intel Core i5-12400,Processor,Intel,CUS0315,2024-06-25,16:12:24,2024,6,199.99,86,1,0.0,199.99,113.99,57.0,Phone,Credit Card,Completed,Carlos
657,ORD00259,PRD010,WD Blue 1TB HDD,Storage,WD,CUS0315,2024-06-25,16:12:24,2024,6,44.99,19,2,0.0,89.98,51.98,57.8,Online,Boleto,Completed,Carlos
658,ORD00260,PRD057,NZXT Kraken X73 360mm,Cooler,NZXT,CUS0194,2023-04-19,14:45:41,2023,4,189.99,81,1,0.0,189.99,108.99,57.4,Marketplace,Debit Card,Completed,Fernanda
659,ORD00260,PRD043,NVIDIA RTX 4080 16GB,GPU,NVIDIA,CUS0194,2023-04-19,14:45:41,2023,4,1199.99,516,3,0.0,3599.97,2051.97,57.0,In-Store,Credit Card,Completed,Fernanda
660,ORD00260,PRD029,Intel Core i5-12400,Processor,Intel,CUS0194,2023-04-19,14:45:41,2023,4,199.99,86,1,0.2,159.99,91.19,57.0,In-Store,Bank Transfer,Completed,Fernanda
661,ORD00260,PRD058,DeepCool AK620,Cooler,DeepCool,CUS0194,2023-04-19,14:45:41,2023,4,54.99,23,1,0.0,54.99,31.99,58.2,In-Store,Cash,Completed,Fernanda
662,ORD00261,PRD032,Intel Core i9-12900K,Processor,Intel,CUS0410,2024-03-12,22:13:47,2024,3,569.99,245,1,0.1,512.99,292.49,57.0,Online,Bank Transfer,Completed,Henrique
663,ORD00261,PRD020,Kingston Fury Beast 32GB DDR4,Memory,Kingston,CUS0410,2024-03-12,22:13:47,2024,3,99.99,43,1,0.0,99.99,56.99,57.0,Phone,PIX,Completed,Henrique
664,ORD00261,PRD056,Corsair H150i Elite 360mm,Cooler,Corsair,CUS0410,2024-03-12,22:13:47,2024,3,169.99,73,4,0.0,679.96,387.96,57.1,In-Store,Credit Card,Completed,Henrique
665,ORD00262,PRD048,Corsair RM750 Modular,PSU,Corsair,CUS0058,2023-01-19,17:34:55,2023,1,109.99,47,3,0.05,313.47,179.52,57.3,Marketplace,Debit Card,Completed,Gabriel
666,ORD00262,PRD004,Samsung 870 EVO 500GB,Storage,Samsung,CUS0058,2023-01-19,17:34:55,2023,1,79.99,34,1,0.0,79.99,45.99,57.5,Online,Boleto,Completed,Gabriel
667,ORD00263,PRD058,DeepCool AK620,Cooler,DeepCool,CUS0285,2024-11-08,21:51:06,2024,11,54.99,23,1,0.15,46.74,27.19,58.2,Phone,Bank Transfer,Completed,Sandra
668,ORD00263,PRD026,Gigabyte B550 AORUS Elite,Motherboard,Gigabyte,CUS0285,2024-11-08,21:51:06,2024,11,169.99,72,1,0.0,169.99,97.99,57.6,In-Store,PIX,Completed,Sandra
669,ORD00264,PRD020,Kingston Fury Beast 32GB DDR4,Memory,Kingston,CUS0194,2024-04-17,17:04:05,2024,4,99.99,43,3,0.05,284.97,162.42,57.0,In-Store,PIX,Completed,Fernanda
670,ORD00264,PRD009,WD Black SN850 1TB,Storage,WD,CUS0194,2024-04-17,17:04:05,2024,4,109.99,47,1,0.05,104.49,59.84,57.3,Online,Credit Card,Completed,Fernanda
671,ORD00265,PRD008,Samsung 970 EVO 2TB,Storage,Samsung,CUS0403,2024-12-05,13:43:17,2024,12,219.99,94,1,0.05,208.99,119.69,57.3,Online,PIX,Completed,Marcelo
672,ORD00265,PRD032,Intel Core i9-12900K,Processor,Intel,CUS0403,2024-12-05,13:43:17,2024,12,569.99,245,1,0.0,569.99,324.99,57.0,Online,Cash,Completed,Marcelo
673,ORD00266,PRD009,WD Black SN850 1TB,Storage,WD,CUS0063,2023-08-12,19:44:20,2023,8,109.99,47,1,0.0,109.99,62.99,57.3,Marketplace,Bank Transfer,Completed,Leticia
674,ORD00266,PRD052,Thermaltake Toughpower 1000W,PSU,Thermaltake,CUS0063,2023-08-12,19:44:20,2023,8,189.99,81,1,0.0,189.99,108.99,57.4,Phone,Debit Card,Completed,Leticia
675,ORD00267,PRD058,DeepCool AK620,Cooler,DeepCool,CUS0006,2023-04-22,10:09:54,2023,4,54.99,23,1,0.0,54.99,31.99,58.2,Marketplace,Bank Transfer,Completed,Cristina
676,ORD00268,PRD020,Kingston Fury Beast 32GB DDR4,Memory,Kingston,CUS0387,2022-06-13,16:40:48,2022,6,99.99,43,1,0.0,99.99,56.99,57.0,Marketplace,Credit Card,Completed,Adriana
677,ORD00268,PRD022,ASUS ROG Strix Z690-A,Motherboard,ASUS,CUS0387,2022-06-13,16:40:48,2022,6,319.99,137,2,0.1,575.98,329.38,57.2,In-Store,Boleto,Completed,Adriana
678,ORD00269,PRD054,Noctua NH-U12S,Cooler,Noctua,CUS0253,2023-02-09,16:53:09,2023,2,69.99,30,4,0.0,279.96,159.96,57.1,Phone,Cash,Completed,Natalia
679,ORD00269,PRD009,WD Black SN850 1TB,Storage,WD,CUS0253,2023-02-09,16:53:09,2023,2,109.99,47,4,0.0,439.96,251.96,57.3,Online,Boleto,Completed,Natalia
680,ORD00269,PRD032,Intel Core i9-12900K,Processor,Intel,CUS0253,2023-02-09,16:53:09,2023,2,569.99,245,1,0.25,427.49,243.74,57.0,Phone,Bank Transfer,Completed,Natalia
681,ORD00269,PRD001,Kingston A400 240GB,Storage,Kingston,CUS0253,2023-02-09,16:53:09,2023,2,29.99,13,1,0.0,29.99,16.99,56.7,Reseller,Debit Card,Completed,Natalia
682,ORD00270,PRD038,NVIDIA RTX 3060 12GB,GPU,NVIDIA,CUS0392,2023-10-31,19:18:04,2023,10,329.99,141,1,0.0,329.99,188.99,57.3,In-Store,Boleto,Completed,Mariana
683,ORD00270,PRD016,G.Skill Trident Z5 16GB DDR5,Memory,G.Skill,CUS0392,2023-10-31,19:18:04,2023,10,79.99,34,1,0.0,79.99,45.99,57.5,Marketplace,Cash,Completed,Mariana
684,ORD00270,PRD037,AMD Ryzen 9 7900X,Processor,AMD,CUS0392,2023-10-31,19:18:04,2023,10,549.99,236,1,0.0,549.99,313.99,57.1,Online,Credit Card,Completed,Mariana
685,ORD00271,PRD045,AMD RX 6700 XT 12GB,GPU,AMD,CUS0366,2024-04-10,18:44:07,2024,4,399.99,172,1,0.2,319.99,182.39,57.0,Marketplace,PIX,Completed,Camila
686,ORD00271,PRD018,G.Skill Trident Z5 64GB DDR5,Memory,G.Skill,CUS0366,2024-04-10,18:44:07,2024,4,289.99,124,1,0.0,289.99,165.99,57.2,Phone,Bank Transfer,Completed,Camila
687,ORD00271,PRD038,NVIDIA RTX 3060 12GB,GPU,NVIDIA,CUS0366,2024-04-10,18:44:07,2024,4,329.99,141,1,0.0,329.99,188.99,57.3,In-Store,Boleto,Completed,Camila
688,ORD00272,PRD031,Intel Core i7-12700K,Processor,Intel,CUS0200,2023-01-20,17:33:37,2023,1,369.99,159,2,0.0,739.98,421.98,57.0,Phone,PIX,Completed,Claudia
689,ORD00273,PRD015,Corsair Vengeance 32GB DDR4,Memory,Corsair,CUS0053,2023-09-05,08:14:13,2023,9,109.99,47,1,0.05,104.49,59.84,57.3,In-Store,Cash,Completed,Sergio
690,ORD00273,PRD049,Corsair RM850 Modular,PSU,Corsair,CUS0053,2023-09-05,08:14:13,2023,9,139.99,60,2,0.1,251.98,143.98,57.1,Phone,Bank Transfer,Completed,Sergio
691,ORD00273,PRD059,Cooler Master Hyper 212,Cooler,Cooler Master,CUS0053,2023-09-05,08:14:13,2023,9,39.99,17,3,0.0,119.97,68.97,57.5,Reseller,Debit Card,Completed,Sergio
692,ORD00273,PRD002,Kingston A400 480GB,Storage,Kingston,CUS0053,2023-09-05,08:14:13,2023,9,49.99,21,1,0.0,49.99,28.99,58.0,Marketplace,Credit Card,Completed,Sergio
693,ORD00274,PRD037,AMD Ryzen 9 7900X,Processor,AMD,CUS0108,2022-09-28,11:10:59,2022,9,549.99,236,1,0.0,549.99,313.99,57.1,Online,Bank Transfer,Completed,Carlos
694,ORD00274,PRD001,Kingston A400 240GB,Storage,Kingston,CUS0108,2022-09-28,11:10:59,2022,9,29.99,13,1,0.1,26.99,15.29,56.7,Online,PIX,Completed,Carlos
695,ORD00274,PRD035,AMD Ryzen 7 5800X3D,Processor,AMD,CUS0108,2022-09-28,11:10:59,2022,9,349.99,150,1,0.0,349.99,199.99,57.1,In-Store,Cash,Completed,Carlos
696,ORD00275,PRD053,Noctua NH-D15,Cooler,Noctua,CUS0352,2024-09-26,17:05:33,2024,9,99.99,43,1,0.1,89.99,51.29,57.0,Marketplace,Debit Card,Completed,André
697,ORD00276,PRD027,Gigabyte Z790 AORUS Master,Motherboard,Gigabyte,CUS0494,2023-07-09,22:38:27,2023,7,449.99,193,1,0.25,337.49,192.74,57.1,Phone,PIX,Completed,Carlos
698,ORD00276,PRD008,Samsung 970 EVO 2TB,Storage,Samsung,CUS0494,2023-07-09,22:38:27,2023,7,219.99,94,2,0.1,395.98,226.78,57.3,Online,PIX,Completed,Carlos
699,ORD00276,PRD012,Seagate Barracuda 4TB,Storage,Seagate,CUS0494,2023-07-09,22:38:27,2023,7,89.99,38,2,0.0,179.98,103.98,57.8,Marketplace,Boleto,Completed,Carlos
700,ORD00277,PRD033,AMD Ryzen 5 5600X,Processor,AMD,CUS0120,2024-09-01,21:47:16,2024,9,229.99,98,4,0.05,873.96,501.56,57.4,In-Store,Boleto,Completed,Gabriel
701,ORD00277,PRD042,NVIDIA RTX 4070 12GB,GPU,NVIDIA,CUS0120,2024-09-01,21:47:16,2024,9,599.99,258,1,0.0,599.99,341.99,57.0,Phone,Cash,Completed,Gabriel
702,ORD00277,PRD025,MSI PRO Z690-A,Motherboard,MSI,CUS0120,2024-09-01,21:47:16,2024,9,189.99,81,1,0.0,189.99,108.99,57.4,Online,PIX,Completed,Gabriel
703,ORD00277,PRD060,Thermaltake UX200 ARGB,Cooler,Thermaltake,CUS0120,2024-09-01,21:47:16,2024,9,34.99,15,1,0.0,34.99,19.99,57.1,Phone,Boleto,Completed,Gabriel
704,ORD00278,PRD001,Kingston A400 240GB,Storage,Kingston,CUS0206,2024-04-16,22:22:53,2024,4,29.99,13,2,0.0,59.98,33.98,56.7,Phone,PIX,Completed,Diego
705,ORD00278,PRD010,WD Blue 1TB HDD,Storage,WD,CUS0206,2024-04-16,22:22:53,2024,4,44.99,19,1,0.0,44.99,25.99,57.8,In-Store,Boleto,Completed,Diego
706,ORD00278,PRD011,Seagate Barracuda 2TB,Storage,Seagate,CUS0206,2024-04-16,22:22:53,2024,4,54.99,23,2,0.0,109.98,63.98,58.2,Marketplace,Bank Transfer,Completed,Diego
707,ORD00278,PRD014,Corsair Vengeance 16GB DDR4,Memory,Corsair,CUS0206,2024-04-16,22:22:53,2024,4,59.99,25,1,0.05,56.99,33.24,58.3,Online,PIX,Completed,Diego
708,ORD00279,PRD035,AMD Ryzen 7 5800X3D,Processor,AMD,CUS0113,2022-12-14,21:11:03,2022,12,349.99,150,3,0.0,1049.97,599.97,57.1,Reseller,Boleto,Completed,Priscila
709,ORD00279,PRD021,ASUS ROG Strix B550-F,Motherboard,ASUS,CUS0113,2022-12-14,21:11:03,2022,12,219.99,94,3,0.0,659.97,377.97,57.3,Phone,Debit Card,Completed,Priscila
710,ORD00279,PRD012,Seagate Barracuda 4TB,Storage,Seagate,CUS0113,2022-12-14,21:11:03,2022,12,89.99,38,1,0.0,89.99,51.99,57.8,Marketplace,PIX,Completed,Priscila
711,ORD00279,PRD028,Intel Core i3-12100,Processor,Intel,CUS0113,2022-12-14,21:11:03,2022,12,119.99,51,1,0.05,113.99,65.54,57.5,Phone,Bank Transfer,Completed,Priscila
712,ORD00280,PRD026,Gigabyte B550 AORUS Elite,Motherboard,Gigabyte,CUS0250,2024-08-18,15:29:54,2024,8,169.99,72,2,0.15,288.98,166.58,57.6,Online,Debit Card,Completed,Fernanda
713,ORD00280,PRD001,Kingston A400 240GB,Storage,Kingston,CUS0250,2024-08-18,15:29:54,2024,8,29.99,13,1,0.0,29.99,16.99,56.7,Online,Boleto,Completed,Fernanda
714,ORD00280,PRD013,Corsair Vengeance 8GB DDR4,Memory,Corsair,CUS0250,2024-08-18,15:29:54,2024,8,29.99,12,1,0.0,29.99,17.99,60.0,Phone,Credit Card,Completed,Fernanda
715,ORD00281,PRD047,Corsair RM650 Modular,PSU,Corsair,CUS0367,2024-05-28,11:41:54,2024,5,89.99,38,1,0.0,89.99,51.99,57.8,Phone,Cash,Completed,Monica
716,ORD00281,PRD026,Gigabyte B550 AORUS Elite,Motherboard,Gigabyte,CUS0367,2024-05-28,11:41:54,2024,5,169.99,72,1,0.1,152.99,88.19,57.6,Marketplace,Bank Transfer,Completed,Monica
717,ORD00281,PRD056,Corsair H150i Elite 360mm,Cooler,Corsair,CUS0367,2024-05-28,11:41:54,2024,5,169.99,73,1,0.0,169.99,96.99,57.1,Phone,PIX,Completed,Monica
718,ORD00281,PRD029,Intel Core i5-12400,Processor,Intel,CUS0367,2024-05-28,11:41:54,2024,5,199.99,86,1,0.0,199.99,113.99,57.0,In-Store,Credit Card,Completed,Monica
719,ORD00282,PRD003,Kingston A400 960GB,Storage,Kingston,CUS0150,2023-09-29,20:46:58,2023,9,89.99,38,1,0.0,89.99,51.99,57.8,Marketplace,Boleto,Completed,Henrique
720,ORD00283,PRD019,Kingston Fury Beast 16GB DDR4,Memory,Kingston,CUS0393,2022-12-29,17:49:13,2022,12,54.99,23,3,0.0,164.97,95.97,58.2,Marketplace,Bank Transfer,Completed,Pedro
721,ORD00283,PRD029,Intel Core i5-12400,Processor,Intel,CUS0393,2022-12-29,17:49:13,2022,12,199.99,86,3,0.0,599.97,341.97,57.0,Reseller,Boleto,Completed,Pedro
722,ORD00283,PRD027,Gigabyte Z790 AORUS Master,Motherboard,Gigabyte,CUS0393,2022-12-29,17:49:13,2022,12,449.99,193,4,0.05,1709.96,976.56,57.1,Reseller,Boleto,Completed,Pedro
723,ORD00284,PRD039,NVIDIA RTX 3070 8GB,GPU,NVIDIA,CUS0290,2022-09-14,12:05:37,2022,9,499.99,215,2,0.0,999.98,569.98,57.0,In-Store,Credit Card,Completed,Felipe
724,ORD00284,PRD032,Intel Core i9-12900K,Processor,Intel,CUS0290,2022-09-14,12:05:37,2022,9,569.99,245,2,0.05,1082.98,617.48,57.0,In-Store,Credit Card,Completed,Felipe
725,ORD00284,PRD045,AMD RX 6700 XT 12GB,GPU,AMD,CUS0290,2022-09-14,12:05:37,2022,9,399.99,172,1,0.0,399.99,227.99,57.0,In-Store,PIX,Completed,Felipe
726,ORD00284,PRD024,MSI MAG B550M MORTAR,Motherboard,MSI,CUS0290,2022-09-14,12:05:37,2022,9,129.99,55,1,0.15,110.49,63.74,57.7,Phone,Cash,Completed,Felipe
727,ORD00285,PRD043,NVIDIA RTX 4080 16GB,GPU,NVIDIA,CUS0465,2024-10-15,14:04:56,2024,10,1199.99,516,3,0.25,2699.98,1538.98,57.0,Marketplace,Boleto,Completed,Ana
728,ORD00286,PRD058,DeepCool AK620,Cooler,DeepCool,CUS0039,2022-04-04,17:24:06,2022,4,54.99,23,1,0.1,49.49,28.79,58.2,Marketplace,Debit Card,Completed,Carlos
729,ORD00286,PRD019,Kingston Fury Beast 16GB DDR4,Memory,Kingston,CUS0039,2022-04-04,17:24:06,2022,4,54.99,23,4,0.15,186.97,108.77,58.2,Online,PIX,Completed,Carlos
730,ORD00287,PRD003,Kingston A400 960GB,Storage,Kingston,CUS0368,2024-08-11,19:53:03,2024,8,89.99,38,1,0.05,85.49,49.39,57.8,Online,Bank Transfer,Completed,Mariana
731,ORD00287,PRD023,ASUS TUF Gaming B660M,Motherboard,ASUS,CUS0368,2024-08-11,19:53:03,2024,8,159.99,68,1,0.15,135.99,78.19,57.5,Reseller,Boleto,Completed,Mariana
732,ORD00287,PRD037,AMD Ryzen 9 7900X,Processor,AMD,CUS0368,2024-08-11,19:53:03,2024,8,549.99,236,2,0.1,989.98,565.18,57.1,Phone,Bank Transfer,Completed,Mariana
733,ORD00288,PRD014,Corsair Vengeance 16GB DDR4,Memory,Corsair,CUS0340,2022-10-13,22:12:05,2022,10,59.99,25,1,0.0,59.99,34.99,58.3,Online,Credit Card,Completed,Gustavo
734,ORD00288,PRD001,Kingston A400 240GB,Storage,Kingston,CUS0340,2022-10-13,22:12:05,2022,10,29.99,13,1,0.1,26.99,15.29,56.7,Online,Debit Card,Completed,Gustavo
735,ORD00288,PRD058,DeepCool AK620,Cooler,DeepCool,CUS0340,2022-10-13,22:12:05,2022,10,54.99,23,1,0.05,52.24,30.39,58.2,Reseller,Credit Card,Completed,Gustavo
736,ORD00289,PRD019,Kingston Fury Beast 16GB DDR4,Memory,Kingston,CUS0471,2024-11-30,15:47:31,2024,11,54.99,23,1,0.1,49.49,28.79,58.2,Marketplace,Debit Card,Completed,Larissa
737,ORD00289,PRD028,Intel Core i3-12100,Processor,Intel,CUS0471,2024-11-30,15:47:31,2024,11,119.99,51,1,0.0,119.99,68.99,57.5,Marketplace,Cash,Completed,Larissa
738,ORD00290,PRD007,Samsung 970 EVO 1TB,Storage,Samsung,CUS0330,2023-12-31,21:32:39,2023,12,119.99,51,4,0.0,479.96,275.96,57.5,Phone,Debit Card,Completed,Juliana
739,ORD00290,PRD051,be quiet! Straight Power 850W,PSU,be quiet!,CUS0330,2023-12-31,21:32:39,2023,12,169.99,73,1,0.0,169.99,96.99,57.1,Marketplace,Credit Card,Completed,Juliana
740,ORD00291,PRD025,MSI PRO Z690-A,Motherboard,MSI,CUS0109,2024-05-26,08:41:35,2024,5,189.99,81,3,0.05,541.47,310.62,57.4,In-Store,PIX,Completed,Vanessa
741,ORD00292,PRD026,Gigabyte B550 AORUS Elite,Motherboard,Gigabyte,CUS0280,2022-08-31,08:01:21,2022,8,169.99,72,1,0.0,169.99,97.99,57.6,In-Store,Cash,Completed,Viviane
742,ORD00292,PRD030,Intel Core i5-13600K,Processor,Intel,CUS0280,2022-08-31,08:01:21,2022,8,279.99,120,2,0.0,559.98,319.98,57.1,Phone,Credit Card,Completed,Viviane
743,ORD00292,PRD040,NVIDIA RTX 3080 10GB,GPU,NVIDIA,CUS0280,2022-08-31,08:01:21,2022,8,699.99,301,1,0.2,559.99,319.19,57.0,Reseller,Credit Card,Completed,Viviane
744,ORD00292,PRD052,Thermaltake Toughpower 1000W,PSU,Thermaltake,CUS0280,2022-08-31,08:01:21,2022,8,189.99,81,1,0.0,189.99,108.99,57.4,Phone,Debit Card,Completed,Viviane
745,ORD00293,PRD056,Corsair H150i Elite 360mm,Cooler,Corsair,CUS0137,2023-09-21,11:23:31,2023,9,169.99,73,1,0.0,169.99,96.99,57.1,In-Store,Bank Transfer,Completed,Leonardo
746,ORD00294,PRD039,NVIDIA RTX 3070 8GB,GPU,NVIDIA,CUS0366,2024-11-02,19:35:38,2024,11,499.99,215,1,0.0,499.99,284.99,57.0,In-Store,Debit Card,Completed,Camila
747,ORD00294,PRD060,Thermaltake UX200 ARGB,Cooler,Thermaltake,CUS0366,2024-11-02,19:35:38,2024,11,34.99,15,1,0.0,34.99,19.99,57.1,In-Store,PIX,Completed,Camila
748,ORD00294,PRD012,Seagate Barracuda 4TB,Storage,Seagate,CUS0366,2024-11-02,19:35:38,2024,11,89.99,38,1,0.0,89.99,51.99,57.8,Phone,Credit Card,Completed,Camila
749,ORD00294,PRD042,NVIDIA RTX 4070 12GB,GPU,NVIDIA,CUS0366,2024-11-02,19:35:38,2024,11,599.99,258,4,0.0,2399.96,1367.96,57.0,In-Store,Credit Card,Completed,Camila
750,ORD00295,PRD040,NVIDIA RTX 3080 10GB,GPU,NVIDIA,CUS0106,2024-08-31,16:09:28,2024,8,699.99,301,1,0.0,699.99,398.99,57.0,Phone,Bank Transfer,Completed,Cristina
751,ORD00295,PRD036,AMD Ryzen 9 5900X,Processor,AMD,CUS0106,2024-08-31,16:09:28,2024,8,449.99,193,1,0.1,404.99,231.29,57.1,Reseller,Credit Card,Completed,Cristina
752,ORD00295,PRD047,Corsair RM650 Modular,PSU,Corsair,CUS0106,2024-08-31,16:09:28,2024,8,89.99,38,1,0.05,85.49,49.39,57.8,Marketplace,PIX,Completed,Cristina
753,ORD00296,PRD035,AMD Ryzen 7 5800X3D,Processor,AMD,CUS0112,2023-11-18,14:24:03,2023,11,349.99,150,1,0.0,349.99,199.99,57.1,Online,Bank Transfer,Completed,Aline
754,ORD00297,PRD012,Seagate Barracuda 4TB,Storage,Seagate,CUS0472,2023-07-09,09:21:30,2023,7,89.99,38,2,0.1,161.98,93.58,57.8,Online,Debit Card,Completed,Adriana
755,ORD00297,PRD032,Intel Core i9-12900K,Processor,Intel,CUS0472,2023-07-09,09:21:30,2023,7,569.99,245,3,0.0,1709.97,974.97,57.0,Marketplace,Bank Transfer,Completed,Adriana
756,ORD00297,PRD053,Noctua NH-D15,Cooler,Noctua,CUS0472,2023-07-09,09:21:30,2023,7,99.99,43,3,0.0,299.97,170.97,57.0,Online,Cash,Completed,Adriana
757,ORD00298,PRD008,Samsung 970 EVO 2TB,Storage,Samsung,CUS0242,2024-11-07,09:11:25,2024,11,219.99,94,1,0.1,197.99,113.39,57.3,Marketplace,Cash,Completed,Gabriel
758,ORD00299,PRD006,Samsung 970 EVO 500GB,Storage,Samsung,CUS0343,2023-05-01,10:58:47,2023,5,69.99,29,1,0.0,69.99,40.99,58.6,Phone,Cash,Completed,Isabela
759,ORD00300,PRD048,Corsair RM750 Modular,PSU,Corsair,CUS0458,2024-10-15,15:54:54,2024,10,109.99,47,1,0.05,104.49,59.84,57.3,Online,Bank Transfer,Completed,Aline
760,ORD00300,PRD036,AMD Ryzen 9 5900X,Processor,AMD,CUS0458,2024-10-15,15:54:54,2024,10,449.99,193,1,0.0,449.99,256.99,57.1,Marketplace,Debit Card,Completed,Aline
761,ORD00300,PRD034,AMD Ryzen 5 7600X,Processor,AMD,CUS0458,2024-10-15,15:54:54,2024,10,249.99,107,1,0.2,199.99,114.39,57.2,Marketplace,Boleto,Completed,Aline
762,ORD00301,PRD011,Seagate Barracuda 2TB,Storage,Seagate,CUS0198,2024-03-04,10:58:30,2024,3,54.99,23,1,0.0,54.99,31.99,58.2,In-Store,Boleto,Completed,Alexandre
763,ORD00301,PRD050,EVGA SuperNOVA 650W,PSU,EVGA,CUS0198,2024-03-04,10:58:30,2024,3,89.99,38,1,0.05,85.49,49.39,57.8,Marketplace,Credit Card,Completed,Alexandre
764,ORD00302,PRD059,Cooler Master Hyper 212,Cooler,Cooler Master,CUS0310,2023-07-03,19:36:36,2023,7,39.99,17,1,0.1,35.99,20.69,57.5,Reseller,PIX,Completed,Leonardo
765,ORD00303,PRD049,Corsair RM850 Modular,PSU,Corsair,CUS0119,2024-01-29,16:53:29,2024,1,139.99,60,3,0.0,419.97,239.97,57.1,Reseller,Credit Card,Completed,Gustavo
766,ORD00303,PRD015,Corsair Vengeance 32GB DDR4,Memory,Corsair,CUS0119,2024-01-29,16:53:29,2024,1,109.99,47,2,0.0,219.98,125.98,57.3,Marketplace,PIX,Completed,Gustavo
767,ORD00303,PRD007,Samsung 970 EVO 1TB,Storage,Samsung,CUS0119,2024-01-29,16:53:29,2024,1,119.99,51,1,0.1,107.99,62.09,57.5,Phone,Boleto,Completed,Gustavo
768,ORD00304,PRD020,Kingston Fury Beast 32GB DDR4,Memory,Kingston,CUS0436,2024-01-02,17:50:19,2024,1,99.99,43,2,0.15,169.98,96.88,57.0,Reseller,Credit Card,Completed,Claudia
769,ORD00304,PRD012,Seagate Barracuda 4TB,Storage,Seagate,CUS0436,2024-01-02,17:50:19,2024,1,89.99,38,1,0.0,89.99,51.99,57.8,In-Store,Cash,Completed,Claudia
770,ORD00304,PRD029,Intel Core i5-12400,Processor,Intel,CUS0436,2024-01-02,17:50:19,2024,1,199.99,86,1,0.05,189.99,108.29,57.0,Marketplace,Debit Card,Completed,Claudia
771,ORD00305,PRD037,AMD Ryzen 9 7900X,Processor,AMD,CUS0196,2023-12-12,15:35:28,2023,12,549.99,236,2,0.0,1099.98,627.98,57.1,In-Store,Debit Card,Completed,Lucas
772,ORD00305,PRD016,G.Skill Trident Z5 16GB DDR5,Memory,G.Skill,CUS0196,2023-12-12,15:35:28,2023,12,79.99,34,2,0.0,159.98,91.98,57.5,In-Store,Credit Card,Completed,Lucas
773,ORD00305,PRD040,NVIDIA RTX 3080 10GB,GPU,NVIDIA,CUS0196,2023-12-12,15:35:28,2023,12,699.99,301,1,0.0,699.99,398.99,57.0,Reseller,Credit Card,Completed,Lucas
774,ORD00306,PRD040,NVIDIA RTX 3080 10GB,GPU,NVIDIA,CUS0205,2024-08-06,21:18:01,2024,8,699.99,301,1,0.05,664.99,379.04,57.0,Phone,Cash,Completed,Leonardo
775,ORD00306,PRD015,Corsair Vengeance 32GB DDR4,Memory,Corsair,CUS0205,2024-08-06,21:18:01,2024,8,109.99,47,1,0.1,98.99,56.69,57.3,In-Store,Debit Card,Completed,Leonardo
776,ORD00306,PRD023,ASUS TUF Gaming B660M,Motherboard,ASUS,CUS0205,2024-08-06,21:18:01,2024,8,159.99,68,1,0.1,143.99,82.79,57.5,In-Store,Cash,Completed,Leonardo
777,ORD00307,PRD040,NVIDIA RTX 3080 10GB,GPU,NVIDIA,CUS0422,2024-07-12,09:41:54,2024,7,699.99,301,1,0.1,629.99,359.09,57.0,Online,Debit Card,Completed,Leandro
778,ORD00307,PRD021,ASUS ROG Strix B550-F,Motherboard,ASUS,CUS0422,2024-07-12,09:41:54,2024,7,219.99,94,2,0.0,439.98,251.98,57.3,Reseller,PIX,Completed,Leandro
779,ORD00308,PRD028,Intel Core i3-12100,Processor,Intel,CUS0181,2022-02-02,11:59:06,2022,2,119.99,51,1,0.15,101.99,58.64,57.5,Online,Cash,Completed,Cristina
780,ORD00309,PRD057,NZXT Kraken X73 360mm,Cooler,NZXT,CUS0186,2024-11-26,12:45:34,2024,11,189.99,81,2,0.0,379.98,217.98,57.4,Phone,Bank Transfer,Completed,Thiago
781,ORD00309,PRD044,AMD RX 6600 8GB,GPU,AMD,CUS0186,2024-11-26,12:45:34,2024,11,289.99,124,1,0.2,231.99,132.79,57.2,Reseller,Boleto,Completed,Thiago
782,ORD00310,PRD044,AMD RX 6600 8GB,GPU,AMD,CUS0412,2023-11-16,13:43:03,2023,11,289.99,124,2,0.05,550.98,315.38,57.2,Marketplace,Cash,Completed,Sergio
783,ORD00310,PRD016,G.Skill Trident Z5 16GB DDR5,Memory,G.Skill,CUS0412,2023-11-16,13:43:03,2023,11,79.99,34,1,0.0,79.99,45.99,57.5,Marketplace,Cash,Completed,Sergio
784,ORD00311,PRD016,G.Skill Trident Z5 16GB DDR5,Memory,G.Skill,CUS0454,2022-12-18,16:47:42,2022,12,79.99,34,1,0.0,79.99,45.99,57.5,In-Store,Debit Card,Completed,Ricardo
785,ORD00311,PRD059,Cooler Master Hyper 212,Cooler,Cooler Master,CUS0454,2022-12-18,16:47:42,2022,12,39.99,17,2,0.0,79.98,45.98,57.5,Reseller,Debit Card,Completed,Ricardo
786,ORD00311,PRD024,MSI MAG B550M MORTAR,Motherboard,MSI,CUS0454,2022-12-18,16:47:42,2022,12,129.99,55,2,0.05,246.98,142.48,57.7,Phone,Credit Card,Completed,Ricardo
787,ORD00312,PRD060,Thermaltake UX200 ARGB,Cooler,Thermaltake,CUS0442,2023-06-11,18:33:03,2023,6,34.99,15,1,0.0,34.99,19.99,57.1,Online,Credit Card,Completed,Monica
788,ORD00312,PRD031,Intel Core i7-12700K,Processor,Intel,CUS0442,2023-06-11,18:33:03,2023,6,369.99,159,1,0.0,369.99,210.99,57.0,Marketplace,Cash,Completed,Monica
789,ORD00313,PRD055,Corsair H100i RGB 240mm,Cooler,Corsair,CUS0242,2022-11-18,15:34:09,2022,11,129.99,56,1,0.15,110.49,62.89,56.9,Marketplace,Boleto,Completed,Gabriel
790,ORD00313,PRD012,Seagate Barracuda 4TB,Storage,Seagate,CUS0242,2022-11-18,15:34:09,2022,11,89.99,38,2,0.0,179.98,103.98,57.8,Phone,PIX,Completed,Gabriel
791,ORD00313,PRD048,Corsair RM750 Modular,PSU,Corsair,CUS0242,2022-11-18,15:34:09,2022,11,109.99,47,1,0.1,98.99,56.69,57.3,Phone,PIX,Completed,Gabriel
792,ORD00314,PRD018,G.Skill Trident Z5 64GB DDR5,Memory,G.Skill,CUS0469,2023-09-05,10:18:52,2023,9,289.99,124,1,0.0,289.99,165.99,57.2,Online,Boleto,Completed,Leonardo
793,ORD00314,PRD002,Kingston A400 480GB,Storage,Kingston,CUS0469,2023-09-05,10:18:52,2023,9,49.99,21,1,0.1,44.99,26.09,58.0,In-Store,Cash,Completed,Leonardo
794,ORD00314,PRD027,Gigabyte Z790 AORUS Master,Motherboard,Gigabyte,CUS0469,2023-09-05,10:18:52,2023,9,449.99,193,1,0.0,449.99,256.99,57.1,In-Store,Bank Transfer,Completed,Leonardo
795,ORD00314,PRD014,Corsair Vengeance 16GB DDR4,Memory,Corsair,CUS0469,2023-09-05,10:18:52,2023,9,59.99,25,1,0.05,56.99,33.24,58.3,In-Store,PIX,Completed,Leonardo
796,ORD00315,PRD003,Kingston A400 960GB,Storage,Kingston,CUS0430,2024-11-11,11:41:26,2024,11,89.99,38,2,0.05,170.98,98.78,57.8,Marketplace,Boleto,Completed,Ana
797,ORD00315,PRD012,Seagate Barracuda 4TB,Storage,Seagate,CUS0430,2024-11-11,11:41:26,2024,11,89.99,38,1,0.0,89.99,51.99,57.8,In-Store,Bank Transfer,Completed,Ana
798,ORD00315,PRD040,NVIDIA RTX 3080 10GB,GPU,NVIDIA,CUS0430,2024-11-11,11:41:26,2024,11,699.99,301,1,0.0,699.99,398.99,57.0,Marketplace,Debit Card,Completed,Ana
799,ORD00316,PRD057,NZXT Kraken X73 360mm,Cooler,NZXT,CUS0133,2024-05-31,16:06:38,2024,5,189.99,81,1,0.1,170.99,98.09,57.4,Reseller,Cash,Completed,Carlos
800,ORD00317,PRD053,Noctua NH-D15,Cooler,Noctua,CUS0408,2023-08-30,08:05:59,2023,8,99.99,43,1,0.0,99.99,56.99,57.0,Marketplace,Debit Card,Completed,Claudia
801,ORD00317,PRD024,MSI MAG B550M MORTAR,Motherboard,MSI,CUS0408,2023-08-30,08:05:59,2023,8,129.99,55,1,0.2,103.99,59.99,57.7,Online,Boleto,Completed,Claudia
802,ORD00317,PRD028,Intel Core i3-12100,Processor,Intel,CUS0408,2023-08-30,08:05:59,2023,8,119.99,51,2,0.0,239.98,137.98,57.5,Reseller,PIX,Completed,Claudia
803,ORD00318,PRD024,MSI MAG B550M MORTAR,Motherboard,MSI,CUS0449,2024-12-16,13:03:08,2024,12,129.99,55,1,0.25,97.49,56.24,57.7,Marketplace,PIX,Completed,Matheus
804,ORD00319,PRD002,Kingston A400 480GB,Storage,Kingston,CUS0266,2023-05-12,16:13:02,2023,5,49.99,21,1,0.0,49.99,28.99,58.0,In-Store,Cash,Completed,Juliana
805,ORD00319,PRD012,Seagate Barracuda 4TB,Storage,Seagate,CUS0266,2023-05-12,16:13:02,2023,5,89.99,38,1,0.2,71.99,41.59,57.8,Online,Cash,Completed,Juliana
806,ORD00320,PRD004,Samsung 870 EVO 500GB,Storage,Samsung,CUS0148,2022-05-02,09:21:52,2022,5,79.99,34,1,0.0,79.99,45.99,57.5,Reseller,Debit Card,Completed,Fabio
807,ORD00320,PRD005,Samsung 870 EVO 1TB,Storage,Samsung,CUS0148,2022-05-02,09:21:52,2022,5,129.99,56,1,0.2,103.99,59.19,56.9,Reseller,PIX,Completed,Fabio
808,ORD00320,PRD023,ASUS TUF Gaming B660M,Motherboard,ASUS,CUS0148,2022-05-02,09:21:52,2022,5,159.99,68,1,0.0,159.99,91.99,57.5,Online,Boleto,Completed,Fabio
809,ORD00320,PRD038,NVIDIA RTX 3060 12GB,GPU,NVIDIA,CUS0148,2022-05-02,09:21:52,2022,5,329.99,141,2,0.05,626.98,359.08,57.3,Marketplace,Cash,Completed,Fabio
810,ORD00321,PRD051,be quiet! Straight Power 850W,PSU,be quiet!,CUS0025,2023-03-21,14:06:53,2023,3,169.99,73,2,0.0,339.98,193.98,57.1,Marketplace,Bank Transfer,Completed,Eduardo
811,ORD00321,PRD039,NVIDIA RTX 3070 8GB,GPU,NVIDIA,CUS0025,2023-03-21,14:06:53,2023,3,499.99,215,1,0.2,399.99,227.99,57.0,In-Store,Debit Card,Completed,Eduardo
812,ORD00321,PRD025,MSI PRO Z690-A,Motherboard,MSI,CUS0025,2023-03-21,14:06:53,2023,3,189.99,81,1,0.0,189.99,108.99,57.4,Marketplace,Bank Transfer,Completed,Eduardo
813,ORD00322,PRD060,Thermaltake UX200 ARGB,Cooler,Thermaltake,CUS0461,2024-06-04,22:38:17,2024,6,34.99,15,1,0.1,31.49,17.99,57.1,Reseller,Bank Transfer,Completed,Gabriel
814,ORD00322,PRD009,WD Black SN850 1TB,Storage,WD,CUS0461,2024-06-04,22:38:17,2024,6,109.99,47,1,0.0,109.99,62.99,57.3,In-Store,Cash,Completed,Gabriel
815,ORD00322,PRD039,NVIDIA RTX 3070 8GB,GPU,NVIDIA,CUS0461,2024-06-04,22:38:17,2024,6,499.99,215,1,0.0,499.99,284.99,57.0,Phone,Credit Card,Completed,Gabriel
816,ORD00323,PRD020,Kingston Fury Beast 32GB DDR4,Memory,Kingston,CUS0330,2022-09-07,14:54:32,2022,9,99.99,43,1,0.05,94.99,54.14,57.0,Online,Credit Card,Completed,Juliana
817,ORD00323,PRD058,DeepCool AK620,Cooler,DeepCool,CUS0330,2022-09-07,14:54:32,2022,9,54.99,23,2,0.05,104.48,60.78,58.2,In-Store,Debit Card,Completed,Juliana
818,ORD00323,PRD027,Gigabyte Z790 AORUS Master,Motherboard,Gigabyte,CUS0330,2022-09-07,14:54:32,2022,9,449.99,193,1,0.0,449.99,256.99,57.1,Online,Boleto,Completed,Juliana
819,ORD00323,PRD007,Samsung 970 EVO 1TB,Storage,Samsung,CUS0330,2022-09-07,14:54:32,2022,9,119.99,51,2,0.05,227.98,131.08,57.5,Online,Cash,Completed,Juliana
820,ORD00324,PRD049,Corsair RM850 Modular,PSU,Corsair,CUS0376,2024-10-16,17:38:39,2024,10,139.99,60,1,0.0,139.99,79.99,57.1,Reseller,Debit Card,Completed,Viviane
821,ORD00324,PRD021,ASUS ROG Strix B550-F,Motherboard,ASUS,CUS0376,2024-10-16,17:38:39,2024,10,219.99,94,1,0.15,186.99,107.09,57.3,Online,Boleto,Completed,Viviane
822,ORD00324,PRD026,Gigabyte B550 AORUS Elite,Motherboard,Gigabyte,CUS0376,2024-10-16,17:38:39,2024,10,169.99,72,1,0.15,144.49,83.29,57.6,Online,Credit Card,Completed,Viviane
823,ORD00324,PRD057,NZXT Kraken X73 360mm,Cooler,NZXT,CUS0376,2024-10-16,17:38:39,2024,10,189.99,81,2,0.15,322.98,185.28,57.4,Phone,Boleto,Completed,Viviane
824,ORD00325,PRD034,AMD Ryzen 5 7600X,Processor,AMD,CUS0077,2022-11-17,19:17:09,2022,11,249.99,107,2,0.1,449.98,257.38,57.2,Reseller,Debit Card,Completed,Alexandre
825,ORD00325,PRD042,NVIDIA RTX 4070 12GB,GPU,NVIDIA,CUS0077,2022-11-17,19:17:09,2022,11,599.99,258,2,0.0,1199.98,683.98,57.0,Reseller,Bank Transfer,Completed,Alexandre
826,ORD00326,PRD020,Kingston Fury Beast 32GB DDR4,Memory,Kingston,CUS0192,2023-12-05,13:37:56,2023,12,99.99,43,2,0.0,199.98,113.98,57.0,Marketplace,PIX,Completed,Larissa
827,ORD00326,PRD040,NVIDIA RTX 3080 10GB,GPU,NVIDIA,CUS0192,2023-12-05,13:37:56,2023,12,699.99,301,1,0.1,629.99,359.09,57.0,Online,Credit Card,Completed,Larissa
828,ORD00326,PRD044,AMD RX 6600 8GB,GPU,AMD,CUS0192,2023-12-05,13:37:56,2023,12,289.99,124,3,0.0,869.97,497.97,57.2,Marketplace,Bank Transfer,Completed,Larissa
829,ORD00326,PRD005,Samsung 870 EVO 1TB,Storage,Samsung,CUS0192,2023-12-05,13:37:56,2023,12,129.99,56,1,0.0,129.99,73.99,56.9,In-Store,Boleto,Completed,Larissa
830,ORD00327,PRD055,Corsair H100i RGB 240mm,Cooler,Corsair,CUS0044,2024-05-24,22:42:23,2024,5,129.99,56,2,0.0,259.98,147.98,56.9,Marketplace,Cash,Completed,Vanessa
831,ORD00327,PRD011,Seagate Barracuda 2TB,Storage,Seagate,CUS0044,2024-05-24,22:42:23,2024,5,54.99,23,1,0.05,52.24,30.39,58.2,Phone,PIX,Completed,Vanessa
832,ORD00327,PRD035,AMD Ryzen 7 5800X3D,Processor,AMD,CUS0044,2024-05-24,22:42:23,2024,5,349.99,150,1,0.0,349.99,199.99,57.1,Online,Debit Card,Completed,Vanessa
833,ORD00327,PRD001,Kingston A400 240GB,Storage,Kingston,CUS0044,2024-05-24,22:42:23,2024,5,29.99,13,2,0.1,53.98,30.58,56.7,In-Store,Credit Card,Completed,Vanessa
834,ORD00328,PRD040,NVIDIA RTX 3080 10GB,GPU,NVIDIA,CUS0364,2022-10-17,20:49:54,2022,10,699.99,301,1,0.0,699.99,398.99,57.0,In-Store,PIX,Completed,Gabriel
835,ORD00328,PRD055,Corsair H100i RGB 240mm,Cooler,Corsair,CUS0364,2022-10-17,20:49:54,2022,10,129.99,56,2,0.05,246.98,140.58,56.9,Phone,Debit Card,Completed,Gabriel
836,ORD00329,PRD018,G.Skill Trident Z5 64GB DDR5,Memory,G.Skill,CUS0088,2023-01-26,13:40:23,2023,1,289.99,124,3,0.0,869.97,497.97,57.2,Online,PIX,Completed,Tatiana
837,ORD00329,PRD005,Samsung 870 EVO 1TB,Storage,Samsung,CUS0088,2023-01-26,13:40:23,2023,1,129.99,56,1,0.2,103.99,59.19,56.9,Online,Cash,Completed,Tatiana
838,ORD00330,PRD017,G.Skill Trident Z5 32GB DDR5,Memory,G.Skill,CUS0284,2023-12-23,12:14:03,2023,12,149.99,64,1,0.1,134.99,77.39,57.3,In-Store,Bank Transfer,Completed,João
839,ORD00330,PRD044,AMD RX 6600 8GB,GPU,AMD,CUS0284,2023-12-23,12:14:03,2023,12,289.99,124,1,0.0,289.99,165.99,57.2,Phone,Bank Transfer,Completed,João
840,ORD00330,PRD018,G.Skill Trident Z5 64GB DDR5,Memory,G.Skill,CUS0284,2023-12-23,12:14:03,2023,12,289.99,124,1,0.1,260.99,149.39,57.2,Marketplace,Debit Card,Completed,João
841,ORD00331,PRD016,G.Skill Trident Z5 16GB DDR5,Memory,G.Skill,CUS0498,2023-10-29,22:55:29,2023,10,79.99,34,1,0.15,67.99,39.09,57.5,Phone,Bank Transfer,Completed,Patricia
842,ORD00331,PRD018,G.Skill Trident Z5 64GB DDR5,Memory,G.Skill,CUS0498,2023-10-29,22:55:29,2023,10,289.99,124,1,0.0,289.99,165.99,57.2,In-Store,Credit Card,Completed,Patricia
843,ORD00331,PRD048,Corsair RM750 Modular,PSU,Corsair,CUS0498,2023-10-29,22:55:29,2023,10,109.99,47,2,0.1,197.98,113.38,57.3,Online,Boleto,Completed,Patricia
844,ORD00331,PRD027,Gigabyte Z790 AORUS Master,Motherboard,Gigabyte,CUS0498,2023-10-29,22:55:29,2023,10,449.99,193,2,0.05,854.98,488.28,57.1,Online,PIX,Completed,Patricia
845,ORD00332,PRD033,AMD Ryzen 5 5600X,Processor,AMD,CUS0437,2023-04-11,12:37:18,2023,4,229.99,98,1,0.05,218.49,125.39,57.4,Online,PIX,Completed,Beatriz
846,ORD00333,PRD026,Gigabyte B550 AORUS Elite,Motherboard,Gigabyte,CUS0381,2024-01-20,08:03:17,2024,1,169.99,72,1,0.0,169.99,97.99,57.6,In-Store,Credit Card,Completed,Matheus
847,ORD00333,PRD004,Samsung 870 EVO 500GB,Storage,Samsung,CUS0381,2024-01-20,08:03:17,2024,1,79.99,34,1,0.25,59.99,34.49,57.5,Marketplace,Credit Card,Completed,Matheus
848,ORD00334,PRD034,AMD Ryzen 5 7600X,Processor,AMD,CUS0009,2023-01-17,18:39:57,2023,1,249.99,107,1,0.0,249.99,142.99,57.2,Marketplace,PIX,Completed,Natalia
849,ORD00334,PRD058,DeepCool AK620,Cooler,DeepCool,CUS0009,2023-01-17,18:39:57,2023,1,54.99,23,2,0.05,104.48,60.78,58.2,Marketplace,Bank Transfer,Completed,Natalia
850,ORD00335,PRD054,Noctua NH-U12S,Cooler,Noctua,CUS0492,2022-08-04,08:18:42,2022,8,69.99,30,1,0.0,69.99,39.99,57.1,In-Store,Debit Card,Completed,Rafael
851,ORD00335,PRD027,Gigabyte Z790 AORUS Master,Motherboard,Gigabyte,CUS0492,2022-08-04,08:18:42,2022,8,449.99,193,1,0.0,449.99,256.99,57.1,In-Store,Credit Card,Completed,Rafael
852,ORD00335,PRD041,NVIDIA RTX 4060 8GB,GPU,NVIDIA,CUS0492,2022-08-04,08:18:42,2022,8,299.99,129,1,0.0,299.99,170.99,57.0,Marketplace,Bank Transfer,Completed,Rafael
853,ORD00336,PRD032,Intel Core i9-12900K,Processor,Intel,CUS0352,2024-01-28,13:44:56,2024,1,569.99,245,2,0.05,1082.98,617.48,57.0,Online,PIX,Completed,André
854,ORD00336,PRD043,NVIDIA RTX 4080 16GB,GPU,NVIDIA,CUS0352,2024-01-28,13:44:56,2024,1,1199.99,516,1,0.05,1139.99,649.79,57.0,Online,Cash,Completed,André
855,ORD00337,PRD060,Thermaltake UX200 ARGB,Cooler,Thermaltake,CUS0170,2022-06-20,21:53:41,2022,6,34.99,15,1,0.15,29.74,16.99,57.1,Phone,PIX,Completed,Maria
856,ORD00337,PRD005,Samsung 870 EVO 1TB,Storage,Samsung,CUS0170,2022-06-20,21:53:41,2022,6,129.99,56,2,0.15,220.98,125.78,56.9,In-Store,Bank Transfer,Completed,Maria
857,ORD00337,PRD013,Corsair Vengeance 8GB DDR4,Memory,Corsair,CUS0170,2022-06-20,21:53:41,2022,6,29.99,12,1,0.25,22.49,13.49,60.0,In-Store,Boleto,Completed,Maria
858,ORD00338,PRD004,Samsung 870 EVO 500GB,Storage,Samsung,CUS0318,2022-09-05,15:08:50,2022,9,79.99,34,1,0.0,79.99,45.99,57.5,Reseller,PIX,Completed,Sergio
859,ORD00338,PRD057,NZXT Kraken X73 360mm,Cooler,NZXT,CUS0318,2022-09-05,15:08:50,2022,9,189.99,81,1,0.0,189.99,108.99,57.4,Reseller,Bank Transfer,Completed,Sergio
860,ORD00338,PRD048,Corsair RM750 Modular,PSU,Corsair,CUS0318,2022-09-05,15:08:50,2022,9,109.99,47,1,0.05,104.49,59.84,57.3,Online,Debit Card,Completed,Sergio
861,ORD00338,PRD011,Seagate Barracuda 2TB,Storage,Seagate,CUS0318,2022-09-05,15:08:50,2022,9,54.99,23,1,0.0,54.99,31.99,58.2,Reseller,PIX,Completed,Sergio
862,ORD00339,PRD015,Corsair Vengeance 32GB DDR4,Memory,Corsair,CUS0024,2024-11-23,12:44:52,2024,11,109.99,47,2,0.0,219.98,125.98,57.3,In-Store,Cash,Completed,Ana
863,ORD00339,PRD023,ASUS TUF Gaming B660M,Motherboard,ASUS,CUS0024,2024-11-23,12:44:52,2024,11,159.99,68,4,0.15,543.97,312.77,57.5,Phone,Credit Card,Completed,Ana
864,ORD00340,PRD046,AMD RX 7900 XTX 24GB,GPU,AMD,CUS0136,2024-08-29,12:49:15,2024,8,999.99,430,2,0.15,1699.98,968.98,57.0,Online,Credit Card,Completed,Henrique
865,ORD00340,PRD045,AMD RX 6700 XT 12GB,GPU,AMD,CUS0136,2024-08-29,12:49:15,2024,8,399.99,172,4,0.2,1279.97,729.57,57.0,In-Store,Credit Card,Completed,Henrique
866,ORD00340,PRD027,Gigabyte Z790 AORUS Master,Motherboard,Gigabyte,CUS0136,2024-08-29,12:49:15,2024,8,449.99,193,2,0.0,899.98,513.98,57.1,Marketplace,Bank Transfer,Completed,Henrique
867,ORD00340,PRD056,Corsair H150i Elite 360mm,Cooler,Corsair,CUS0136,2024-08-29,12:49:15,2024,8,169.99,73,2,0.2,271.98,155.18,57.1,Marketplace,Boleto,Completed,Henrique
868,ORD00341,PRD028,Intel Core i3-12100,Processor,Intel,CUS0142,2024-10-10,08:43:13,2024,10,119.99,51,1,0.05,113.99,65.54,57.5,Phone,Cash,Completed,Leticia
869,ORD00341,PRD013,Corsair Vengeance 8GB DDR4,Memory,Corsair,CUS0142,2024-10-10,08:43:13,2024,10,29.99,12,1,0.05,28.49,17.09,60.0,In-Store,Boleto,Completed,Leticia
870,ORD00341,PRD025,MSI PRO Z690-A,Motherboard,MSI,CUS0142,2024-10-10,08:43:13,2024,10,189.99,81,3,0.05,541.47,310.62,57.4,Reseller,PIX,Completed,Leticia
871,ORD00342,PRD027,Gigabyte Z790 AORUS Master,Motherboard,Gigabyte,CUS0265,2024-09-27,11:49:45,2024,9,449.99,193,1,0.15,382.49,218.44,57.1,In-Store,PIX,Completed,Daniela
872,ORD00342,PRD024,MSI MAG B550M MORTAR,Motherboard,MSI,CUS0265,2024-09-27,11:49:45,2024,9,129.99,55,2,0.2,207.98,119.98,57.7,Phone,Boleto,Completed,Daniela
873,ORD00343,PRD018,G.Skill Trident Z5 64GB DDR5,Memory,G.Skill,CUS0049,2024-09-13,22:40:36,2024,9,289.99,124,2,0.0,579.98,331.98,57.2,Online,Boleto,Completed,Leticia
874,ORD00343,PRD036,AMD Ryzen 9 5900X,Processor,AMD,CUS0049,2024-09-13,22:40:36,2024,9,449.99,193,2,0.0,899.98,513.98,57.1,Phone,Bank Transfer,Completed,Leticia
875,ORD00344,PRD033,AMD Ryzen 5 5600X,Processor,AMD,CUS0082,2023-10-03,21:57:51,2023,10,229.99,98,1,0.0,229.99,131.99,57.4,Online,PIX,Completed,Pedro
876,ORD00344,PRD025,MSI PRO Z690-A,Motherboard,MSI,CUS0082,2023-10-03,21:57:51,2023,10,189.99,81,1,0.0,189.99,108.99,57.4,In-Store,Cash,Completed,Pedro
877,ORD00344,PRD044,AMD RX 6600 8GB,GPU,AMD,CUS0082,2023-10-03,21:57:51,2023,10,289.99,124,2,0.0,579.98,331.98,57.2,Phone,Credit Card,Completed,Pedro
878,ORD00344,PRD035,AMD Ryzen 7 5800X3D,Processor,AMD,CUS0082,2023-10-03,21:57:51,2023,10,349.99,150,2,0.15,594.98,339.98,57.1,Phone,Boleto,Completed,Pedro
879,ORD00345,PRD026,Gigabyte B550 AORUS Elite,Motherboard,Gigabyte,CUS0487,2022-10-08,13:54:11,2022,10,169.99,72,3,0.05,484.47,279.27,57.6,Reseller,Boleto,Completed,Roberto
880,ORD00346,PRD039,NVIDIA RTX 3070 8GB,GPU,NVIDIA,CUS0281,2024-12-15,18:25:26,2024,12,499.99,215,1,0.0,499.99,284.99,57.0,Reseller,PIX,Completed,Priscila
881,ORD00346,PRD019,Kingston Fury Beast 16GB DDR4,Memory,Kingston,CUS0281,2024-12-15,18:25:26,2024,12,54.99,23,1,0.0,54.99,31.99,58.2,Phone,PIX,Completed,Priscila
882,ORD00347,PRD054,Noctua NH-U12S,Cooler,Noctua,CUS0488,2022-06-09,18:03:40,2022,6,69.99,30,1,0.25,52.49,29.99,57.1,Reseller,Credit Card,Completed,Gabriel
883,ORD00347,PRD055,Corsair H100i RGB 240mm,Cooler,Corsair,CUS0488,2022-06-09,18:03:40,2022,6,129.99,56,1,0.1,116.99,66.59,56.9,Phone,PIX,Completed,Gabriel
884,ORD00347,PRD017,G.Skill Trident Z5 32GB DDR5,Memory,G.Skill,CUS0488,2022-06-09,18:03:40,2022,6,149.99,64,1,0.0,149.99,85.99,57.3,Marketplace,PIX,Completed,Gabriel
885,ORD00348,PRD012,Seagate Barracuda 4TB,Storage,Seagate,CUS0472,2022-06-23,15:11:26,2022,6,89.99,38,1,0.1,80.99,46.79,57.8,Reseller,Boleto,Completed,Adriana
886,ORD00348,PRD051,be quiet! Straight Power 850W,PSU,be quiet!,CUS0472,2022-06-23,15:11:26,2022,6,169.99,73,1,0.1,152.99,87.29,57.1,Reseller,Debit Card,Completed,Adriana
887,ORD00348,PRD013,Corsair Vengeance 8GB DDR4,Memory,Corsair,CUS0472,2022-06-23,15:11:26,2022,6,29.99,12,1,0.0,29.99,17.99,60.0,Marketplace,PIX,Completed,Adriana
888,ORD00348,PRD057,NZXT Kraken X73 360mm,Cooler,NZXT,CUS0472,2022-06-23,15:11:26,2022,6,189.99,81,1,0.0,189.99,108.99,57.4,In-Store,Debit Card,Completed,Adriana
889,ORD00349,PRD009,WD Black SN850 1TB,Storage,WD,CUS0007,2024-10-10,17:54:38,2024,10,109.99,47,2,0.15,186.98,107.08,57.3,Phone,Bank Transfer,Completed,Mariana
890,ORD00349,PRD027,Gigabyte Z790 AORUS Master,Motherboard,Gigabyte,CUS0007,2024-10-10,17:54:38,2024,10,449.99,193,1,0.0,449.99,256.99,57.1,Reseller,Bank Transfer,Completed,Mariana
891,ORD00349,PRD016,G.Skill Trident Z5 16GB DDR5,Memory,G.Skill,CUS0007,2024-10-10,17:54:38,2024,10,79.99,34,1,0.0,79.99,45.99,57.5,Marketplace,PIX,Completed,Mariana
892,ORD00349,PRD011,Seagate Barracuda 2TB,Storage,Seagate,CUS0007,2024-10-10,17:54:38,2024,10,54.99,23,2,0.05,104.48,60.78,58.2,Marketplace,Boleto,Completed,Mariana
893,ORD00350,PRD034,AMD Ryzen 5 7600X,Processor,AMD,CUS0051,2023-12-31,16:23:23,2023,12,249.99,107,1,0.1,224.99,128.69,57.2,In-Store,Bank Transfer,Completed,Renata
894,ORD00350,PRD032,Intel Core i9-12900K,Processor,Intel,CUS0051,2023-12-31,16:23:23,2023,12,569.99,245,3,0.0,1709.97,974.97,57.0,Reseller,Credit Card,Completed,Renata
895,ORD00350,PRD042,NVIDIA RTX 4070 12GB,GPU,NVIDIA,CUS0051,2023-12-31,16:23:23,2023,12,599.99,258,2,0.0,1199.98,683.98,57.0,Online,Bank Transfer,Completed,Renata
896,ORD00351,PRD047,Corsair RM650 Modular,PSU,Corsair,CUS0354,2023-06-13,20:03:56,2023,6,89.99,38,1,0.15,76.49,44.19,57.8,Marketplace,Cash,Completed,Priscila
897,ORD00352,PRD025,MSI PRO Z690-A,Motherboard,MSI,CUS0408,2022-10-31,09:15:58,2022,10,189.99,81,1,0.0,189.99,108.99,57.4,Reseller,Cash,Completed,Claudia
898,ORD00352,PRD004,Samsung 870 EVO 500GB,Storage,Samsung,CUS0408,2022-10-31,09:15:58,2022,10,79.99,34,1,0.0,79.99,45.99,57.5,Phone,PIX,Completed,Claudia
899,ORD00352,PRD015,Corsair Vengeance 32GB DDR4,Memory,Corsair,CUS0408,2022-10-31,09:15:58,2022,10,109.99,47,2,0.05,208.98,119.68,57.3,Reseller,Cash,Completed,Claudia
900,ORD00353,PRD051,be quiet! Straight Power 850W,PSU,be quiet!,CUS0296,2022-04-03,20:59:36,2022,4,169.99,73,1,0.05,161.49,92.14,57.1,Reseller,Boleto,Completed,Eduardo
901,ORD00353,PRD025,MSI PRO Z690-A,Motherboard,MSI,CUS0296,2022-04-03,20:59:36,2022,4,189.99,81,1,0.0,189.99,108.99,57.4,Marketplace,PIX,Completed,Eduardo
902,ORD00353,PRD006,Samsung 970 EVO 500GB,Storage,Samsung,CUS0296,2022-04-03,20:59:36,2022,4,69.99,29,3,0.1,188.97,110.67,58.6,Marketplace,Credit Card,Completed,Eduardo
903,ORD00353,PRD017,G.Skill Trident Z5 32GB DDR5,Memory,G.Skill,CUS0296,2022-04-03,20:59:36,2022,4,149.99,64,1,0.0,149.99,85.99,57.3,Phone,Cash,Completed,Eduardo
904,ORD00354,PRD020,Kingston Fury Beast 32GB DDR4,Memory,Kingston,CUS0071,2022-11-13,21:29:17,2022,11,99.99,43,2,0.05,189.98,108.28,57.0,Marketplace,Debit Card,Completed,Juliana
905,ORD00354,PRD030,Intel Core i5-13600K,Processor,Intel,CUS0071,2022-11-13,21:29:17,2022,11,279.99,120,1,0.05,265.99,151.99,57.1,Marketplace,Cash,Completed,Juliana
906,ORD00354,PRD026,Gigabyte B550 AORUS Elite,Motherboard,Gigabyte,CUS0071,2022-11-13,21:29:17,2022,11,169.99,72,1,0.1,152.99,88.19,57.6,Marketplace,Credit Card,Completed,Juliana
907,ORD00354,PRD049,Corsair RM850 Modular,PSU,Corsair,CUS0071,2022-11-13,21:29:17,2022,11,139.99,60,3,0.0,419.97,239.97,57.1,In-Store,Credit Card,Completed,Juliana
908,ORD00355,PRD057,NZXT Kraken X73 360mm,Cooler,NZXT,CUS0319,2024-07-07,21:38:59,2024,7,189.99,81,1,0.1,170.99,98.09,57.4,Reseller,Boleto,Completed,Sandra
909,ORD00355,PRD022,ASUS ROG Strix Z690-A,Motherboard,ASUS,CUS0319,2024-07-07,21:38:59,2024,7,319.99,137,2,0.0,639.98,365.98,57.2,Phone,Cash,Completed,Sandra
910,ORD00355,PRD012,Seagate Barracuda 4TB,Storage,Seagate,CUS0319,2024-07-07,21:38:59,2024,7,89.99,38,1,0.1,80.99,46.79,57.8,Reseller,Debit Card,Completed,Sandra
911,ORD00355,PRD036,AMD Ryzen 9 5900X,Processor,AMD,CUS0319,2024-07-07,21:38:59,2024,7,449.99,193,1,0.0,449.99,256.99,57.1,Marketplace,Bank Transfer,Completed,Sandra
912,ORD00356,PRD024,MSI MAG B550M MORTAR,Motherboard,MSI,CUS0021,2022-07-09,09:48:03,2022,7,129.99,55,1,0.05,123.49,71.24,57.7,Marketplace,Debit Card,Completed,Leandro
913,ORD00356,PRD025,MSI PRO Z690-A,Motherboard,MSI,CUS0021,2022-07-09,09:48:03,2022,7,189.99,81,2,0.05,360.98,207.08,57.4,Online,PIX,Completed,Leandro
914,ORD00356,PRD037,AMD Ryzen 9 7900X,Processor,AMD,CUS0021,2022-07-09,09:48:03,2022,7,549.99,236,1,0.0,549.99,313.99,57.1,Phone,PIX,Completed,Leandro
915,ORD00356,PRD043,NVIDIA RTX 4080 16GB,GPU,NVIDIA,CUS0021,2022-07-09,09:48:03,2022,7,1199.99,516,3,0.0,3599.97,2051.97,57.0,In-Store,Debit Card,Completed,Leandro
916,ORD00357,PRD019,Kingston Fury Beast 16GB DDR4,Memory,Kingston,CUS0378,2022-05-03,19:52:26,2022,5,54.99,23,1,0.0,54.99,31.99,58.2,Phone,Boleto,Completed,Leonardo
917,ORD00358,PRD027,Gigabyte Z790 AORUS Master,Motherboard,Gigabyte,CUS0458,2024-07-22,19:28:34,2024,7,449.99,193,1,0.1,404.99,231.29,57.1,Reseller,PIX,Completed,Aline
918,ORD00358,PRD020,Kingston Fury Beast 32GB DDR4,Memory,Kingston,CUS0458,2024-07-22,19:28:34,2024,7,99.99,43,2,0.0,199.98,113.98,57.0,Phone,Debit Card,Completed,Aline
919,ORD00358,PRD042,NVIDIA RTX 4070 12GB,GPU,NVIDIA,CUS0458,2024-07-22,19:28:34,2024,7,599.99,258,1,0.1,539.99,307.79,57.0,Phone,Boleto,Completed,Aline
920,ORD00359,PRD037,AMD Ryzen 9 7900X,Processor,AMD,CUS0447,2023-12-02,17:40:04,2023,12,549.99,236,1,0.1,494.99,282.59,57.1,In-Store,Cash,Completed,Larissa
921,ORD00360,PRD031,Intel Core i7-12700K,Processor,Intel,CUS0490,2024-10-25,09:19:54,2024,10,369.99,159,2,0.0,739.98,421.98,57.0,Phone,Bank Transfer,Completed,Isabela
922,ORD00361,PRD038,NVIDIA RTX 3060 12GB,GPU,NVIDIA,CUS0439,2022-06-30,11:18:21,2022,6,329.99,141,2,0.05,626.98,359.08,57.3,In-Store,PIX,Completed,Alexandre
923,ORD00361,PRD020,Kingston Fury Beast 32GB DDR4,Memory,Kingston,CUS0439,2022-06-30,11:18:21,2022,6,99.99,43,2,0.2,159.98,91.18,57.0,In-Store,Debit Card,Completed,Alexandre
924,ORD00362,PRD007,Samsung 970 EVO 1TB,Storage,Samsung,CUS0073,2024-04-26,15:32:55,2024,4,119.99,51,1,0.05,113.99,65.54,57.5,Marketplace,PIX,Completed,Fernanda
925,ORD00362,PRD001,Kingston A400 240GB,Storage,Kingston,CUS0073,2024-04-26,15:32:55,2024,4,29.99,13,2,0.15,50.98,28.88,56.7,In-Store,Credit Card,Completed,Fernanda
926,ORD00362,PRD031,Intel Core i7-12700K,Processor,Intel,CUS0073,2024-04-26,15:32:55,2024,4,369.99,159,2,0.05,702.98,400.88,57.0,Phone,Cash,Completed,Fernanda
927,ORD00363,PRD034,AMD Ryzen 5 7600X,Processor,AMD,CUS0052,2024-05-18,13:32:56,2024,5,249.99,107,1,0.15,212.49,121.54,57.2,Marketplace,PIX,Completed,Larissa
928,ORD00363,PRD060,Thermaltake UX200 ARGB,Cooler,Thermaltake,CUS0052,2024-05-18,13:32:56,2024,5,34.99,15,1,0.0,34.99,19.99,57.1,Online,Boleto,Completed,Larissa
929,ORD00363,PRD038,NVIDIA RTX 3060 12GB,GPU,NVIDIA,CUS0052,2024-05-18,13:32:56,2024,5,329.99,141,1,0.1,296.99,170.09,57.3,Reseller,Credit Card,Completed,Larissa
930,ORD00364,PRD045,AMD RX 6700 XT 12GB,GPU,AMD,CUS0341,2023-11-08,20:48:07,2023,11,399.99,172,1,0.1,359.99,205.19,57.0,Marketplace,Credit Card,Completed,Rafael
931,ORD00364,PRD039,NVIDIA RTX 3070 8GB,GPU,NVIDIA,CUS0341,2023-11-08,20:48:07,2023,11,499.99,215,1,0.15,424.99,242.24,57.0,Online,Debit Card,Completed,Rafael
932,ORD00364,PRD022,ASUS ROG Strix Z690-A,Motherboard,ASUS,CUS0341,2023-11-08,20:48:07,2023,11,319.99,137,4,0.0,1279.96,731.96,57.2,In-Store,Debit Card,Completed,Rafael
933,ORD00365,PRD038,NVIDIA RTX 3060 12GB,GPU,NVIDIA,CUS0220,2023-03-21,21:21:00,2023,3,329.99,141,1,0.0,329.99,188.99,57.3,Phone,Credit Card,Completed,Felipe
934,ORD00366,PRD029,Intel Core i5-12400,Processor,Intel,CUS0399,2023-12-12,16:06:48,2023,12,199.99,86,2,0.0,399.98,227.98,57.0,Online,Boleto,Completed,Sergio
935,ORD00366,PRD053,Noctua NH-D15,Cooler,Noctua,CUS0399,2023-12-12,16:06:48,2023,12,99.99,43,1,0.0,99.99,56.99,57.0,In-Store,Cash,Completed,Sergio
936,ORD00366,PRD009,WD Black SN850 1TB,Storage,WD,CUS0399,2023-12-12,16:06:48,2023,12,109.99,47,1,0.0,109.99,62.99,57.3,Marketplace,Boleto,Completed,Sergio
937,ORD00366,PRD011,Seagate Barracuda 2TB,Storage,Seagate,CUS0399,2023-12-12,16:06:48,2023,12,54.99,23,1,0.0,54.99,31.99,58.2,Marketplace,Debit Card,Completed,Sergio
938,ORD00367,PRD044,AMD RX 6600 8GB,GPU,AMD,CUS0351,2023-12-17,08:05:18,2023,12,289.99,124,1,0.0,289.99,165.99,57.2,Reseller,Boleto,Completed,Paulo
939,ORD00368,PRD033,AMD Ryzen 5 5600X,Processor,AMD,CUS0078,2024-03-10,16:01:08,2024,3,229.99,98,3,0.0,689.97,395.97,57.4,Marketplace,Cash,Completed,Daniela
940,ORD00368,PRD021,ASUS ROG Strix B550-F,Motherboard,ASUS,CUS0078,2024-03-10,16:01:08,2024,3,219.99,94,4,0.0,879.96,503.96,57.3,Reseller,PIX,Completed,Daniela
941,ORD00368,PRD006,Samsung 970 EVO 500GB,Storage,Samsung,CUS0078,2024-03-10,16:01:08,2024,3,69.99,29,1,0.0,69.99,40.99,58.6,Reseller,Boleto,Completed,Daniela
942,ORD00369,PRD004,Samsung 870 EVO 500GB,Storage,Samsung,CUS0239,2022-03-13,10:23:13,2022,3,79.99,34,2,0.0,159.98,91.98,57.5,Reseller,Boleto,Completed,Leticia
943,ORD00370,PRD051,be quiet! Straight Power 850W,PSU,be quiet!,CUS0228,2024-07-31,11:24:00,2024,7,169.99,73,4,0.1,611.96,349.16,57.1,Online,Credit Card,Completed,Eduardo
944,ORD00370,PRD057,NZXT Kraken X73 360mm,Cooler,NZXT,CUS0228,2024-07-31,11:24:00,2024,7,189.99,81,1,0.25,142.49,81.74,57.4,Reseller,Bank Transfer,Completed,Eduardo
945,ORD00370,PRD020,Kingston Fury Beast 32GB DDR4,Memory,Kingston,CUS0228,2024-07-31,11:24:00,2024,7,99.99,43,2,0.1,179.98,102.58,57.0,Online,Debit Card,Completed,Eduardo
946,ORD00371,PRD044,AMD RX 6600 8GB,GPU,AMD,CUS0098,2024-06-18,19:13:25,2024,6,289.99,124,1,0.05,275.49,157.69,57.2,Online,Cash,Completed,Larissa
947,ORD00371,PRD022,ASUS ROG Strix Z690-A,Motherboard,ASUS,CUS0098,2024-06-18,19:13:25,2024,6,319.99,137,2,0.15,543.98,311.08,57.2,In-Store,Bank Transfer,Completed,Larissa
948,ORD00372,PRD029,Intel Core i5-12400,Processor,Intel,CUS0031,2024-10-29,13:50:20,2024,10,199.99,86,1,0.2,159.99,91.19,57.0,Reseller,Credit Card,Completed,Leticia
949,ORD00372,PRD017,G.Skill Trident Z5 32GB DDR5,Memory,G.Skill,CUS0031,2024-10-29,13:50:20,2024,10,149.99,64,1,0.0,149.99,85.99,57.3,Reseller,Boleto,Completed,Leticia
950,ORD00372,PRD018,G.Skill Trident Z5 64GB DDR5,Memory,G.Skill,CUS0031,2024-10-29,13:50:20,2024,10,289.99,124,3,0.05,826.47,473.07,57.2,Reseller,Credit Card,Completed,Leticia
951,ORD00373,PRD016,G.Skill Trident Z5 16GB DDR5,Memory,G.Skill,CUS0231,2022-10-10,20:06:33,2022,10,79.99,34,1,0.1,71.99,41.39,57.5,Marketplace,PIX,Completed,Gabriel
952,ORD00374,PRD021,ASUS ROG Strix B550-F,Motherboard,ASUS,CUS0255,2022-05-16,09:55:35,2022,5,219.99,94,1,0.05,208.99,119.69,57.3,Reseller,Boleto,Completed,Monica
953,ORD00374,PRD009,WD Black SN850 1TB,Storage,WD,CUS0255,2022-05-16,09:55:35,2022,5,109.99,47,1,0.0,109.99,62.99,57.3,Online,Bank Transfer,Completed,Monica
954,ORD00375,PRD012,Seagate Barracuda 4TB,Storage,Seagate,CUS0338,2023-07-23,22:20:13,2023,7,89.99,38,1,0.05,85.49,49.39,57.8,In-Store,Boleto,Completed,Leandro
955,ORD00376,PRD035,AMD Ryzen 7 5800X3D,Processor,AMD,CUS0174,2024-08-11,11:05:38,2024,8,349.99,150,1,0.0,349.99,199.99,57.1,Phone,Debit Card,Completed,Sandra
956,ORD00376,PRD047,Corsair RM650 Modular,PSU,Corsair,CUS0174,2024-08-11,11:05:38,2024,8,89.99,38,1,0.0,89.99,51.99,57.8,Reseller,Debit Card,Completed,Sandra
957,ORD00376,PRD022,ASUS ROG Strix Z690-A,Motherboard,ASUS,CUS0174,2024-08-11,11:05:38,2024,8,319.99,137,1,0.0,319.99,182.99,57.2,Reseller,Debit Card,Completed,Sandra
958,ORD00377,PRD056,Corsair H150i Elite 360mm,Cooler,Corsair,CUS0265,2024-12-28,11:26:29,2024,12,169.99,73,1,0.2,135.99,77.59,57.1,Marketplace,Credit Card,Completed,Daniela
959,ORD00378,PRD035,AMD Ryzen 7 5800X3D,Processor,AMD,CUS0311,2023-12-01,16:39:21,2023,12,349.99,150,3,0.0,1049.97,599.97,57.1,Online,PIX,Completed,Viviane
960,ORD00378,PRD052,Thermaltake Toughpower 1000W,PSU,Thermaltake,CUS0311,2023-12-01,16:39:21,2023,12,189.99,81,3,0.1,512.97,294.27,57.4,Reseller,Credit Card,Completed,Viviane
961,ORD00378,PRD016,G.Skill Trident Z5 16GB DDR5,Memory,G.Skill,CUS0311,2023-12-01,16:39:21,2023,12,79.99,34,1,0.0,79.99,45.99,57.5,Reseller,Credit Card,Completed,Viviane
962,ORD00378,PRD022,ASUS ROG Strix Z690-A,Motherboard,ASUS,CUS0311,2023-12-01,16:39:21,2023,12,319.99,137,1,0.1,287.99,164.69,57.2,In-Store,Debit Card,Completed,Viviane
963,ORD00379,PRD029,Intel Core i5-12400,Processor,Intel,CUS0218,2024-12-17,15:03:37,2024,12,199.99,86,1,0.05,189.99,108.29,57.0,In-Store,Credit Card,Completed,Alexandre
964,ORD00379,PRD030,Intel Core i5-13600K,Processor,Intel,CUS0218,2024-12-17,15:03:37,2024,12,279.99,120,1,0.0,279.99,159.99,57.1,Marketplace,Cash,Completed,Alexandre
965,ORD00379,PRD043,NVIDIA RTX 4080 16GB,GPU,NVIDIA,CUS0218,2024-12-17,15:03:37,2024,12,1199.99,516,1,0.1,1079.99,615.59,57.0,Online,Credit Card,Completed,Alexandre
966,ORD00380,PRD002,Kingston A400 480GB,Storage,Kingston,CUS0155,2023-02-07,22:13:18,2023,2,49.99,21,2,0.0,99.98,57.98,58.0,Online,Credit Card,Completed,Ana
967,ORD00381,PRD036,AMD Ryzen 9 5900X,Processor,AMD,CUS0215,2022-09-19,10:32:54,2022,9,449.99,193,2,0.0,899.98,513.98,57.1,Reseller,Debit Card,Completed,Juliana
968,ORD00381,PRD050,EVGA SuperNOVA 650W,PSU,EVGA,CUS0215,2022-09-19,10:32:54,2022,9,89.99,38,3,0.05,256.47,148.17,57.8,Marketplace,Credit Card,Completed,Juliana
969,ORD00382,PRD040,NVIDIA RTX 3080 10GB,GPU,NVIDIA,CUS0044,2024-10-05,15:16:01,2024,10,699.99,301,1,0.0,699.99,398.99,57.0,Online,Debit Card,Completed,Vanessa
970,ORD00382,PRD055,Corsair H100i RGB 240mm,Cooler,Corsair,CUS0044,2024-10-05,15:16:01,2024,10,129.99,56,4,0.0,519.96,295.96,56.9,Phone,Cash,Completed,Vanessa
971,ORD00382,PRD059,Cooler Master Hyper 212,Cooler,Cooler Master,CUS0044,2024-10-05,15:16:01,2024,10,39.99,17,1,0.05,37.99,21.84,57.5,Reseller,Debit Card,Completed,Vanessa
972,ORD00382,PRD052,Thermaltake Toughpower 1000W,PSU,Thermaltake,CUS0044,2024-10-05,15:16:01,2024,10,189.99,81,1,0.05,180.49,103.54,57.4,Reseller,Cash,Completed,Vanessa
973,ORD00383,PRD041,NVIDIA RTX 4060 8GB,GPU,NVIDIA,CUS0112,2023-08-23,20:35:23,2023,8,299.99,129,2,0.25,449.99,256.49,57.0,Online,Bank Transfer,Completed,Aline
974,ORD00383,PRD027,Gigabyte Z790 AORUS Master,Motherboard,Gigabyte,CUS0112,2023-08-23,20:35:23,2023,8,449.99,193,1,0.0,449.99,256.99,57.1,In-Store,Debit Card,Completed,Aline
975,ORD00384,PRD046,AMD RX 7900 XTX 24GB,GPU,AMD,CUS0356,2023-08-21,11:33:45,2023,8,999.99,430,1,0.05,949.99,541.49,57.0,In-Store,Cash,Completed,Marcelo
976,ORD00384,PRD060,Thermaltake UX200 ARGB,Cooler,Thermaltake,CUS0356,2023-08-21,11:33:45,2023,8,34.99,15,3,0.0,104.97,59.97,57.1,Marketplace,Credit Card,Completed,Marcelo
977,ORD00384,PRD044,AMD RX 6600 8GB,GPU,AMD,CUS0356,2023-08-21,11:33:45,2023,8,289.99,124,1,0.0,289.99,165.99,57.2,Reseller,Boleto,Completed,Marcelo
978,ORD00384,PRD058,DeepCool AK620,Cooler,DeepCool,CUS0356,2023-08-21,11:33:45,2023,8,54.99,23,1,0.0,54.99,31.99,58.2,Reseller,Cash,Completed,Marcelo
979,ORD00385,PRD038,NVIDIA RTX 3060 12GB,GPU,NVIDIA,CUS0054,2022-04-22,12:51:08,2022,4,329.99,141,1,0.0,329.99,188.99,57.3,Marketplace,Debit Card,Completed,Renata
980,ORD00386,PRD037,AMD Ryzen 9 7900X,Processor,AMD,CUS0249,2022-01-04,21:15:00,2022,1,549.99,236,2,0.1,989.98,565.18,57.1,In-Store,Credit Card,Completed,Gabriel
981,ORD00386,PRD045,AMD RX 6700 XT 12GB,GPU,AMD,CUS0249,2022-01-04,21:15:00,2022,1,399.99,172,1,0.0,399.99,227.99,57.0,Online,Debit Card,Completed,Gabriel
982,ORD00386,PRD002,Kingston A400 480GB,Storage,Kingston,CUS0249,2022-01-04,21:15:00,2022,1,49.99,21,1,0.0,49.99,28.99,58.0,Reseller,Cash,Completed,Gabriel
983,ORD00386,PRD038,NVIDIA RTX 3060 12GB,GPU,NVIDIA,CUS0249,2022-01-04,21:15:00,2022,1,329.99,141,2,0.2,527.98,302.38,57.3,Reseller,Debit Card,Completed,Gabriel
984,ORD00387,PRD048,Corsair RM750 Modular,PSU,Corsair,CUS0159,2023-09-11,13:37:25,2023,9,109.99,47,1,0.05,104.49,59.84,57.3,Phone,Debit Card,Completed,Alexandre
985,ORD00387,PRD004,Samsung 870 EVO 500GB,Storage,Samsung,CUS0159,2023-09-11,13:37:25,2023,9,79.99,34,1,0.0,79.99,45.99,57.5,Reseller,PIX,Completed,Alexandre
986,ORD00387,PRD017,G.Skill Trident Z5 32GB DDR5,Memory,G.Skill,CUS0159,2023-09-11,13:37:25,2023,9,149.99,64,3,0.0,449.97,257.97,57.3,Marketplace,Credit Card,Completed,Alexandre
987,ORD00388,PRD038,NVIDIA RTX 3060 12GB,GPU,NVIDIA,CUS0248,2023-12-11,08:56:28,2023,12,329.99,141,2,0.0,659.98,377.98,57.3,Marketplace,Bank Transfer,Completed,Eduardo
988,ORD00388,PRD024,MSI MAG B550M MORTAR,Motherboard,MSI,CUS0248,2023-12-11,08:56:28,2023,12,129.99,55,1,0.1,116.99,67.49,57.7,Online,Debit Card,Completed,Eduardo
989,ORD00388,PRD013,Corsair Vengeance 8GB DDR4,Memory,Corsair,CUS0248,2023-12-11,08:56:28,2023,12,29.99,12,1,0.0,29.99,17.99,60.0,In-Store,Debit Card,Completed,Eduardo
990,ORD00389,PRD057,NZXT Kraken X73 360mm,Cooler,NZXT,CUS0204,2023-12-16,19:47:35,2023,12,189.99,81,1,0.25,142.49,81.74,57.4,Reseller,Credit Card,Completed,Pedro
991,ORD00390,PRD050,EVGA SuperNOVA 650W,PSU,EVGA,CUS0118,2022-11-22,18:59:27,2022,11,89.99,38,1,0.1,80.99,46.79,57.8,Reseller,Credit Card,Completed,Sergio
992,ORD00390,PRD018,G.Skill Trident Z5 64GB DDR5,Memory,G.Skill,CUS0118,2022-11-22,18:59:27,2022,11,289.99,124,3,0.05,826.47,473.07,57.2,In-Store,PIX,Completed,Sergio
993,ORD00391,PRD030,Intel Core i5-13600K,Processor,Intel,CUS0461,2023-12-21,14:25:38,2023,12,279.99,120,1,0.0,279.99,159.99,57.1,Phone,Cash,Completed,Gabriel
994,ORD00391,PRD031,Intel Core i7-12700K,Processor,Intel,CUS0461,2023-12-21,14:25:38,2023,12,369.99,159,2,0.05,702.98,400.88,57.0,Online,PIX,Completed,Gabriel
995,ORD00391,PRD046,AMD RX 7900 XTX 24GB,GPU,AMD,CUS0461,2023-12-21,14:25:38,2023,12,999.99,430,1,0.0,999.99,569.99,57.0,In-Store,Debit Card,Completed,Gabriel
996,ORD00391,PRD006,Samsung 970 EVO 500GB,Storage,Samsung,CUS0461,2023-12-21,14:25:38,2023,12,69.99,29,1,0.0,69.99,40.99,58.6,Reseller,Credit Card,Completed,Gabriel
997,ORD00392,PRD024,MSI MAG B550M MORTAR,Motherboard,MSI,CUS0384,2022-08-17,18:54:13,2022,8,129.99,55,2,0.0,259.98,149.98,57.7,Marketplace,Credit Card,Completed,Lucas
998,ORD00393,PRD040,NVIDIA RTX 3080 10GB,GPU,NVIDIA,CUS0041,2022-07-16,10:12:22,2022,7,699.99,301,1,0.2,559.99,319.19,57.0,Phone,Cash,Completed,Paulo
999,ORD00393,PRD034,AMD Ryzen 5 7600X,Processor,AMD,CUS0041,2022-07-16,10:12:22,2022,7,249.99,107,1,0.1,224.99,128.69,57.2,In-Store,Cash,Completed,Paulo
1000,ORD00394,PRD037,AMD Ryzen 9 7900X,Processor,AMD,CUS0166,2022-12-03,21:19:55,2022,12,549.99,236,1,0.0,549.99,313.99,57.1,Marketplace,Debit Card,Completed,Monica
1001,ORD00394,PRD059,Cooler Master Hyper 212,Cooler,Cooler Master,CUS0166,2022-12-03,21:19:55,2022,12,39.99,17,1,0.05,37.99,21.84,57.5,Phone,Cash,Completed,Monica
1002,ORD00394,PRD012,Seagate Barracuda 4TB,Storage,Seagate,CUS0166,2022-12-03,21:19:55,2022,12,89.99,38,1,0.0,89.99,51.99,57.8,In-Store,Boleto,Completed,Monica
1003,ORD00394,PRD038,NVIDIA RTX 3060 12GB,GPU,NVIDIA,CUS0166,2022-12-03,21:19:55,2022,12,329.99,141,1,0.05,313.49,179.54,57.3,Marketplace,Cash,Completed,Monica
1004,ORD00395,PRD021,ASUS ROG Strix B550-F,Motherboard,ASUS,CUS0295,2022-08-03,12:11:57,2022,8,219.99,94,1,0.15,186.99,107.09,57.3,Reseller,Cash,Completed,Marcelo
1005,ORD00395,PRD013,Corsair Vengeance 8GB DDR4,Memory,Corsair,CUS0295,2022-08-03,12:11:57,2022,8,29.99,12,1,0.0,29.99,17.99,60.0,In-Store,Credit Card,Completed,Marcelo
1006,ORD00396,PRD035,AMD Ryzen 7 5800X3D,Processor,AMD,CUS0256,2022-07-05,22:57:49,2022,7,349.99,150,1,0.0,349.99,199.99,57.1,In-Store,Boleto,Completed,Pedro
1007,ORD00397,PRD060,Thermaltake UX200 ARGB,Cooler,Thermaltake,CUS0081,2023-01-20,12:28:57,2023,1,34.99,15,1,0.05,33.24,18.99,57.1,In-Store,Bank Transfer,Completed,Carla
1008,ORD00397,PRD026,Gigabyte B550 AORUS Elite,Motherboard,Gigabyte,CUS0081,2023-01-20,12:28:57,2023,1,169.99,72,1,0.0,169.99,97.99,57.6,Online,PIX,Completed,Carla
1009,ORD00397,PRD011,Seagate Barracuda 2TB,Storage,Seagate,CUS0081,2023-01-20,12:28:57,2023,1,54.99,23,2,0.15,93.48,54.38,58.2,Reseller,PIX,Completed,Carla
1010,ORD00398,PRD038,NVIDIA RTX 3060 12GB,GPU,NVIDIA,CUS0226,2023-04-06,17:07:36,2023,4,329.99,141,1,0.0,329.99,188.99,57.3,In-Store,PIX,Completed,João
1011,ORD00398,PRD021,ASUS ROG Strix B550-F,Motherboard,ASUS,CUS0226,2023-04-06,17:07:36,2023,4,219.99,94,4,0.05,835.96,478.76,57.3,Phone,Boleto,Completed,João
1012,ORD00399,PRD032,Intel Core i9-12900K,Processor,Intel,CUS0156,2024-06-06,17:10:59,2024,6,569.99,245,1,0.0,569.99,324.99,57.0,Marketplace,Credit Card,Completed,Alexandre
1013,ORD00399,PRD046,AMD RX 7900 XTX 24GB,GPU,AMD,CUS0156,2024-06-06,17:10:59,2024,6,999.99,430,1,0.2,799.99,455.99,57.0,Online,Boleto,Completed,Alexandre
1014,ORD00399,PRD033,AMD Ryzen 5 5600X,Processor,AMD,CUS0156,2024-06-06,17:10:59,2024,6,229.99,98,2,0.1,413.98,237.58,57.4,In-Store,Cash,Completed,Alexandre
1015,ORD00400,PRD014,Corsair Vengeance 16GB DDR4,Memory,Corsair,CUS0089,2023-02-25,11:36:53,2023,2,59.99,25,1,0.0,59.99,34.99,58.3,Reseller,Boleto,Completed,Patricia
1016,ORD00400,PRD005,Samsung 870 EVO 1TB,Storage,Samsung,CUS0089,2023-02-25,11:36:53,2023,2,129.99,56,1,0.0,129.99,73.99,56.9,Reseller,Boleto,Completed,Patricia
1017,ORD00400,PRD051,be quiet! Straight Power 850W,PSU,be quiet!,CUS0089,2023-02-25,11:36:53,2023,2,169.99,73,1,0.0,169.99,96.99,57.1,Online,PIX,Completed,Patricia
1018,ORD00400,PRD034,AMD Ryzen 5 7600X,Processor,AMD,CUS0089,2023-02-25,11:36:53,2023,2,249.99,107,1,0.0,249.99,142.99,57.2,Online,Cash,Completed,Patricia
1019,ORD00401,PRD033,AMD Ryzen 5 5600X,Processor,AMD,CUS0052,2024-02-11,12:04:52,2024,2,229.99,98,1,0.0,229.99,131.99,57.4,Online,Cash,Completed,Larissa
1020,ORD00401,PRD007,Samsung 970 EVO 1TB,Storage,Samsung,CUS0052,2024-02-11,12:04:52,2024,2,119.99,51,2,0.25,179.98,103.48,57.5,Phone,Debit Card,Completed,Larissa
1021,ORD00401,PRD006,Samsung 970 EVO 500GB,Storage,Samsung,CUS0052,2024-02-11,12:04:52,2024,2,69.99,29,2,0.05,132.98,77.88,58.6,Reseller,Boleto,Completed,Larissa
1022,ORD00402,PRD030,Intel Core i5-13600K,Processor,Intel,CUS0124,2023-11-09,11:28:31,2023,11,279.99,120,2,0.1,503.98,287.98,57.1,Online,Cash,Completed,Leandro
1023,ORD00402,PRD032,Intel Core i9-12900K,Processor,Intel,CUS0124,2023-11-09,11:28:31,2023,11,569.99,245,3,0.1,1538.97,877.47,57.0,Online,Cash,Completed,Leandro
1024,ORD00402,PRD021,ASUS ROG Strix B550-F,Motherboard,ASUS,CUS0124,2023-11-09,11:28:31,2023,11,219.99,94,1,0.0,219.99,125.99,57.3,Reseller,Cash,Completed,Leandro
1025,ORD00403,PRD004,Samsung 870 EVO 500GB,Storage,Samsung,CUS0053,2022-12-23,11:13:02,2022,12,79.99,34,2,0.0,159.98,91.98,57.5,Reseller,Boleto,Completed,Sergio
1026,ORD00403,PRD022,ASUS ROG Strix Z690-A,Motherboard,ASUS,CUS0053,2022-12-23,11:13:02,2022,12,319.99,137,1,0.0,319.99,182.99,57.2,Marketplace,Debit Card,Completed,Sergio
1027,ORD00403,PRD033,AMD Ryzen 5 5600X,Processor,AMD,CUS0053,2022-12-23,11:13:02,2022,12,229.99,98,1,0.15,195.49,112.19,57.4,Phone,Cash,Completed,Sergio
1028,ORD00403,PRD051,be quiet! Straight Power 850W,PSU,be quiet!,CUS0053,2022-12-23,11:13:02,2022,12,169.99,73,3,0.05,484.47,276.42,57.1,Online,Credit Card,Completed,Sergio
1029,ORD00404,PRD056,Corsair H150i Elite 360mm,Cooler,Corsair,CUS0047,2023-02-11,17:56:09,2023,2,169.99,73,1,0.0,169.99,96.99,57.1,In-Store,Debit Card,Completed,Paulo
1030,ORD00404,PRD017,G.Skill Trident Z5 32GB DDR5,Memory,G.Skill,CUS0047,2023-02-11,17:56:09,2023,2,149.99,64,1,0.05,142.49,81.69,57.3,In-Store,Cash,Completed,Paulo
1031,ORD00404,PRD025,MSI PRO Z690-A,Motherboard,MSI,CUS0047,2023-02-11,17:56:09,2023,2,189.99,81,1,0.0,189.99,108.99,57.4,In-Store,PIX,Completed,Paulo
1032,ORD00404,PRD053,Noctua NH-D15,Cooler,Noctua,CUS0047,2023-02-11,17:56:09,2023,2,99.99,43,1,0.0,99.99,56.99,57.0,Marketplace,Debit Card,Completed,Paulo
1033,ORD00405,PRD002,Kingston A400 480GB,Storage,Kingston,CUS0405,2024-04-08,16:44:57,2024,4,49.99,21,2,0.05,94.98,55.08,58.0,Phone,PIX,Completed,Vanessa
1034,ORD00405,PRD058,DeepCool AK620,Cooler,DeepCool,CUS0405,2024-04-08,16:44:57,2024,4,54.99,23,2,0.0,109.98,63.98,58.2,Phone,Credit Card,Completed,Vanessa
1035,ORD00406,PRD032,Intel Core i9-12900K,Processor,Intel,CUS0109,2022-10-16,14:33:54,2022,10,569.99,245,1,0.0,569.99,324.99,57.0,Reseller,Credit Card,Completed,Vanessa
1036,ORD00406,PRD034,AMD Ryzen 5 7600X,Processor,AMD,CUS0109,2022-10-16,14:33:54,2022,10,249.99,107,2,0.0,499.98,285.98,57.2,Marketplace,Credit Card,Completed,Vanessa
1037,ORD00407,PRD027,Gigabyte Z790 AORUS Master,Motherboard,Gigabyte,CUS0394,2024-01-22,14:22:14,2024,1,449.99,193,3,0.0,1349.97,770.97,57.1,Marketplace,Cash,Completed,Fernanda
1038,ORD00407,PRD018,G.Skill Trident Z5 64GB DDR5,Memory,G.Skill,CUS0394,2024-01-22,14:22:14,2024,1,289.99,124,1,0.0,289.99,165.99,57.2,Phone,Boleto,Completed,Fernanda
1039,ORD00407,PRD024,MSI MAG B550M MORTAR,Motherboard,MSI,CUS0394,2024-01-22,14:22:14,2024,1,129.99,55,2,0.0,259.98,149.98,57.7,Phone,Credit Card,Completed,Fernanda
1040,ORD00408,PRD025,MSI PRO Z690-A,Motherboard,MSI,CUS0385,2024-05-04,21:10:22,2024,5,189.99,81,1,0.0,189.99,108.99,57.4,Reseller,Bank Transfer,Completed,Mariana
1041,ORD00408,PRD015,Corsair Vengeance 32GB DDR4,Memory,Corsair,CUS0385,2024-05-04,21:10:22,2024,5,109.99,47,3,0.0,329.97,188.97,57.3,Online,Debit Card,Completed,Mariana
1042,ORD00409,PRD051,be quiet! Straight Power 850W,PSU,be quiet!,CUS0441,2023-11-15,13:59:51,2023,11,169.99,73,1,0.0,169.99,96.99,57.1,Reseller,Boleto,Completed,Rodrigo
1043,ORD00409,PRD042,NVIDIA RTX 4070 12GB,GPU,NVIDIA,CUS0441,2023-11-15,13:59:51,2023,11,599.99,258,3,0.0,1799.97,1025.97,57.0,Online,Debit Card,Completed,Rodrigo
1044,ORD00409,PRD035,AMD Ryzen 7 5800X3D,Processor,AMD,CUS0441,2023-11-15,13:59:51,2023,11,349.99,150,1,0.0,349.99,199.99,57.1,Marketplace,Boleto,Completed,Rodrigo
1045,ORD00409,PRD060,Thermaltake UX200 ARGB,Cooler,Thermaltake,CUS0441,2023-11-15,13:59:51,2023,11,34.99,15,2,0.1,62.98,35.98,57.1,Phone,Boleto,Completed,Rodrigo
1046,ORD00410,PRD036,AMD Ryzen 9 5900X,Processor,AMD,CUS0324,2022-08-16,20:39:39,2022,8,449.99,193,3,0.0,1349.97,770.97,57.1,Marketplace,Bank Transfer,Completed,Felipe
1047,ORD00410,PRD040,NVIDIA RTX 3080 10GB,GPU,NVIDIA,CUS0324,2022-08-16,20:39:39,2022,8,699.99,301,1,0.0,699.99,398.99,57.0,Phone,Bank Transfer,Completed,Felipe
1048,ORD00410,PRD002,Kingston A400 480GB,Storage,Kingston,CUS0324,2022-08-16,20:39:39,2022,8,49.99,21,1,0.0,49.99,28.99,58.0,In-Store,Debit Card,Completed,Felipe
1049,ORD00410,PRD052,Thermaltake Toughpower 1000W,PSU,Thermaltake,CUS0324,2022-08-16,20:39:39,2022,8,189.99,81,1,0.15,161.49,92.64,57.4,Online,Bank Transfer,Completed,Felipe
1050,ORD00411,PRD027,Gigabyte Z790 AORUS Master,Motherboard,Gigabyte,CUS0135,2022-10-31,16:01:55,2022,10,449.99,193,1,0.15,382.49,218.44,57.1,In-Store,PIX,Completed,Daniela
1051,ORD00411,PRD035,AMD Ryzen 7 5800X3D,Processor,AMD,CUS0135,2022-10-31,16:01:55,2022,10,349.99,150,2,0.0,699.98,399.98,57.1,Reseller,Cash,Completed,Daniela
1052,ORD00411,PRD005,Samsung 870 EVO 1TB,Storage,Samsung,CUS0135,2022-10-31,16:01:55,2022,10,129.99,56,1,0.1,116.99,66.59,56.9,Phone,Bank Transfer,Completed,Daniela
1053,ORD00412,PRD047,Corsair RM650 Modular,PSU,Corsair,CUS0322,2024-12-13,18:04:33,2024,12,89.99,38,2,0.0,179.98,103.98,57.8,Online,Boleto,Completed,Carlos
1054,ORD00412,PRD008,Samsung 970 EVO 2TB,Storage,Samsung,CUS0322,2024-12-13,18:04:33,2024,12,219.99,94,1,0.05,208.99,119.69,57.3,Phone,Credit Card,Completed,Carlos
1055,ORD00412,PRD050,EVGA SuperNOVA 650W,PSU,EVGA,CUS0322,2024-12-13,18:04:33,2024,12,89.99,38,3,0.1,242.97,140.37,57.8,In-Store,Boleto,Completed,Carlos
1056,ORD00412,PRD055,Corsair H100i RGB 240mm,Cooler,Corsair,CUS0322,2024-12-13,18:04:33,2024,12,129.99,56,2,0.0,259.98,147.98,56.9,Online,PIX,Completed,Carlos
1057,ORD00413,PRD003,Kingston A400 960GB,Storage,Kingston,CUS0486,2022-01-16,13:02:33,2022,1,89.99,38,1,0.1,80.99,46.79,57.8,Reseller,Boleto,Completed,Ana
1058,ORD00413,PRD047,Corsair RM650 Modular,PSU,Corsair,CUS0486,2022-01-16,13:02:33,2022,1,89.99,38,1,0.0,89.99,51.99,57.8,Phone,Cash,Completed,Ana
1059,ORD00413,PRD008,Samsung 970 EVO 2TB,Storage,Samsung,CUS0486,2022-01-16,13:02:33,2022,1,219.99,94,2,0.2,351.98,201.58,57.3,Marketplace,PIX,Completed,Ana
1060,ORD00413,PRD039,NVIDIA RTX 3070 8GB,GPU,NVIDIA,CUS0486,2022-01-16,13:02:33,2022,1,499.99,215,4,0.0,1999.96,1139.96,57.0,In-Store,Credit Card,Completed,Ana
1061,ORD00414,PRD016,G.Skill Trident Z5 16GB DDR5,Memory,G.Skill,CUS0147,2022-03-31,22:19:28,2022,3,79.99,34,2,0.15,135.98,78.18,57.5,In-Store,Debit Card,Completed,Maria
1062,ORD00415,PRD034,AMD Ryzen 5 7600X,Processor,AMD,CUS0481,2024-03-08,18:51:24,2024,3,249.99,107,2,0.25,374.99,214.49,57.2,Online,Bank Transfer,Completed,Paulo
1063,ORD00415,PRD029,Intel Core i5-12400,Processor,Intel,CUS0481,2024-03-08,18:51:24,2024,3,199.99,86,3,0.0,599.97,341.97,57.0,Phone,PIX,Completed,Paulo
1064,ORD00415,PRD058,DeepCool AK620,Cooler,DeepCool,CUS0481,2024-03-08,18:51:24,2024,3,54.99,23,1,0.0,54.99,31.99,58.2,Marketplace,Bank Transfer,Completed,Paulo
1065,ORD00416,PRD048,Corsair RM750 Modular,PSU,Corsair,CUS0191,2022-11-09,20:13:09,2022,11,109.99,47,1,0.15,93.49,53.54,57.3,Marketplace,Debit Card,Completed,Ana
1066,ORD00416,PRD044,AMD RX 6600 8GB,GPU,AMD,CUS0191,2022-11-09,20:13:09,2022,11,289.99,124,1,0.1,260.99,149.39,57.2,Online,Cash,Completed,Ana
1067,ORD00416,PRD040,NVIDIA RTX 3080 10GB,GPU,NVIDIA,CUS0191,2022-11-09,20:13:09,2022,11,699.99,301,2,0.0,1399.98,797.98,57.0,In-Store,Bank Transfer,Completed,Ana
1068,ORD00417,PRD009,WD Black SN850 1TB,Storage,WD,CUS0118,2022-07-17,08:23:39,2022,7,109.99,47,1,0.0,109.99,62.99,57.3,Reseller,Boleto,Completed,Sergio
1069,ORD00417,PRD060,Thermaltake UX200 ARGB,Cooler,Thermaltake,CUS0118,2022-07-17,08:23:39,2022,7,34.99,15,1,0.1,31.49,17.99,57.1,In-Store,Debit Card,Completed,Sergio
1070,ORD00418,PRD013,Corsair Vengeance 8GB DDR4,Memory,Corsair,CUS0069,2023-12-12,21:27:52,2023,12,29.99,12,1,0.1,26.99,16.19,60.0,In-Store,Cash,Completed,Daniela
1071,ORD00418,PRD015,Corsair Vengeance 32GB DDR4,Memory,Corsair,CUS0069,2023-12-12,21:27:52,2023,12,109.99,47,3,0.0,329.97,188.97,57.3,Online,Boleto,Completed,Daniela
1072,ORD00418,PRD045,AMD RX 6700 XT 12GB,GPU,AMD,CUS0069,2023-12-12,21:27:52,2023,12,399.99,172,4,0.05,1519.96,866.36,57.0,Reseller,Credit Card,Completed,Daniela
1073,ORD00419,PRD023,ASUS TUF Gaming B660M,Motherboard,ASUS,CUS0113,2022-08-04,12:35:26,2022,8,159.99,68,1,0.0,159.99,91.99,57.5,Phone,Cash,Completed,Priscila
1074,ORD00419,PRD043,NVIDIA RTX 4080 16GB,GPU,NVIDIA,CUS0113,2022-08-04,12:35:26,2022,8,1199.99,516,1,0.0,1199.99,683.99,57.0,Phone,Credit Card,Completed,Priscila
1075,ORD00419,PRD015,Corsair Vengeance 32GB DDR4,Memory,Corsair,CUS0113,2022-08-04,12:35:26,2022,8,109.99,47,2,0.05,208.98,119.68,57.3,Online,Cash,Completed,Priscila
1076,ORD00419,PRD016,G.Skill Trident Z5 16GB DDR5,Memory,G.Skill,CUS0113,2022-08-04,12:35:26,2022,8,79.99,34,2,0.0,159.98,91.98,57.5,Marketplace,Debit Card,Completed,Priscila
1077,ORD00420,PRD026,Gigabyte B550 AORUS Elite,Motherboard,Gigabyte,CUS0349,2022-03-11,20:31:15,2022,3,169.99,72,1,0.0,169.99,97.99,57.6,Marketplace,PIX,Completed,Gustavo
1078,ORD00420,PRD016,G.Skill Trident Z5 16GB DDR5,Memory,G.Skill,CUS0349,2022-03-11,20:31:15,2022,3,79.99,34,1,0.15,67.99,39.09,57.5,Online,Credit Card,Completed,Gustavo
1079,ORD00420,PRD011,Seagate Barracuda 2TB,Storage,Seagate,CUS0349,2022-03-11,20:31:15,2022,3,54.99,23,1,0.05,52.24,30.39,58.2,Online,Debit Card,Completed,Gustavo
1080,ORD00420,PRD050,EVGA SuperNOVA 650W,PSU,EVGA,CUS0349,2022-03-11,20:31:15,2022,3,89.99,38,1,0.0,89.99,51.99,57.8,In-Store,Credit Card,Completed,Gustavo
1081,ORD00421,PRD033,AMD Ryzen 5 5600X,Processor,AMD,CUS0244,2022-08-24,13:54:47,2022,8,229.99,98,1,0.1,206.99,118.79,57.4,In-Store,Credit Card,Completed,Roberto
1082,ORD00421,PRD048,Corsair RM750 Modular,PSU,Corsair,CUS0244,2022-08-24,13:54:47,2022,8,109.99,47,2,0.0,219.98,125.98,57.3,Marketplace,Credit Card,Completed,Roberto
1083,ORD00421,PRD060,Thermaltake UX200 ARGB,Cooler,Thermaltake,CUS0244,2022-08-24,13:54:47,2022,8,34.99,15,1,0.05,33.24,18.99,57.1,Phone,Boleto,Completed,Roberto
1084,ORD00421,PRD030,Intel Core i5-13600K,Processor,Intel,CUS0244,2022-08-24,13:54:47,2022,8,279.99,120,3,0.0,839.97,479.97,57.1,Phone,Bank Transfer,Completed,Roberto
1085,ORD00422,PRD039,NVIDIA RTX 3070 8GB,GPU,NVIDIA,CUS0500,2024-03-17,17:37:51,2024,3,499.99,215,1,0.0,499.99,284.99,57.0,Online,Boleto,Completed,Rodrigo
1086,ORD00422,PRD038,NVIDIA RTX 3060 12GB,GPU,NVIDIA,CUS0500,2024-03-17,17:37:51,2024,3,329.99,141,2,0.15,560.98,321.28,57.3,Online,Debit Card,Completed,Rodrigo
1087,ORD00422,PRD043,NVIDIA RTX 4080 16GB,GPU,NVIDIA,CUS0500,2024-03-17,17:37:51,2024,3,1199.99,516,1,0.05,1139.99,649.79,57.0,Marketplace,Boleto,Completed,Rodrigo
1088,ORD00423,PRD041,NVIDIA RTX 4060 8GB,GPU,NVIDIA,CUS0077,2022-04-01,10:22:08,2022,4,299.99,129,2,0.1,539.98,307.78,57.0,Reseller,Credit Card,Completed,Alexandre
1089,ORD00424,PRD044,AMD RX 6600 8GB,GPU,AMD,CUS0353,2024-04-28,18:45:44,2024,4,289.99,124,1,0.2,231.99,132.79,57.2,Reseller,PIX,Completed,Leandro
1090,ORD00425,PRD005,Samsung 870 EVO 1TB,Storage,Samsung,CUS0477,2022-06-18,20:36:19,2022,6,129.99,56,2,0.05,246.98,140.58,56.9,Marketplace,PIX,Completed,Patricia
1091,ORD00425,PRD041,NVIDIA RTX 4060 8GB,GPU,NVIDIA,CUS0477,2022-06-18,20:36:19,2022,6,299.99,129,1,0.2,239.99,136.79,57.0,Reseller,Cash,Completed,Patricia
1092,ORD00425,PRD008,Samsung 970 EVO 2TB,Storage,Samsung,CUS0477,2022-06-18,20:36:19,2022,6,219.99,94,1,0.05,208.99,119.69,57.3,In-Store,PIX,Completed,Patricia
1093,ORD00425,PRD020,Kingston Fury Beast 32GB DDR4,Memory,Kingston,CUS0477,2022-06-18,20:36:19,2022,6,99.99,43,1,0.05,94.99,54.14,57.0,In-Store,PIX,Completed,Patricia
1094,ORD00426,PRD019,Kingston Fury Beast 16GB DDR4,Memory,Kingston,CUS0493,2022-03-31,11:47:35,2022,3,54.99,23,1,0.0,54.99,31.99,58.2,In-Store,Cash,Completed,Sandra
1095,ORD00427,PRD049,Corsair RM850 Modular,PSU,Corsair,CUS0215,2022-07-12,15:28:03,2022,7,139.99,60,3,0.0,419.97,239.97,57.1,Reseller,PIX,Completed,Juliana
1096,ORD00427,PRD036,AMD Ryzen 9 5900X,Processor,AMD,CUS0215,2022-07-12,15:28:03,2022,7,449.99,193,1,0.0,449.99,256.99,57.1,Online,Bank Transfer,Completed,Juliana
1097,ORD00428,PRD040,NVIDIA RTX 3080 10GB,GPU,NVIDIA,CUS0326,2023-11-02,10:54:38,2023,11,699.99,301,1,0.1,629.99,359.09,57.0,Online,Cash,Completed,Beatriz
1098,ORD00428,PRD017,G.Skill Trident Z5 32GB DDR5,Memory,G.Skill,CUS0326,2023-11-02,10:54:38,2023,11,149.99,64,2,0.0,299.98,171.98,57.3,Online,Cash,Completed,Beatriz
1099,ORD00428,PRD057,NZXT Kraken X73 360mm,Cooler,NZXT,CUS0326,2023-11-02,10:54:38,2023,11,189.99,81,2,0.0,379.98,217.98,57.4,In-Store,Credit Card,Completed,Beatriz
1100,ORD00429,PRD036,AMD Ryzen 9 5900X,Processor,AMD,CUS0116,2022-07-10,13:31:51,2022,7,449.99,193,1,0.05,427.49,244.14,57.1,In-Store,Debit Card,Completed,Monica
1101,ORD00429,PRD010,WD Blue 1TB HDD,Storage,WD,CUS0116,2022-07-10,13:31:51,2022,7,44.99,19,2,0.0,89.98,51.98,57.8,Online,PIX,Completed,Monica
1102,ORD00429,PRD033,AMD Ryzen 5 5600X,Processor,AMD,CUS0116,2022-07-10,13:31:51,2022,7,229.99,98,2,0.0,459.98,263.98,57.4,Marketplace,PIX,Completed,Monica
1103,ORD00430,PRD034,AMD Ryzen 5 7600X,Processor,AMD,CUS0365,2023-07-06,12:00:29,2023,7,249.99,107,2,0.2,399.98,228.78,57.2,Reseller,PIX,Completed,Gabriel
1104,ORD00430,PRD010,WD Blue 1TB HDD,Storage,WD,CUS0365,2023-07-06,12:00:29,2023,7,44.99,19,1,0.05,42.74,24.69,57.8,Marketplace,Cash,Completed,Gabriel
1105,ORD00430,PRD056,Corsair H150i Elite 360mm,Cooler,Corsair,CUS0365,2023-07-06,12:00:29,2023,7,169.99,73,1,0.0,169.99,96.99,57.1,Online,Cash,Completed,Gabriel
1106,ORD00430,PRD039,NVIDIA RTX 3070 8GB,GPU,NVIDIA,CUS0365,2023-07-06,12:00:29,2023,7,499.99,215,1,0.0,499.99,284.99,57.0,Phone,Credit Card,Completed,Gabriel
1107,ORD00431,PRD047,Corsair RM650 Modular,PSU,Corsair,CUS0028,2024-02-07,10:02:29,2024,2,89.99,38,1,0.0,89.99,51.99,57.8,In-Store,Debit Card,Completed,Bruno
1108,ORD00432,PRD037,AMD Ryzen 9 7900X,Processor,AMD,CUS0209,2024-03-17,10:12:05,2024,3,549.99,236,1,0.0,549.99,313.99,57.1,Marketplace,Debit Card,Completed,Paulo
1109,ORD00432,PRD021,ASUS ROG Strix B550-F,Motherboard,ASUS,CUS0209,2024-03-17,10:12:05,2024,3,219.99,94,1,0.0,219.99,125.99,57.3,Phone,PIX,Completed,Paulo
1110,ORD00432,PRD055,Corsair H100i RGB 240mm,Cooler,Corsair,CUS0209,2024-03-17,10:12:05,2024,3,129.99,56,2,0.0,259.98,147.98,56.9,Online,Bank Transfer,Completed,Paulo
1111,ORD00433,PRD043,NVIDIA RTX 4080 16GB,GPU,NVIDIA,CUS0349,2023-04-10,22:54:17,2023,4,1199.99,516,1,0.05,1139.99,649.79,57.0,In-Store,Credit Card,Completed,Gustavo
1112,ORD00433,PRD058,DeepCool AK620,Cooler,DeepCool,CUS0349,2023-04-10,22:54:17,2023,4,54.99,23,1,0.05,52.24,30.39,58.2,Reseller,Boleto,Completed,Gustavo
1113,ORD00433,PRD022,ASUS ROG Strix Z690-A,Motherboard,ASUS,CUS0349,2023-04-10,22:54:17,2023,4,319.99,137,1,0.1,287.99,164.69,57.2,Online,Boleto,Completed,Gustavo
1114,ORD00433,PRD016,G.Skill Trident Z5 16GB DDR5,Memory,G.Skill,CUS0349,2023-04-10,22:54:17,2023,4,79.99,34,1,0.1,71.99,41.39,57.5,Online,Bank Transfer,Completed,Gustavo
1115,ORD00434,PRD023,ASUS TUF Gaming B660M,Motherboard,ASUS,CUS0120,2023-04-04,16:22:26,2023,4,159.99,68,1,0.1,143.99,82.79,57.5,Online,Boleto,Completed,Gabriel
1116,ORD00434,PRD016,G.Skill Trident Z5 16GB DDR5,Memory,G.Skill,CUS0120,2023-04-04,16:22:26,2023,4,79.99,34,1,0.0,79.99,45.99,57.5,Marketplace,Bank Transfer,Completed,Gabriel
1117,ORD00435,PRD002,Kingston A400 480GB,Storage,Kingston,CUS0035,2023-08-17,22:48:44,2023,8,49.99,21,3,0.0,149.97,86.97,58.0,In-Store,Cash,Completed,Roberto
1118,ORD00435,PRD001,Kingston A400 240GB,Storage,Kingston,CUS0035,2023-08-17,22:48:44,2023,8,29.99,13,1,0.1,26.99,15.29,56.7,Marketplace,Debit Card,Completed,Roberto
1119,ORD00435,PRD027,Gigabyte Z790 AORUS Master,Motherboard,Gigabyte,CUS0035,2023-08-17,22:48:44,2023,8,449.99,193,3,0.0,1349.97,770.97,57.1,Online,Bank Transfer,Completed,Roberto
1120,ORD00436,PRD033,AMD Ryzen 5 5600X,Processor,AMD,CUS0192,2023-12-23,19:08:02,2023,12,229.99,98,3,0.0,689.97,395.97,57.4,Online,Credit Card,Completed,Larissa
1121,ORD00436,PRD041,NVIDIA RTX 4060 8GB,GPU,NVIDIA,CUS0192,2023-12-23,19:08:02,2023,12,299.99,129,1,0.0,299.99,170.99,57.0,In-Store,Boleto,Completed,Larissa
1122,ORD00437,PRD027,Gigabyte Z790 AORUS Master,Motherboard,Gigabyte,CUS0329,2022-10-15,20:58:57,2022,10,449.99,193,1,0.0,449.99,256.99,57.1,Marketplace,Cash,Completed,Paulo
1123,ORD00437,PRD025,MSI PRO Z690-A,Motherboard,MSI,CUS0329,2022-10-15,20:58:57,2022,10,189.99,81,1,0.05,180.49,103.54,57.4,Phone,Bank Transfer,Completed,Paulo
1124,ORD00438,PRD038,NVIDIA RTX 3060 12GB,GPU,NVIDIA,CUS0210,2024-08-17,08:53:31,2024,8,329.99,141,1,0.0,329.99,188.99,57.3,Reseller,Boleto,Completed,Gustavo
1125,ORD00439,PRD057,NZXT Kraken X73 360mm,Cooler,NZXT,CUS0126,2023-01-04,08:32:25,2023,1,189.99,81,3,0.05,541.47,310.62,57.4,Reseller,Debit Card,Completed,Vanessa
1126,ORD00440,PRD006,Samsung 970 EVO 500GB,Storage,Samsung,CUS0176,2024-04-13,19:34:25,2024,4,69.99,29,4,0.0,279.96,163.96,58.6,In-Store,PIX,Completed,Sergio
1127,ORD00440,PRD034,AMD Ryzen 5 7600X,Processor,AMD,CUS0176,2024-04-13,19:34:25,2024,4,249.99,107,1,0.0,249.99,142.99,57.2,Phone,Cash,Completed,Sergio
1128,ORD00440,PRD055,Corsair H100i RGB 240mm,Cooler,Corsair,CUS0176,2024-04-13,19:34:25,2024,4,129.99,56,1,0.05,123.49,70.29,56.9,In-Store,Boleto,Completed,Sergio
1129,ORD00440,PRD009,WD Black SN850 1TB,Storage,WD,CUS0176,2024-04-13,19:34:25,2024,4,109.99,47,1,0.0,109.99,62.99,57.3,Reseller,Credit Card,Completed,Sergio
1130,ORD00441,PRD027,Gigabyte Z790 AORUS Master,Motherboard,Gigabyte,CUS0307,2024-11-26,15:14:25,2024,11,449.99,193,1,0.0,449.99,256.99,57.1,Phone,Boleto,Completed,Mariana
1131,ORD00441,PRD019,Kingston Fury Beast 16GB DDR4,Memory,Kingston,CUS0307,2024-11-26,15:14:25,2024,11,54.99,23,1,0.2,43.99,25.59,58.2,Phone,Cash,Completed,Mariana
1132,ORD00441,PRD039,NVIDIA RTX 3070 8GB,GPU,NVIDIA,CUS0307,2024-11-26,15:14:25,2024,11,499.99,215,1,0.25,374.99,213.74,57.0,Marketplace,Debit Card,Completed,Mariana
1133,ORD00442,PRD059,Cooler Master Hyper 212,Cooler,Cooler Master,CUS0499,2023-12-08,13:35:52,2023,12,39.99,17,1,0.1,35.99,20.69,57.5,Phone,Credit Card,Completed,Matheus
1134,ORD00442,PRD029,Intel Core i5-12400,Processor,Intel,CUS0499,2023-12-08,13:35:52,2023,12,199.99,86,3,0.0,599.97,341.97,57.0,Reseller,PIX,Completed,Matheus
1135,ORD00442,PRD033,AMD Ryzen 5 5600X,Processor,AMD,CUS0499,2023-12-08,13:35:52,2023,12,229.99,98,3,0.05,655.47,376.17,57.4,Marketplace,Boleto,Completed,Matheus
1136,ORD00443,PRD054,Noctua NH-U12S,Cooler,Noctua,CUS0341,2023-11-13,16:06:53,2023,11,69.99,30,1,0.15,59.49,33.99,57.1,Phone,PIX,Completed,Rafael
1137,ORD00443,PRD004,Samsung 870 EVO 500GB,Storage,Samsung,CUS0341,2023-11-13,16:06:53,2023,11,79.99,34,1,0.05,75.99,43.69,57.5,Reseller,Credit Card,Completed,Rafael
1138,ORD00443,PRD059,Cooler Master Hyper 212,Cooler,Cooler Master,CUS0341,2023-11-13,16:06:53,2023,11,39.99,17,1,0.0,39.99,22.99,57.5,Online,Credit Card,Completed,Rafael
1139,ORD00444,PRD045,AMD RX 6700 XT 12GB,GPU,AMD,CUS0053,2022-06-16,13:03:07,2022,6,399.99,172,1,0.15,339.99,193.79,57.0,Reseller,Debit Card,Completed,Sergio
1140,ORD00444,PRD003,Kingston A400 960GB,Storage,Kingston,CUS0053,2022-06-16,13:03:07,2022,6,89.99,38,4,0.05,341.96,197.56,57.8,Phone,Cash,Completed,Sergio
1141,ORD00444,PRD036,AMD Ryzen 9 5900X,Processor,AMD,CUS0053,2022-06-16,13:03:07,2022,6,449.99,193,3,0.05,1282.47,732.42,57.1,Online,Cash,Completed,Sergio
1142,ORD00444,PRD010,WD Blue 1TB HDD,Storage,WD,CUS0053,2022-06-16,13:03:07,2022,6,44.99,19,1,0.0,44.99,25.99,57.8,Reseller,PIX,Completed,Sergio
1143,ORD00445,PRD016,G.Skill Trident Z5 16GB DDR5,Memory,G.Skill,CUS0494,2024-01-19,11:52:21,2024,1,79.99,34,1,0.05,75.99,43.69,57.5,Online,Debit Card,Completed,Carlos
1144,ORD00445,PRD006,Samsung 970 EVO 500GB,Storage,Samsung,CUS0494,2024-01-19,11:52:21,2024,1,69.99,29,1,0.0,69.99,40.99,58.6,Reseller,Boleto,Completed,Carlos
1145,ORD00445,PRD020,Kingston Fury Beast 32GB DDR4,Memory,Kingston,CUS0494,2024-01-19,11:52:21,2024,1,99.99,43,2,0.0,199.98,113.98,57.0,Online,Cash,Completed,Carlos
1146,ORD00445,PRD049,Corsair RM850 Modular,PSU,Corsair,CUS0494,2024-01-19,11:52:21,2024,1,139.99,60,1,0.0,139.99,79.99,57.1,Online,Debit Card,Completed,Carlos
1147,ORD00446,PRD012,Seagate Barracuda 4TB,Storage,Seagate,CUS0057,2023-06-07,13:57:38,2023,6,89.99,38,1,0.05,85.49,49.39,57.8,Online,Cash,Completed,Fernanda
1148,ORD00446,PRD047,Corsair RM650 Modular,PSU,Corsair,CUS0057,2023-06-07,13:57:38,2023,6,89.99,38,3,0.0,269.97,155.97,57.8,Reseller,Credit Card,Completed,Fernanda
1149,ORD00446,PRD001,Kingston A400 240GB,Storage,Kingston,CUS0057,2023-06-07,13:57:38,2023,6,29.99,13,1,0.25,22.49,12.74,56.7,In-Store,Boleto,Completed,Fernanda
1150,ORD00446,PRD032,Intel Core i9-12900K,Processor,Intel,CUS0057,2023-06-07,13:57:38,2023,6,569.99,245,1,0.0,569.99,324.99,57.0,Marketplace,Debit Card,Completed,Fernanda
1151,ORD00447,PRD040,NVIDIA RTX 3080 10GB,GPU,NVIDIA,CUS0178,2024-03-13,10:36:38,2024,3,699.99,301,2,0.0,1399.98,797.98,57.0,Online,Boleto,Completed,Fernanda
1152,ORD00447,PRD014,Corsair Vengeance 16GB DDR4,Memory,Corsair,CUS0178,2024-03-13,10:36:38,2024,3,59.99,25,1,0.1,53.99,31.49,58.3,Reseller,PIX,Completed,Fernanda
1153,ORD00448,PRD054,Noctua NH-U12S,Cooler,Noctua,CUS0210,2023-01-14,21:14:57,2023,1,69.99,30,2,0.0,139.98,79.98,57.1,Online,Debit Card,Completed,Gustavo
1154,ORD00448,PRD015,Corsair Vengeance 32GB DDR4,Memory,Corsair,CUS0210,2023-01-14,21:14:57,2023,1,109.99,47,3,0.0,329.97,188.97,57.3,Marketplace,Debit Card,Completed,Gustavo
1155,ORD00448,PRD036,AMD Ryzen 9 5900X,Processor,AMD,CUS0210,2023-01-14,21:14:57,2023,1,449.99,193,1,0.1,404.99,231.29,57.1,Reseller,Boleto,Completed,Gustavo
1156,ORD00448,PRD044,AMD RX 6600 8GB,GPU,AMD,CUS0210,2023-01-14,21:14:57,2023,1,289.99,124,1,0.0,289.99,165.99,57.2,Reseller,PIX,Completed,Gustavo
1157,ORD00449,PRD043,NVIDIA RTX 4080 16GB,GPU,NVIDIA,CUS0136,2023-01-30,16:37:47,2023,1,1199.99,516,2,0.0,2399.98,1367.98,57.0,Phone,Debit Card,Completed,Henrique
1158,ORD00449,PRD016,G.Skill Trident Z5 16GB DDR5,Memory,G.Skill,CUS0136,2023-01-30,16:37:47,2023,1,79.99,34,3,0.2,191.98,110.38,57.5,Phone,Debit Card,Completed,Henrique
1159,ORD00449,PRD034,AMD Ryzen 5 7600X,Processor,AMD,CUS0136,2023-01-30,16:37:47,2023,1,249.99,107,1,0.0,249.99,142.99,57.2,Phone,Bank Transfer,Completed,Henrique
1160,ORD00449,PRD027,Gigabyte Z790 AORUS Master,Motherboard,Gigabyte,CUS0136,2023-01-30,16:37:47,2023,1,449.99,193,1,0.0,449.99,256.99,57.1,Phone,Cash,Completed,Henrique
1161,ORD00450,PRD006,Samsung 970 EVO 500GB,Storage,Samsung,CUS0452,2024-04-22,16:09:18,2024,4,69.99,29,1,0.0,69.99,40.99,58.6,Reseller,Credit Card,Completed,Cristina
1162,ORD00450,PRD005,Samsung 870 EVO 1TB,Storage,Samsung,CUS0452,2024-04-22,16:09:18,2024,4,129.99,56,1,0.05,123.49,70.29,56.9,Online,Cash,Completed,Cristina
1163,ORD00450,PRD042,NVIDIA RTX 4070 12GB,GPU,NVIDIA,CUS0452,2024-04-22,16:09:18,2024,4,599.99,258,1,0.0,599.99,341.99,57.0,Phone,Credit Card,Completed,Cristina
1164,ORD00450,PRD022,ASUS ROG Strix Z690-A,Motherboard,ASUS,CUS0452,2024-04-22,16:09:18,2024,4,319.99,137,2,0.0,639.98,365.98,57.2,Online,Credit Card,Completed,Cristina
1165,ORD00451,PRD033,AMD Ryzen 5 5600X,Processor,AMD,CUS0303,2024-09-09,22:39:01,2024,9,229.99,98,1,0.1,206.99,118.79,57.4,In-Store,Debit Card,Completed,Gabriel
1166,ORD00451,PRD048,Corsair RM750 Modular,PSU,Corsair,CUS0303,2024-09-09,22:39:01,2024,9,109.99,47,1,0.2,87.99,50.39,57.3,Online,Debit Card,Completed,Gabriel
1167,ORD00452,PRD048,Corsair RM750 Modular,PSU,Corsair,CUS0473,2023-09-12,12:29:35,2023,9,109.99,47,1,0.05,104.49,59.84,57.3,Marketplace,PIX,Completed,Carlos
1168,ORD00452,PRD011,Seagate Barracuda 2TB,Storage,Seagate,CUS0473,2023-09-12,12:29:35,2023,9,54.99,23,2,0.0,109.98,63.98,58.2,In-Store,Credit Card,Completed,Carlos
1169,ORD00452,PRD026,Gigabyte B550 AORUS Elite,Motherboard,Gigabyte,CUS0473,2023-09-12,12:29:35,2023,9,169.99,72,1,0.0,169.99,97.99,57.6,Phone,PIX,Completed,Carlos
1170,ORD00453,PRD048,Corsair RM750 Modular,PSU,Corsair,CUS0497,2023-07-04,13:55:22,2023,7,109.99,47,2,0.15,186.98,107.08,57.3,Reseller,Boleto,Completed,Priscila
1171,ORD00454,PRD042,NVIDIA RTX 4070 12GB,GPU,NVIDIA,CUS0071,2023-12-01,21:13:52,2023,12,599.99,258,1,0.0,599.99,341.99,57.0,Reseller,Bank Transfer,Completed,Juliana
1172,ORD00454,PRD005,Samsung 870 EVO 1TB,Storage,Samsung,CUS0071,2023-12-01,21:13:52,2023,12,129.99,56,1,0.0,129.99,73.99,56.9,In-Store,Credit Card,Completed,Juliana
1173,ORD00455,PRD001,Kingston A400 240GB,Storage,Kingston,CUS0136,2022-12-08,19:11:46,2022,12,29.99,13,4,0.0,119.96,67.96,56.7,Phone,Credit Card,Completed,Henrique
1174,ORD00455,PRD021,ASUS ROG Strix B550-F,Motherboard,ASUS,CUS0136,2022-12-08,19:11:46,2022,12,219.99,94,2,0.25,329.99,188.99,57.3,In-Store,Debit Card,Completed,Henrique
1175,ORD00455,PRD037,AMD Ryzen 9 7900X,Processor,AMD,CUS0136,2022-12-08,19:11:46,2022,12,549.99,236,4,0.15,1869.97,1067.57,57.1,Phone,Credit Card,Completed,Henrique
1176,ORD00456,PRD009,WD Black SN850 1TB,Storage,WD,CUS0273,2024-03-29,17:35:42,2024,3,109.99,47,1,0.0,109.99,62.99,57.3,Phone,Debit Card,Completed,Camila
1177,ORD00456,PRD019,Kingston Fury Beast 16GB DDR4,Memory,Kingston,CUS0273,2024-03-29,17:35:42,2024,3,54.99,23,3,0.05,156.72,91.17,58.2,In-Store,PIX,Completed,Camila
1178,ORD00457,PRD043,NVIDIA RTX 4080 16GB,GPU,NVIDIA,CUS0236,2023-08-25,18:07:57,2023,8,1199.99,516,1,0.0,1199.99,683.99,57.0,Reseller,Boleto,Completed,Aline
1179,ORD00457,PRD050,EVGA SuperNOVA 650W,PSU,EVGA,CUS0236,2023-08-25,18:07:57,2023,8,89.99,38,1,0.05,85.49,49.39,57.8,Phone,Boleto,Completed,Aline
1180,ORD00458,PRD029,Intel Core i5-12400,Processor,Intel,CUS0189,2023-07-23,08:08:45,2023,7,199.99,86,1,0.0,199.99,113.99,57.0,Marketplace,Boleto,Completed,Beatriz
1181,ORD00458,PRD053,Noctua NH-D15,Cooler,Noctua,CUS0189,2023-07-23,08:08:45,2023,7,99.99,43,1,0.2,79.99,45.59,57.0,Reseller,PIX,Completed,Beatriz
1182,ORD00458,PRD012,Seagate Barracuda 4TB,Storage,Seagate,CUS0189,2023-07-23,08:08:45,2023,7,89.99,38,1,0.0,89.99,51.99,57.8,Phone,Cash,Completed,Beatriz
1183,ORD00459,PRD043,NVIDIA RTX 4080 16GB,GPU,NVIDIA,CUS0206,2024-11-07,14:19:00,2024,11,1199.99,516,2,0.2,1919.98,1094.38,57.0,Marketplace,Cash,Completed,Diego
1184,ORD00459,PRD004,Samsung 870 EVO 500GB,Storage,Samsung,CUS0206,2024-11-07,14:19:00,2024,11,79.99,34,1,0.05,75.99,43.69,57.5,Reseller,Boleto,Completed,Diego
1185,ORD00460,PRD040,NVIDIA RTX 3080 10GB,GPU,NVIDIA,CUS0059,2024-04-06,20:08:45,2024,4,699.99,301,2,0.0,1399.98,797.98,57.0,Phone,Bank Transfer,Completed,Carla
1186,ORD00460,PRD007,Samsung 970 EVO 1TB,Storage,Samsung,CUS0059,2024-04-06,20:08:45,2024,4,119.99,51,1,0.1,107.99,62.09,57.5,In-Store,Cash,Completed,Carla
1187,ORD00460,PRD045,AMD RX 6700 XT 12GB,GPU,AMD,CUS0059,2024-04-06,20:08:45,2024,4,399.99,172,1,0.0,399.99,227.99,57.0,In-Store,PIX,Completed,Carla
1188,ORD00461,PRD005,Samsung 870 EVO 1TB,Storage,Samsung,CUS0243,2022-01-29,13:51:07,2022,1,129.99,56,2,0.0,259.98,147.98,56.9,Marketplace,Credit Card,Completed,Daniela
1189,ORD00461,PRD002,Kingston A400 480GB,Storage,Kingston,CUS0243,2022-01-29,13:51:07,2022,1,49.99,21,1,0.15,42.49,24.64,58.0,Marketplace,Bank Transfer,Completed,Daniela
1190,ORD00461,PRD058,DeepCool AK620,Cooler,DeepCool,CUS0243,2022-01-29,13:51:07,2022,1,54.99,23,2,0.05,104.48,60.78,58.2,Marketplace,Cash,Completed,Daniela
1191,ORD00462,PRD012,Seagate Barracuda 4TB,Storage,Seagate,CUS0136,2022-05-19,18:11:21,2022,5,89.99,38,1,0.15,76.49,44.19,57.8,In-Store,Boleto,Completed,Henrique
1192,ORD00462,PRD050,EVGA SuperNOVA 650W,PSU,EVGA,CUS0136,2022-05-19,18:11:21,2022,5,89.99,38,2,0.05,170.98,98.78,57.8,Online,Boleto,Completed,Henrique
1193,ORD00462,PRD054,Noctua NH-U12S,Cooler,Noctua,CUS0136,2022-05-19,18:11:21,2022,5,69.99,30,1,0.0,69.99,39.99,57.1,Reseller,Credit Card,Completed,Henrique
1194,ORD00462,PRD043,NVIDIA RTX 4080 16GB,GPU,NVIDIA,CUS0136,2022-05-19,18:11:21,2022,5,1199.99,516,2,0.0,2399.98,1367.98,57.0,Reseller,Cash,Completed,Henrique
1195,ORD00463,PRD051,be quiet! Straight Power 850W,PSU,be quiet!,CUS0103,2024-05-22,17:32:08,2024,5,169.99,73,1,0.05,161.49,92.14,57.1,Phone,Debit Card,Completed,Paulo
1196,ORD00463,PRD043,NVIDIA RTX 4080 16GB,GPU,NVIDIA,CUS0103,2024-05-22,17:32:08,2024,5,1199.99,516,2,0.0,2399.98,1367.98,57.0,Reseller,Boleto,Completed,Paulo
1197,ORD00463,PRD026,Gigabyte B550 AORUS Elite,Motherboard,Gigabyte,CUS0103,2024-05-22,17:32:08,2024,5,169.99,72,1,0.0,169.99,97.99,57.6,Online,Debit Card,Completed,Paulo
1198,ORD00464,PRD051,be quiet! Straight Power 850W,PSU,be quiet!,CUS0310,2023-10-21,19:06:47,2023,10,169.99,73,3,0.0,509.97,290.97,57.1,Online,Credit Card,Completed,Leonardo
1199,ORD00464,PRD059,Cooler Master Hyper 212,Cooler,Cooler Master,CUS0310,2023-10-21,19:06:47,2023,10,39.99,17,1,0.0,39.99,22.99,57.5,Online,Debit Card,Completed,Leonardo
1200,ORD00464,PRD023,ASUS TUF Gaming B660M,Motherboard,ASUS,CUS0310,2023-10-21,19:06:47,2023,10,159.99,68,1,0.1,143.99,82.79,57.5,Marketplace,Credit Card,Completed,Leonardo
1201,ORD00464,PRD022,ASUS ROG Strix Z690-A,Motherboard,ASUS,CUS0310,2023-10-21,19:06:47,2023,10,319.99,137,2,0.05,607.98,347.68,57.2,In-Store,Cash,Completed,Leonardo
1202,ORD00465,PRD035,AMD Ryzen 7 5800X3D,Processor,AMD,CUS0027,2022-01-27,10:36:21,2022,1,349.99,150,1,0.0,349.99,199.99,57.1,Reseller,PIX,Completed,Roberto
1203,ORD00466,PRD056,Corsair H150i Elite 360mm,Cooler,Corsair,CUS0032,2022-05-16,15:08:58,2022,5,169.99,73,1,0.0,169.99,96.99,57.1,Online,Cash,Completed,Leticia
1204,ORD00467,PRD051,be quiet! Straight Power 850W,PSU,be quiet!,CUS0448,2022-12-21,10:14:12,2022,12,169.99,73,1,0.0,169.99,96.99,57.1,Marketplace,PIX,Completed,Natalia
1205,ORD00467,PRD008,Samsung 970 EVO 2TB,Storage,Samsung,CUS0448,2022-12-21,10:14:12,2022,12,219.99,94,1,0.0,219.99,125.99,57.3,Marketplace,Cash,Completed,Natalia
1206,ORD00467,PRD003,Kingston A400 960GB,Storage,Kingston,CUS0448,2022-12-21,10:14:12,2022,12,89.99,38,2,0.1,161.98,93.58,57.8,Online,PIX,Completed,Natalia
1207,ORD00468,PRD041,NVIDIA RTX 4060 8GB,GPU,NVIDIA,CUS0486,2023-06-10,17:16:36,2023,6,299.99,129,2,0.0,599.98,341.98,57.0,Phone,Cash,Completed,Ana
1208,ORD00468,PRD056,Corsair H150i Elite 360mm,Cooler,Corsair,CUS0486,2023-06-10,17:16:36,2023,6,169.99,73,2,0.2,271.98,155.18,57.1,Online,PIX,Completed,Ana
1209,ORD00469,PRD027,Gigabyte Z790 AORUS Master,Motherboard,Gigabyte,CUS0416,2022-01-28,21:40:08,2022,1,449.99,193,2,0.1,809.98,462.58,57.1,Marketplace,Cash,Completed,Carlos
1210,ORD00469,PRD033,AMD Ryzen 5 5600X,Processor,AMD,CUS0416,2022-01-28,21:40:08,2022,1,229.99,98,2,0.0,459.98,263.98,57.4,Marketplace,Bank Transfer,Completed,Carlos
1211,ORD00469,PRD006,Samsung 970 EVO 500GB,Storage,Samsung,CUS0416,2022-01-28,21:40:08,2022,1,69.99,29,4,0.15,237.97,139.37,58.6,Online,Boleto,Completed,Carlos
1212,ORD00469,PRD051,be quiet! Straight Power 850W,PSU,be quiet!,CUS0416,2022-01-28,21:40:08,2022,1,169.99,73,1,0.0,169.99,96.99,57.1,Online,Credit Card,Completed,Carlos
1213,ORD00470,PRD040,NVIDIA RTX 3080 10GB,GPU,NVIDIA,CUS0275,2024-12-05,15:09:02,2024,12,699.99,301,1,0.0,699.99,398.99,57.0,In-Store,Debit Card,Completed,Vanessa
1214,ORD00471,PRD001,Kingston A400 240GB,Storage,Kingston,CUS0302,2023-01-04,13:18:11,2023,1,29.99,13,2,0.25,44.98,25.48,56.7,Marketplace,Bank Transfer,Completed,Natalia
1215,ORD00472,PRD028,Intel Core i3-12100,Processor,Intel,CUS0063,2022-08-21,16:17:45,2022,8,119.99,51,1,0.0,119.99,68.99,57.5,Phone,Boleto,Completed,Leticia
1216,ORD00473,PRD024,MSI MAG B550M MORTAR,Motherboard,MSI,CUS0235,2024-02-02,13:26:19,2024,2,129.99,55,3,0.0,389.97,224.97,57.7,In-Store,PIX,Completed,Gabriel
1217,ORD00474,PRD041,NVIDIA RTX 4060 8GB,GPU,NVIDIA,CUS0325,2024-04-08,22:01:49,2024,4,299.99,129,1,0.0,299.99,170.99,57.0,Online,Cash,Completed,Maria
1218,ORD00474,PRD053,Noctua NH-D15,Cooler,Noctua,CUS0325,2024-04-08,22:01:49,2024,4,99.99,43,2,0.2,159.98,91.18,57.0,Marketplace,PIX,Completed,Maria
1219,ORD00474,PRD060,Thermaltake UX200 ARGB,Cooler,Thermaltake,CUS0325,2024-04-08,22:01:49,2024,4,34.99,15,2,0.05,66.48,37.98,57.1,Marketplace,PIX,Completed,Maria
1220,ORD00475,PRD008,Samsung 970 EVO 2TB,Storage,Samsung,CUS0114,2022-09-05,10:23:54,2022,9,219.99,94,1,0.1,197.99,113.39,57.3,In-Store,Boleto,Completed,Paulo
1221,ORD00476,PRD041,NVIDIA RTX 4060 8GB,GPU,NVIDIA,CUS0198,2024-12-17,11:42:37,2024,12,299.99,129,2,0.1,539.98,307.78,57.0,Marketplace,Bank Transfer,Completed,Alexandre
1222,ORD00476,PRD048,Corsair RM750 Modular,PSU,Corsair,CUS0198,2024-12-17,11:42:37,2024,12,109.99,47,1,0.0,109.99,62.99,57.3,Phone,Cash,Completed,Alexandre
1223,ORD00476,PRD039,NVIDIA RTX 3070 8GB,GPU,NVIDIA,CUS0198,2024-12-17,11:42:37,2024,12,499.99,215,1,0.05,474.99,270.74,57.0,Online,Boleto,Completed,Alexandre
1224,ORD00477,PRD011,Seagate Barracuda 2TB,Storage,Seagate,CUS0356,2024-12-05,19:10:38,2024,12,54.99,23,1,0.0,54.99,31.99,58.2,Phone,Credit Card,Completed,Marcelo
1225,ORD00477,PRD007,Samsung 970 EVO 1TB,Storage,Samsung,CUS0356,2024-12-05,19:10:38,2024,12,119.99,51,1,0.0,119.99,68.99,57.5,Marketplace,PIX,Completed,Marcelo
1226,ORD00477,PRD035,AMD Ryzen 7 5800X3D,Processor,AMD,CUS0356,2024-12-05,19:10:38,2024,12,349.99,150,1,0.0,349.99,199.99,57.1,Phone,Cash,Completed,Marcelo
1227,ORD00478,PRD053,Noctua NH-D15,Cooler,Noctua,CUS0366,2024-07-24,10:13:39,2024,7,99.99,43,2,0.0,199.98,113.98,57.0,Online,Debit Card,Completed,Camila
1228,ORD00478,PRD040,NVIDIA RTX 3080 10GB,GPU,NVIDIA,CUS0366,2024-07-24,10:13:39,2024,7,699.99,301,1,0.1,629.99,359.09,57.0,Online,Debit Card,Completed,Camila
1229,ORD00478,PRD045,AMD RX 6700 XT 12GB,GPU,AMD,CUS0366,2024-07-24,10:13:39,2024,7,399.99,172,1,0.0,399.99,227.99,57.0,Marketplace,Credit Card,Completed,Camila
1230,ORD00479,PRD018,G.Skill Trident Z5 64GB DDR5,Memory,G.Skill,CUS0217,2024-05-12,18:37:59,2024,5,289.99,124,2,0.1,521.98,298.78,57.2,Reseller,Boleto,Completed,Gabriel
1231,ORD00479,PRD050,EVGA SuperNOVA 650W,PSU,EVGA,CUS0217,2024-05-12,18:37:59,2024,5,89.99,38,1,0.0,89.99,51.99,57.8,Phone,PIX,Completed,Gabriel
1232,ORD00479,PRD030,Intel Core i5-13600K,Processor,Intel,CUS0217,2024-05-12,18:37:59,2024,5,279.99,120,1,0.05,265.99,151.99,57.1,Online,Bank Transfer,Completed,Gabriel
1233,ORD00480,PRD059,Cooler Master Hyper 212,Cooler,Cooler Master,CUS0225,2024-03-20,17:02:40,2024,3,39.99,17,3,0.0,119.97,68.97,57.5,In-Store,Debit Card,Completed,João
1234,ORD00480,PRD025,MSI PRO Z690-A,Motherboard,MSI,CUS0225,2024-03-20,17:02:40,2024,3,189.99,81,1,0.0,189.99,108.99,57.4,Marketplace,Debit Card,Completed,João
1235,ORD00481,PRD043,NVIDIA RTX 4080 16GB,GPU,NVIDIA,CUS0387,2024-02-22,12:24:49,2024,2,1199.99,516,2,0.0,2399.98,1367.98,57.0,In-Store,Debit Card,Completed,Adriana
1236,ORD00482,PRD010,WD Blue 1TB HDD,Storage,WD,CUS0047,2023-01-17,12:35:28,2023,1,44.99,19,2,0.0,89.98,51.98,57.8,Online,Debit Card,Completed,Paulo
1237,ORD00482,PRD046,AMD RX 7900 XTX 24GB,GPU,AMD,CUS0047,2023-01-17,12:35:28,2023,1,999.99,430,1,0.0,999.99,569.99,57.0,Online,Cash,Completed,Paulo
1238,ORD00482,PRD004,Samsung 870 EVO 500GB,Storage,Samsung,CUS0047,2023-01-17,12:35:28,2023,1,79.99,34,4,0.05,303.96,174.76,57.5,Phone,Credit Card,Completed,Paulo
1239,ORD00483,PRD044,AMD RX 6600 8GB,GPU,AMD,CUS0097,2024-07-17,08:25:43,2024,7,289.99,124,1,0.15,246.49,141.09,57.2,Online,PIX,Completed,Roberto
1240,ORD00483,PRD052,Thermaltake Toughpower 1000W,PSU,Thermaltake,CUS0097,2024-07-17,08:25:43,2024,7,189.99,81,2,0.2,303.98,174.38,57.4,Marketplace,PIX,Completed,Roberto
1241,ORD00483,PRD041,NVIDIA RTX 4060 8GB,GPU,NVIDIA,CUS0097,2024-07-17,08:25:43,2024,7,299.99,129,1,0.0,299.99,170.99,57.0,Online,Boleto,Completed,Roberto
1242,ORD00484,PRD054,Noctua NH-U12S,Cooler,Noctua,CUS0114,2024-11-10,13:57:22,2024,11,69.99,30,2,0.05,132.98,75.98,57.1,Online,Bank Transfer,Completed,Paulo
1243,ORD00485,PRD031,Intel Core i7-12700K,Processor,Intel,CUS0334,2022-08-06,16:18:42,2022,8,369.99,159,2,0.0,739.98,421.98,57.0,Marketplace,Debit Card,Completed,Gustavo
1244,ORD00485,PRD039,NVIDIA RTX 3070 8GB,GPU,NVIDIA,CUS0334,2022-08-06,16:18:42,2022,8,499.99,215,1,0.25,374.99,213.74,57.0,Marketplace,Boleto,Completed,Gustavo
1245,ORD00485,PRD001,Kingston A400 240GB,Storage,Kingston,CUS0334,2022-08-06,16:18:42,2022,8,29.99,13,1,0.1,26.99,15.29,56.7,Reseller,PIX,Completed,Gustavo
1246,ORD00486,PRD028,Intel Core i3-12100,Processor,Intel,CUS0431,2024-12-25,18:28:12,2024,12,119.99,51,1,0.05,113.99,65.54,57.5,Reseller,Credit Card,Completed,Natalia
1247,ORD00487,PRD009,WD Black SN850 1TB,Storage,WD,CUS0451,2022-05-09,11:15:09,2022,5,109.99,47,2,0.15,186.98,107.08,57.3,Reseller,PIX,Completed,Ricardo
1248,ORD00487,PRD036,AMD Ryzen 9 5900X,Processor,AMD,CUS0451,2022-05-09,11:15:09,2022,5,449.99,193,2,0.0,899.98,513.98,57.1,Online,Bank Transfer,Completed,Ricardo
1249,ORD00488,PRD022,ASUS ROG Strix Z690-A,Motherboard,ASUS,CUS0045,2024-09-30,22:16:48,2024,9,319.99,137,1,0.0,319.99,182.99,57.2,Phone,Credit Card,Completed,Leandro
1250,ORD00488,PRD024,MSI MAG B550M MORTAR,Motherboard,MSI,CUS0045,2024-09-30,22:16:48,2024,9,129.99,55,1,0.15,110.49,63.74,57.7,Phone,Credit Card,Completed,Leandro
1251,ORD00489,PRD048,Corsair RM750 Modular,PSU,Corsair,CUS0423,2022-03-01,11:15:32,2022,3,109.99,47,1,0.05,104.49,59.84,57.3,Online,Cash,Completed,Patricia
1252,ORD00489,PRD053,Noctua NH-D15,Cooler,Noctua,CUS0423,2022-03-01,11:15:32,2022,3,99.99,43,1,0.15,84.99,48.44,57.0,In-Store,PIX,Completed,Patricia
1253,ORD00490,PRD029,Intel Core i5-12400,Processor,Intel,CUS0034,2022-12-19,16:51:34,2022,12,199.99,86,1,0.1,179.99,102.59,57.0,Phone,Credit Card,Completed,Natalia
1254,ORD00490,PRD008,Samsung 970 EVO 2TB,Storage,Samsung,CUS0034,2022-12-19,16:51:34,2022,12,219.99,94,1,0.05,208.99,119.69,57.3,Marketplace,Cash,Completed,Natalia
1255,ORD00490,PRD043,NVIDIA RTX 4080 16GB,GPU,NVIDIA,CUS0034,2022-12-19,16:51:34,2022,12,1199.99,516,3,0.1,3239.97,1846.77,57.0,Phone,Cash,Completed,Natalia
1256,ORD00490,PRD055,Corsair H100i RGB 240mm,Cooler,Corsair,CUS0034,2022-12-19,16:51:34,2022,12,129.99,56,1,0.25,97.49,55.49,56.9,In-Store,Credit Card,Completed,Natalia
1257,ORD00491,PRD054,Noctua NH-U12S,Cooler,Noctua,CUS0039,2024-03-08,17:25:11,2024,3,69.99,30,1,0.05,66.49,37.99,57.1,In-Store,Debit Card,Completed,Carlos
1258,ORD00492,PRD049,Corsair RM850 Modular,PSU,Corsair,CUS0316,2022-03-09,18:55:55,2022,3,139.99,60,1,0.2,111.99,63.99,57.1,Phone,Boleto,Completed,Gabriel
1259,ORD00492,PRD050,EVGA SuperNOVA 650W,PSU,EVGA,CUS0316,2022-03-09,18:55:55,2022,3,89.99,38,1,0.15,76.49,44.19,57.8,Online,PIX,Completed,Gabriel
1260,ORD00493,PRD023,ASUS TUF Gaming B660M,Motherboard,ASUS,CUS0432,2022-08-21,21:21:39,2022,8,159.99,68,1,0.0,159.99,91.99,57.5,Online,Bank Transfer,Completed,Maria
1261,ORD00493,PRD050,EVGA SuperNOVA 650W,PSU,EVGA,CUS0432,2022-08-21,21:21:39,2022,8,89.99,38,2,0.0,179.98,103.98,57.8,In-Store,Bank Transfer,Completed,Maria
1262,ORD00493,PRD041,NVIDIA RTX 4060 8GB,GPU,NVIDIA,CUS0432,2022-08-21,21:21:39,2022,8,299.99,129,1,0.0,299.99,170.99,57.0,In-Store,Cash,Completed,Maria
1263,ORD00494,PRD044,AMD RX 6600 8GB,GPU,AMD,CUS0273,2023-07-01,09:42:21,2023,7,289.99,124,1,0.1,260.99,149.39,57.2,Marketplace,Debit Card,Completed,Camila
1264,ORD00494,PRD018,G.Skill Trident Z5 64GB DDR5,Memory,G.Skill,CUS0273,2023-07-01,09:42:21,2023,7,289.99,124,2,0.0,579.98,331.98,57.2,Online,PIX,Completed,Camila
1265,ORD00494,PRD001,Kingston A400 240GB,Storage,Kingston,CUS0273,2023-07-01,09:42:21,2023,7,29.99,13,4,0.05,113.96,64.56,56.7,Marketplace,PIX,Completed,Camila
1266,ORD00494,PRD056,Corsair H150i Elite 360mm,Cooler,Corsair,CUS0273,2023-07-01,09:42:21,2023,7,169.99,73,2,0.05,322.98,184.28,57.1,In-Store,Boleto,Completed,Camila
1267,ORD00495,PRD056,Corsair H150i Elite 360mm,Cooler,Corsair,CUS0036,2024-12-21,12:04:29,2024,12,169.99,73,1,0.0,169.99,96.99,57.1,Online,Cash,Completed,Patricia
1268,ORD00495,PRD016,G.Skill Trident Z5 16GB DDR5,Memory,G.Skill,CUS0036,2024-12-21,12:04:29,2024,12,79.99,34,2,0.0,159.98,91.98,57.5,In-Store,Debit Card,Completed,Patricia
1269,ORD00496,PRD051,be quiet! Straight Power 850W,PSU,be quiet!,CUS0440,2023-03-29,11:21:40,2023,3,169.99,73,1,0.05,161.49,92.14,57.1,Marketplace,Credit Card,Completed,Larissa
1270,ORD00496,PRD052,Thermaltake Toughpower 1000W,PSU,Thermaltake,CUS0440,2023-03-29,11:21:40,2023,3,189.99,81,1,0.2,151.99,87.19,57.4,Online,PIX,Completed,Larissa
1271,ORD00496,PRD004,Samsung 870 EVO 500GB,Storage,Samsung,CUS0440,2023-03-29,11:21:40,2023,3,79.99,34,3,0.15,203.97,117.27,57.5,Phone,Credit Card,Completed,Larissa
1272,ORD00496,PRD008,Samsung 970 EVO 2TB,Storage,Samsung,CUS0440,2023-03-29,11:21:40,2023,3,219.99,94,3,0.0,659.97,377.97,57.3,In-Store,Debit Card,Completed,Larissa
1273,ORD00497,PRD038,NVIDIA RTX 3060 12GB,GPU,NVIDIA,CUS0368,2023-06-01,21:52:39,2023,6,329.99,141,1,0.05,313.49,179.54,57.3,Reseller,PIX,Completed,Mariana
1274,ORD00497,PRD052,Thermaltake Toughpower 1000W,PSU,Thermaltake,CUS0368,2023-06-01,21:52:39,2023,6,189.99,81,2,0.15,322.98,185.28,57.4,In-Store,Boleto,Completed,Mariana
1275,ORD00497,PRD010,WD Blue 1TB HDD,Storage,WD,CUS0368,2023-06-01,21:52:39,2023,6,44.99,19,1,0.0,44.99,25.99,57.8,Marketplace,Credit Card,Completed,Mariana
1276,ORD00498,PRD057,NZXT Kraken X73 360mm,Cooler,NZXT,CUS0250,2022-12-27,21:08:50,2022,12,189.99,81,4,0.0,759.96,435.96,57.4,Reseller,PIX,Completed,Fernanda
1277,ORD00498,PRD020,Kingston Fury Beast 32GB DDR4,Memory,Kingston,CUS0250,2022-12-27,21:08:50,2022,12,99.99,43,1,0.1,89.99,51.29,57.0,In-Store,PIX,Completed,Fernanda
1278,ORD00498,PRD003,Kingston A400 960GB,Storage,Kingston,CUS0250,2022-12-27,21:08:50,2022,12,89.99,38,1,0.2,71.99,41.59,57.8,Online,Credit Card,Completed,Fernanda
1279,ORD00498,PRD018,G.Skill Trident Z5 64GB DDR5,Memory,G.Skill,CUS0250,2022-12-27,21:08:50,2022,12,289.99,124,2,0.0,579.98,331.98,57.2,In-Store,Cash,Completed,Fernanda
1280,ORD00499,PRD012,Seagate Barracuda 4TB,Storage,Seagate,CUS0322,2022-03-03,16:24:37,2022,3,89.99,38,1,0.05,85.49,49.39,57.8,In-Store,Boleto,Completed,Carlos
1281,ORD00499,PRD018,G.Skill Trident Z5 64GB DDR5,Memory,G.Skill,CUS0322,2022-03-03,16:24:37,2022,3,289.99,124,2,0.0,579.98,331.98,57.2,Online,PIX,Completed,Carlos
1282,ORD00499,PRD016,G.Skill Trident Z5 16GB DDR5,Memory,G.Skill,CUS0322,2022-03-03,16:24:37,2022,3,79.99,34,1,0.0,79.99,45.99,57.5,Online,Cash,Completed,Carlos
1283,ORD00500,PRD002,Kingston A400 480GB,Storage,Kingston,CUS0317,2024-01-16,19:34:18,2024,1,49.99,21,1,0.1,44.99,26.09,58.0,Online,Boleto,Completed,Larissa
1284,ORD00501,PRD013,Corsair Vengeance 8GB DDR4,Memory,Corsair,CUS0497,2023-03-25,20:20:03,2023,3,29.99,12,2,0.05,56.98,34.18,60.0,Marketplace,PIX,Completed,Priscila
1285,ORD00501,PRD037,AMD Ryzen 9 7900X,Processor,AMD,CUS0497,2023-03-25,20:20:03,2023,3,549.99,236,1,0.2,439.99,251.19,57.1,Marketplace,Debit Card,Completed,Priscila
1286,ORD00502,PRD055,Corsair H100i RGB 240mm,Cooler,Corsair,CUS0357,2022-07-26,16:47:21,2022,7,129.99,56,1,0.0,129.99,73.99,56.9,Online,PIX,Completed,Fabio
1287,ORD00502,PRD004,Samsung 870 EVO 500GB,Storage,Samsung,CUS0357,2022-07-26,16:47:21,2022,7,79.99,34,1,0.1,71.99,41.39,57.5,Online,Cash,Completed,Fabio
1288,ORD00503,PRD043,NVIDIA RTX 4080 16GB,GPU,NVIDIA,CUS0015,2023-11-16,12:58:58,2023,11,1199.99,516,1,0.1,1079.99,615.59,57.0,Reseller,PIX,Completed,Sergio
1289,ORD00504,PRD033,AMD Ryzen 5 5600X,Processor,AMD,CUS0319,2024-01-20,20:23:54,2024,1,229.99,98,2,0.05,436.98,250.78,57.4,Marketplace,Cash,Completed,Sandra
1290,ORD00505,PRD039,NVIDIA RTX 3070 8GB,GPU,NVIDIA,CUS0478,2022-05-30,09:02:22,2022,5,499.99,215,1,0.1,449.99,256.49,57.0,Marketplace,Cash,Completed,Natalia
1291,ORD00505,PRD057,NZXT Kraken X73 360mm,Cooler,NZXT,CUS0478,2022-05-30,09:02:22,2022,5,189.99,81,3,0.25,427.48,245.23,57.4,Reseller,Credit Card,Completed,Natalia
1292,ORD00505,PRD031,Intel Core i7-12700K,Processor,Intel,CUS0478,2022-05-30,09:02:22,2022,5,369.99,159,1,0.0,369.99,210.99,57.0,In-Store,PIX,Completed,Natalia
1293,ORD00505,PRD049,Corsair RM850 Modular,PSU,Corsair,CUS0478,2022-05-30,09:02:22,2022,5,139.99,60,1,0.0,139.99,79.99,57.1,Phone,Cash,Completed,Natalia
1294,ORD00506,PRD035,AMD Ryzen 7 5800X3D,Processor,AMD,CUS0027,2022-02-20,11:30:30,2022,2,349.99,150,1,0.15,297.49,169.99,57.1,Marketplace,PIX,Completed,Roberto
1295,ORD00507,PRD015,Corsair Vengeance 32GB DDR4,Memory,Corsair,CUS0396,2023-01-25,18:09:35,2023,1,109.99,47,1,0.0,109.99,62.99,57.3,Reseller,Boleto,Completed,Matheus
1296,ORD00507,PRD011,Seagate Barracuda 2TB,Storage,Seagate,CUS0396,2023-01-25,18:09:35,2023,1,54.99,23,2,0.0,109.98,63.98,58.2,Reseller,Boleto,Completed,Matheus
1297,ORD00507,PRD014,Corsair Vengeance 16GB DDR4,Memory,Corsair,CUS0396,2023-01-25,18:09:35,2023,1,59.99,25,1,0.15,50.99,29.74,58.3,Reseller,PIX,Completed,Matheus
1298,ORD00508,PRD010,WD Blue 1TB HDD,Storage,WD,CUS0318,2024-05-11,10:59:47,2024,5,44.99,19,1,0.0,44.99,25.99,57.8,Marketplace,Cash,Completed,Sergio
1299,ORD00509,PRD015,Corsair Vengeance 32GB DDR4,Memory,Corsair,CUS0204,2024-10-12,17:31:16,2024,10,109.99,47,1,0.0,109.99,62.99,57.3,In-Store,Boleto,Completed,Pedro
1300,ORD00509,PRD014,Corsair Vengeance 16GB DDR4,Memory,Corsair,CUS0204,2024-10-12,17:31:16,2024,10,59.99,25,4,0.0,239.96,139.96,58.3,Reseller,Boleto,Completed,Pedro
1301,ORD00509,PRD007,Samsung 970 EVO 1TB,Storage,Samsung,CUS0204,2024-10-12,17:31:16,2024,10,119.99,51,1,0.0,119.99,68.99,57.5,In-Store,Bank Transfer,Completed,Pedro
1302,ORD00510,PRD040,NVIDIA RTX 3080 10GB,GPU,NVIDIA,CUS0082,2024-01-22,08:54:19,2024,1,699.99,301,1,0.0,699.99,398.99,57.0,Reseller,Boleto,Completed,Pedro
1303,ORD00510,PRD020,Kingston Fury Beast 32GB DDR4,Memory,Kingston,CUS0082,2024-01-22,08:54:19,2024,1,99.99,43,1,0.2,79.99,45.59,57.0,Online,Bank Transfer,Completed,Pedro
1304,ORD00510,PRD035,AMD Ryzen 7 5800X3D,Processor,AMD,CUS0082,2024-01-22,08:54:19,2024,1,349.99,150,1,0.05,332.49,189.99,57.1,Online,Credit Card,Completed,Pedro
1305,ORD00510,PRD056,Corsair H150i Elite 360mm,Cooler,Corsair,CUS0082,2024-01-22,08:54:19,2024,1,169.99,73,1,0.15,144.49,82.44,57.1,Marketplace,Boleto,Completed,Pedro
1306,ORD00511,PRD020,Kingston Fury Beast 32GB DDR4,Memory,Kingston,CUS0082,2023-10-08,13:06:54,2023,10,99.99,43,2,0.05,189.98,108.28,57.0,Phone,PIX,Completed,Pedro
1307,ORD00512,PRD048,Corsair RM750 Modular,PSU,Corsair,CUS0230,2022-09-26,16:59:25,2022,9,109.99,47,1,0.0,109.99,62.99,57.3,Reseller,PIX,Completed,Viviane
1308,ORD00512,PRD032,Intel Core i9-12900K,Processor,Intel,CUS0230,2022-09-26,16:59:25,2022,9,569.99,245,1,0.05,541.49,308.74,57.0,Reseller,PIX,Completed,Viviane
1309,ORD00512,PRD004,Samsung 870 EVO 500GB,Storage,Samsung,CUS0230,2022-09-26,16:59:25,2022,9,79.99,34,3,0.0,239.97,137.97,57.5,In-Store,Credit Card,Completed,Viviane
1310,ORD00512,PRD024,MSI MAG B550M MORTAR,Motherboard,MSI,CUS0230,2022-09-26,16:59:25,2022,9,129.99,55,1,0.0,129.99,74.99,57.7,Reseller,PIX,Completed,Viviane
1311,ORD00513,PRD038,NVIDIA RTX 3060 12GB,GPU,NVIDIA,CUS0067,2023-05-04,22:02:10,2023,5,329.99,141,1,0.0,329.99,188.99,57.3,Phone,Boleto,Completed,Maria
1312,ORD00514,PRD025,MSI PRO Z690-A,Motherboard,MSI,CUS0218,2023-07-06,12:50:59,2023,7,189.99,81,1,0.0,189.99,108.99,57.4,Reseller,Bank Transfer,Completed,Alexandre
1313,ORD00515,PRD004,Samsung 870 EVO 500GB,Storage,Samsung,CUS0361,2024-04-12,12:46:02,2024,4,79.99,34,2,0.0,159.98,91.98,57.5,Reseller,Debit Card,Completed,Renata
1314,ORD00515,PRD029,Intel Core i5-12400,Processor,Intel,CUS0361,2024-04-12,12:46:02,2024,4,199.99,86,3,0.0,599.97,341.97,57.0,In-Store,Boleto,Completed,Renata
1315,ORD00515,PRD037,AMD Ryzen 9 7900X,Processor,AMD,CUS0361,2024-04-12,12:46:02,2024,4,549.99,236,1,0.2,439.99,251.19,57.1,In-Store,Bank Transfer,Completed,Renata
1316,ORD00515,PRD023,ASUS TUF Gaming B660M,Motherboard,ASUS,CUS0361,2024-04-12,12:46:02,2024,4,159.99,68,1,0.1,143.99,82.79,57.5,Online,PIX,Completed,Renata
1317,ORD00516,PRD042,NVIDIA RTX 4070 12GB,GPU,NVIDIA,CUS0492,2022-03-13,09:25:27,2022,3,599.99,258,1,0.0,599.99,341.99,57.0,Reseller,Debit Card,Completed,Rafael
1318,ORD00516,PRD037,AMD Ryzen 9 7900X,Processor,AMD,CUS0492,2022-03-13,09:25:27,2022,3,549.99,236,1,0.0,549.99,313.99,57.1,Online,PIX,Completed,Rafael
1319,ORD00516,PRD010,WD Blue 1TB HDD,Storage,WD,CUS0492,2022-03-13,09:25:27,2022,3,44.99,19,2,0.0,89.98,51.98,57.8,Online,Boleto,Completed,Rafael
1320,ORD00516,PRD057,NZXT Kraken X73 360mm,Cooler,NZXT,CUS0492,2022-03-13,09:25:27,2022,3,189.99,81,2,0.05,360.98,207.08,57.4,Phone,Boleto,Completed,Rafael
1321,ORD00517,PRD024,MSI MAG B550M MORTAR,Motherboard,MSI,CUS0061,2023-07-11,16:38:53,2023,7,129.99,55,1,0.0,129.99,74.99,57.7,Online,Credit Card,Completed,Marcelo
1322,ORD00517,PRD003,Kingston A400 960GB,Storage,Kingston,CUS0061,2023-07-11,16:38:53,2023,7,89.99,38,2,0.15,152.98,88.38,57.8,Reseller,Cash,Completed,Marcelo
1323,ORD00518,PRD057,NZXT Kraken X73 360mm,Cooler,NZXT,CUS0249,2022-06-18,16:06:19,2022,6,189.99,81,1,0.0,189.99,108.99,57.4,Online,Boleto,Completed,Gabriel
1324,ORD00518,PRD001,Kingston A400 240GB,Storage,Kingston,CUS0249,2022-06-18,16:06:19,2022,6,29.99,13,1,0.2,23.99,13.59,56.7,Online,Bank Transfer,Completed,Gabriel
1325,ORD00518,PRD040,NVIDIA RTX 3080 10GB,GPU,NVIDIA,CUS0249,2022-06-18,16:06:19,2022,6,699.99,301,1,0.05,664.99,379.04,57.0,Marketplace,PIX,Completed,Gabriel
1326,ORD00519,PRD011,Seagate Barracuda 2TB,Storage,Seagate,CUS0254,2024-12-10,13:12:28,2024,12,54.99,23,1,0.0,54.99,31.99,58.2,Marketplace,Boleto,Completed,Rafael
1327,ORD00519,PRD022,ASUS ROG Strix Z690-A,Motherboard,ASUS,CUS0254,2024-12-10,13:12:28,2024,12,319.99,137,1,0.1,287.99,164.69,57.2,Reseller,Debit Card,Completed,Rafael
1328,ORD00519,PRD039,NVIDIA RTX 3070 8GB,GPU,NVIDIA,CUS0254,2024-12-10,13:12:28,2024,12,499.99,215,1,0.0,499.99,284.99,57.0,In-Store,PIX,Completed,Rafael
1329,ORD00519,PRD033,AMD Ryzen 5 5600X,Processor,AMD,CUS0254,2024-12-10,13:12:28,2024,12,229.99,98,1,0.15,195.49,112.19,57.4,Reseller,Bank Transfer,Completed,Rafael
1330,ORD00520,PRD045,AMD RX 6700 XT 12GB,GPU,AMD,CUS0444,2024-05-27,09:21:35,2024,5,399.99,172,1,0.05,379.99,216.59,57.0,Marketplace,Bank Transfer,Completed,Juliana
1331,ORD00520,PRD017,G.Skill Trident Z5 32GB DDR5,Memory,G.Skill,CUS0444,2024-05-27,09:21:35,2024,5,149.99,64,1,0.0,149.99,85.99,57.3,Online,Debit Card,Completed,Juliana
1332,ORD00521,PRD011,Seagate Barracuda 2TB,Storage,Seagate,CUS0371,2023-12-15,08:22:05,2023,12,54.99,23,1,0.0,54.99,31.99,58.2,Reseller,PIX,Completed,Leandro
1333,ORD00521,PRD052,Thermaltake Toughpower 1000W,PSU,Thermaltake,CUS0371,2023-12-15,08:22:05,2023,12,189.99,81,1,0.0,189.99,108.99,57.4,Reseller,Debit Card,Completed,Leandro
1334,ORD00522,PRD034,AMD Ryzen 5 7600X,Processor,AMD,CUS0364,2022-12-08,14:16:01,2022,12,249.99,107,1,0.05,237.49,135.84,57.2,Reseller,Cash,Completed,Gabriel
1335,ORD00523,PRD060,Thermaltake UX200 ARGB,Cooler,Thermaltake,CUS0415,2023-09-24,19:21:48,2023,9,34.99,15,2,0.05,66.48,37.98,57.1,Marketplace,Cash,Completed,Felipe
1336,ORD00523,PRD001,Kingston A400 240GB,Storage,Kingston,CUS0415,2023-09-24,19:21:48,2023,9,29.99,13,2,0.0,59.98,33.98,56.7,In-Store,Credit Card,Completed,Felipe
1337,ORD00523,PRD018,G.Skill Trident Z5 64GB DDR5,Memory,G.Skill,CUS0415,2023-09-24,19:21:48,2023,9,289.99,124,1,0.05,275.49,157.69,57.2,Online,Debit Card,Completed,Felipe
1338,ORD00524,PRD060,Thermaltake UX200 ARGB,Cooler,Thermaltake,CUS0496,2024-04-15,17:12:52,2024,4,34.99,15,1,0.1,31.49,17.99,57.1,Phone,PIX,Completed,Fernanda
1339,ORD00524,PRD025,MSI PRO Z690-A,Motherboard,MSI,CUS0496,2024-04-15,17:12:52,2024,4,189.99,81,1,0.0,189.99,108.99,57.4,Phone,Bank Transfer,Completed,Fernanda
1340,ORD00525,PRD045,AMD RX 6700 XT 12GB,GPU,AMD,CUS0036,2024-02-01,14:12:57,2024,2,399.99,172,1,0.2,319.99,182.39,57.0,Reseller,Boleto,Completed,Patricia
1341,ORD00525,PRD028,Intel Core i3-12100,Processor,Intel,CUS0036,2024-02-01,14:12:57,2024,2,119.99,51,1,0.0,119.99,68.99,57.5,Phone,Boleto,Completed,Patricia
1342,ORD00525,PRD035,AMD Ryzen 7 5800X3D,Processor,AMD,CUS0036,2024-02-01,14:12:57,2024,2,349.99,150,1,0.1,314.99,179.99,57.1,Phone,Credit Card,Completed,Patricia
1343,ORD00526,PRD022,ASUS ROG Strix Z690-A,Motherboard,ASUS,CUS0196,2023-10-18,14:25:19,2023,10,319.99,137,2,0.0,639.98,365.98,57.2,Marketplace,Credit Card,Completed,Lucas
1344,ORD00526,PRD001,Kingston A400 240GB,Storage,Kingston,CUS0196,2023-10-18,14:25:19,2023,10,29.99,13,1,0.0,29.99,16.99,56.7,Online,Bank Transfer,Completed,Lucas
1345,ORD00526,PRD056,Corsair H150i Elite 360mm,Cooler,Corsair,CUS0196,2023-10-18,14:25:19,2023,10,169.99,73,2,0.0,339.98,193.98,57.1,Online,Debit Card,Completed,Lucas
1346,ORD00526,PRD031,Intel Core i7-12700K,Processor,Intel,CUS0196,2023-10-18,14:25:19,2023,10,369.99,159,1,0.1,332.99,189.89,57.0,Phone,Debit Card,Completed,Lucas
1347,ORD00527,PRD041,NVIDIA RTX 4060 8GB,GPU,NVIDIA,CUS0115,2023-05-26,21:08:08,2023,5,299.99,129,2,0.0,599.98,341.98,57.0,In-Store,Boleto,Completed,Alexandre
1348,ORD00527,PRD036,AMD Ryzen 9 5900X,Processor,AMD,CUS0115,2023-05-26,21:08:08,2023,5,449.99,193,1,0.05,427.49,244.14,57.1,In-Store,Bank Transfer,Completed,Alexandre
1349,ORD00527,PRD008,Samsung 970 EVO 2TB,Storage,Samsung,CUS0115,2023-05-26,21:08:08,2023,5,219.99,94,2,0.0,439.98,251.98,57.3,Marketplace,Debit Card,Completed,Alexandre
1350,ORD00527,PRD042,NVIDIA RTX 4070 12GB,GPU,NVIDIA,CUS0115,2023-05-26,21:08:08,2023,5,599.99,258,3,0.0,1799.97,1025.97,57.0,Phone,Credit Card,Completed,Alexandre
1351,ORD00528,PRD035,AMD Ryzen 7 5800X3D,Processor,AMD,CUS0294,2022-07-23,17:05:26,2022,7,349.99,150,2,0.1,629.98,359.98,57.1,Online,Debit Card,Completed,Rafael
1352,ORD00528,PRD001,Kingston A400 240GB,Storage,Kingston,CUS0294,2022-07-23,17:05:26,2022,7,29.99,13,1,0.0,29.99,16.99,56.7,Phone,Cash,Completed,Rafael
1353,ORD00529,PRD005,Samsung 870 EVO 1TB,Storage,Samsung,CUS0162,2023-12-09,19:02:46,2023,12,129.99,56,1,0.05,123.49,70.29,56.9,Marketplace,Credit Card,Completed,Larissa
1354,ORD00529,PRD012,Seagate Barracuda 4TB,Storage,Seagate,CUS0162,2023-12-09,19:02:46,2023,12,89.99,38,1,0.1,80.99,46.79,57.8,Online,Boleto,Completed,Larissa
1355,ORD00529,PRD010,WD Blue 1TB HDD,Storage,WD,CUS0162,2023-12-09,19:02:46,2023,12,44.99,19,1,0.2,35.99,20.79,57.8,Reseller,Bank Transfer,Completed,Larissa
1356,ORD00529,PRD029,Intel Core i5-12400,Processor,Intel,CUS0162,2023-12-09,19:02:46,2023,12,199.99,86,1,0.0,199.99,113.99,57.0,Online,PIX,Completed,Larissa
1357,ORD00530,PRD033,AMD Ryzen 5 5600X,Processor,AMD,CUS0209,2024-03-24,08:47:09,2024,3,229.99,98,1,0.15,195.49,112.19,57.4,Reseller,Cash,Completed,Paulo
1358,ORD00531,PRD017,G.Skill Trident Z5 32GB DDR5,Memory,G.Skill,CUS0490,2022-06-13,21:24:19,2022,6,149.99,64,4,0.15,509.97,292.37,57.3,Phone,Cash,Completed,Isabela
1359,ORD00531,PRD052,Thermaltake Toughpower 1000W,PSU,Thermaltake,CUS0490,2022-06-13,21:24:19,2022,6,189.99,81,1,0.0,189.99,108.99,57.4,Marketplace,Debit Card,Completed,Isabela
1360,ORD00531,PRD024,MSI MAG B550M MORTAR,Motherboard,MSI,CUS0490,2022-06-13,21:24:19,2022,6,129.99,55,4,0.0,519.96,299.96,57.7,In-Store,Credit Card,Completed,Isabela
1361,ORD00532,PRD052,Thermaltake Toughpower 1000W,PSU,Thermaltake,CUS0049,2024-07-26,09:16:45,2024,7,189.99,81,1,0.0,189.99,108.99,57.4,In-Store,Bank Transfer,Completed,Leticia
1362,ORD00532,PRD011,Seagate Barracuda 2TB,Storage,Seagate,CUS0049,2024-07-26,09:16:45,2024,7,54.99,23,1,0.0,54.99,31.99,58.2,Phone,PIX,Completed,Leticia
1363,ORD00532,PRD026,Gigabyte B550 AORUS Elite,Motherboard,Gigabyte,CUS0049,2024-07-26,09:16:45,2024,7,169.99,72,2,0.0,339.98,195.98,57.6,Reseller,Boleto,Completed,Leticia
1364,ORD00532,PRD013,Corsair Vengeance 8GB DDR4,Memory,Corsair,CUS0049,2024-07-26,09:16:45,2024,7,29.99,12,1,0.05,28.49,17.09,60.0,Phone,Bank Transfer,Completed,Leticia
1365,ORD00533,PRD053,Noctua NH-D15,Cooler,Noctua,CUS0242,2022-02-21,13:01:13,2022,2,99.99,43,1,0.0,99.99,56.99,57.0,Reseller,Cash,Completed,Gabriel
1366,ORD00533,PRD009,WD Black SN850 1TB,Storage,WD,CUS0242,2022-02-21,13:01:13,2022,2,109.99,47,1,0.0,109.99,62.99,57.3,Phone,Credit Card,Completed,Gabriel
1367,ORD00534,PRD044,AMD RX 6600 8GB,GPU,AMD,CUS0171,2022-07-14,08:26:10,2022,7,289.99,124,2,0.0,579.98,331.98,57.2,Reseller,Boleto,Completed,Vanessa
1368,ORD00535,PRD020,Kingston Fury Beast 32GB DDR4,Memory,Kingston,CUS0151,2022-05-26,16:19:20,2022,5,99.99,43,2,0.25,149.98,85.48,57.0,Phone,PIX,Completed,Juliana
1369,ORD00535,PRD014,Corsair Vengeance 16GB DDR4,Memory,Corsair,CUS0151,2022-05-26,16:19:20,2022,5,59.99,25,1,0.2,47.99,27.99,58.3,Online,PIX,Completed,Juliana
1370,ORD00535,PRD045,AMD RX 6700 XT 12GB,GPU,AMD,CUS0151,2022-05-26,16:19:20,2022,5,399.99,172,2,0.15,679.98,387.58,57.0,Phone,Debit Card,Completed,Juliana
1371,ORD00535,PRD016,G.Skill Trident Z5 16GB DDR5,Memory,G.Skill,CUS0151,2022-05-26,16:19:20,2022,5,79.99,34,2,0.2,127.98,73.58,57.5,Online,Cash,Completed,Juliana
1372,ORD00536,PRD023,ASUS TUF Gaming B660M,Motherboard,ASUS,CUS0431,2024-07-11,17:53:05,2024,7,159.99,68,1,0.0,159.99,91.99,57.5,Online,Debit Card,Completed,Natalia
1373,ORD00537,PRD058,DeepCool AK620,Cooler,DeepCool,CUS0272,2022-01-19,11:10:29,2022,1,54.99,23,1,0.1,49.49,28.79,58.2,Marketplace,Credit Card,Completed,Tatiana
1374,ORD00537,PRD020,Kingston Fury Beast 32GB DDR4,Memory,Kingston,CUS0272,2022-01-19,11:10:29,2022,1,99.99,43,1,0.0,99.99,56.99,57.0,In-Store,Bank Transfer,Completed,Tatiana
1375,ORD00537,PRD032,Intel Core i9-12900K,Processor,Intel,CUS0272,2022-01-19,11:10:29,2022,1,569.99,245,1,0.05,541.49,308.74,57.0,Reseller,Bank Transfer,Completed,Tatiana
1376,ORD00538,PRD047,Corsair RM650 Modular,PSU,Corsair,CUS0282,2024-08-27,12:27:18,2024,8,89.99,38,1,0.2,71.99,41.59,57.8,Reseller,Cash,Completed,Alexandre
1377,ORD00538,PRD040,NVIDIA RTX 3080 10GB,GPU,NVIDIA,CUS0282,2024-08-27,12:27:18,2024,8,699.99,301,1,0.05,664.99,379.04,57.0,In-Store,Cash,Completed,Alexandre
1378,ORD00539,PRD029,Intel Core i5-12400,Processor,Intel,CUS0315,2022-10-18,08:26:12,2022,10,199.99,86,2,0.05,379.98,216.58,57.0,Phone,Credit Card,Completed,Carlos
1379,ORD00540,PRD045,AMD RX 6700 XT 12GB,GPU,AMD,CUS0277,2023-11-14,08:06:51,2023,11,399.99,172,1,0.0,399.99,227.99,57.0,Phone,Bank Transfer,Completed,Daniela
1380,ORD00540,PRD002,Kingston A400 480GB,Storage,Kingston,CUS0277,2023-11-14,08:06:51,2023,11,49.99,21,1,0.25,37.49,21.74,58.0,Reseller,Debit Card,Completed,Daniela
1381,ORD00541,PRD027,Gigabyte Z790 AORUS Master,Motherboard,Gigabyte,CUS0115,2024-10-09,18:55:33,2024,10,449.99,193,1,0.0,449.99,256.99,57.1,Reseller,Credit Card,Completed,Alexandre
1382,ORD00541,PRD011,Seagate Barracuda 2TB,Storage,Seagate,CUS0115,2024-10-09,18:55:33,2024,10,54.99,23,1,0.1,49.49,28.79,58.2,Marketplace,Bank Transfer,Completed,Alexandre
1383,ORD00542,PRD017,G.Skill Trident Z5 32GB DDR5,Memory,G.Skill,CUS0474,2024-11-09,19:47:12,2024,11,149.99,64,1,0.0,149.99,85.99,57.3,Reseller,Boleto,Completed,Isabela
1384,ORD00542,PRD054,Noctua NH-U12S,Cooler,Noctua,CUS0474,2024-11-09,19:47:12,2024,11,69.99,30,2,0.0,139.98,79.98,57.1,In-Store,Boleto,Completed,Isabela
1385,ORD00542,PRD010,WD Blue 1TB HDD,Storage,WD,CUS0474,2024-11-09,19:47:12,2024,11,44.99,19,1,0.1,40.49,23.39,57.8,Reseller,Debit Card,Completed,Isabela
1386,ORD00542,PRD048,Corsair RM750 Modular,PSU,Corsair,CUS0474,2024-11-09,19:47:12,2024,11,109.99,47,2,0.05,208.98,119.68,57.3,Marketplace,Credit Card,Completed,Isabela
1387,ORD00543,PRD051,be quiet! Straight Power 850W,PSU,be quiet!,CUS0491,2023-03-15,22:02:29,2023,3,169.99,73,2,0.0,339.98,193.98,57.1,In-Store,Bank Transfer,Completed,Ana
1388,ORD00543,PRD016,G.Skill Trident Z5 16GB DDR5,Memory,G.Skill,CUS0491,2023-03-15,22:02:29,2023,3,79.99,34,2,0.0,159.98,91.98,57.5,Phone,Cash,Completed,Ana
1389,ORD00543,PRD059,Cooler Master Hyper 212,Cooler,Cooler Master,CUS0491,2023-03-15,22:02:29,2023,3,39.99,17,1,0.25,29.99,17.24,57.5,Online,Cash,Completed,Ana
1390,ORD00543,PRD033,AMD Ryzen 5 5600X,Processor,AMD,CUS0491,2023-03-15,22:02:29,2023,3,229.99,98,1,0.0,229.99,131.99,57.4,Online,Credit Card,Completed,Ana
1391,ORD00544,PRD013,Corsair Vengeance 8GB DDR4,Memory,Corsair,CUS0473,2022-01-21,19:56:13,2022,1,29.99,12,1,0.0,29.99,17.99,60.0,In-Store,Cash,Completed,Carlos
1392,ORD00545,PRD031,Intel Core i7-12700K,Processor,Intel,CUS0304,2024-07-12,09:52:49,2024,7,369.99,159,1,0.05,351.49,200.44,57.0,Online,Bank Transfer,Completed,Juliana
1393,ORD00545,PRD032,Intel Core i9-12900K,Processor,Intel,CUS0304,2024-07-12,09:52:49,2024,7,569.99,245,4,0.0,2279.96,1299.96,57.0,Phone,PIX,Completed,Juliana
1394,ORD00545,PRD043,NVIDIA RTX 4080 16GB,GPU,NVIDIA,CUS0304,2024-07-12,09:52:49,2024,7,1199.99,516,2,0.1,2159.98,1231.18,57.0,Reseller,Cash,Completed,Juliana
1395,ORD00545,PRD047,Corsair RM650 Modular,PSU,Corsair,CUS0304,2024-07-12,09:52:49,2024,7,89.99,38,4,0.0,359.96,207.96,57.8,Reseller,Bank Transfer,Completed,Juliana
1396,ORD00546,PRD033,AMD Ryzen 5 5600X,Processor,AMD,CUS0091,2022-05-24,17:14:21,2022,5,229.99,98,3,0.0,689.97,395.97,57.4,Online,Debit Card,Completed,Mariana
1397,ORD00546,PRD035,AMD Ryzen 7 5800X3D,Processor,AMD,CUS0091,2022-05-24,17:14:21,2022,5,349.99,150,1,0.05,332.49,189.99,57.1,Marketplace,Boleto,Completed,Mariana
1398,ORD00546,PRD032,Intel Core i9-12900K,Processor,Intel,CUS0091,2022-05-24,17:14:21,2022,5,569.99,245,2,0.0,1139.98,649.98,57.0,In-Store,Cash,Completed,Mariana
1399,ORD00547,PRD054,Noctua NH-U12S,Cooler,Noctua,CUS0309,2022-02-17,21:54:14,2022,2,69.99,30,1,0.15,59.49,33.99,57.1,Online,Boleto,Completed,Ana
1400,ORD00547,PRD009,WD Black SN850 1TB,Storage,WD,CUS0309,2022-02-17,21:54:14,2022,2,109.99,47,2,0.25,164.98,94.48,57.3,Marketplace,PIX,Completed,Ana
1401,ORD00547,PRD060,Thermaltake UX200 ARGB,Cooler,Thermaltake,CUS0309,2022-02-17,21:54:14,2022,2,34.99,15,1,0.25,26.24,14.99,57.1,Reseller,PIX,Completed,Ana
1402,ORD00548,PRD027,Gigabyte Z790 AORUS Master,Motherboard,Gigabyte,CUS0098,2024-05-11,14:32:31,2024,5,449.99,193,2,0.0,899.98,513.98,57.1,Reseller,Boleto,Completed,Larissa
1403,ORD00548,PRD032,Intel Core i9-12900K,Processor,Intel,CUS0098,2024-05-11,14:32:31,2024,5,569.99,245,1,0.0,569.99,324.99,57.0,In-Store,Credit Card,Completed,Larissa
1404,ORD00548,PRD054,Noctua NH-U12S,Cooler,Noctua,CUS0098,2024-05-11,14:32:31,2024,5,69.99,30,4,0.0,279.96,159.96,57.1,Marketplace,Debit Card,Completed,Larissa
1405,ORD00548,PRD011,Seagate Barracuda 2TB,Storage,Seagate,CUS0098,2024-05-11,14:32:31,2024,5,54.99,23,2,0.1,98.98,57.58,58.2,In-Store,Credit Card,Completed,Larissa
1406,ORD00549,PRD034,AMD Ryzen 5 7600X,Processor,AMD,CUS0427,2022-10-11,18:30:31,2022,10,249.99,107,1,0.05,237.49,135.84,57.2,In-Store,Cash,Completed,Diego
1407,ORD00549,PRD046,AMD RX 7900 XTX 24GB,GPU,AMD,CUS0427,2022-10-11,18:30:31,2022,10,999.99,430,3,0.15,2549.97,1453.47,57.0,Reseller,Boleto,Completed,Diego
1408,ORD00550,PRD016,G.Skill Trident Z5 16GB DDR5,Memory,G.Skill,CUS0376,2023-09-06,18:39:24,2023,9,79.99,34,2,0.0,159.98,91.98,57.5,Online,Boleto,Completed,Viviane
1409,ORD00550,PRD033,AMD Ryzen 5 5600X,Processor,AMD,CUS0376,2023-09-06,18:39:24,2023,9,229.99,98,1,0.0,229.99,131.99,57.4,In-Store,Boleto,Completed,Viviane
1410,ORD00550,PRD035,AMD Ryzen 7 5800X3D,Processor,AMD,CUS0376,2023-09-06,18:39:24,2023,9,349.99,150,1,0.0,349.99,199.99,57.1,Reseller,Boleto,Completed,Viviane
1411,ORD00551,PRD036,AMD Ryzen 9 5900X,Processor,AMD,CUS0434,2022-04-11,16:18:42,2022,4,449.99,193,1,0.15,382.49,218.44,57.1,Phone,Bank Transfer,Completed,Adriana
1412,ORD00551,PRD042,NVIDIA RTX 4070 12GB,GPU,NVIDIA,CUS0434,2022-04-11,16:18:42,2022,4,599.99,258,1,0.1,539.99,307.79,57.0,In-Store,Credit Card,Completed,Adriana
1413,ORD00552,PRD004,Samsung 870 EVO 500GB,Storage,Samsung,CUS0444,2022-07-23,15:49:16,2022,7,79.99,34,1,0.0,79.99,45.99,57.5,Online,Credit Card,Completed,Juliana
1414,ORD00553,PRD015,Corsair Vengeance 32GB DDR4,Memory,Corsair,CUS0346,2022-02-13,20:16:44,2022,2,109.99,47,1,0.1,98.99,56.69,57.3,Phone,Bank Transfer,Completed,Fabio
1415,ORD00553,PRD051,be quiet! Straight Power 850W,PSU,be quiet!,CUS0346,2022-02-13,20:16:44,2022,2,169.99,73,3,0.15,433.47,247.32,57.1,Marketplace,Cash,Completed,Fabio
1416,ORD00553,PRD055,Corsair H100i RGB 240mm,Cooler,Corsair,CUS0346,2022-02-13,20:16:44,2022,2,129.99,56,1,0.15,110.49,62.89,56.9,Marketplace,Boleto,Completed,Fabio
1417,ORD00553,PRD027,Gigabyte Z790 AORUS Master,Motherboard,Gigabyte,CUS0346,2022-02-13,20:16:44,2022,2,449.99,193,3,0.0,1349.97,770.97,57.1,Reseller,Bank Transfer,Completed,Fabio
1418,ORD00554,PRD024,MSI MAG B550M MORTAR,Motherboard,MSI,CUS0062,2023-08-08,21:12:13,2023,8,129.99,55,3,0.0,389.97,224.97,57.7,Marketplace,Cash,Completed,Isabela
1419,ORD00554,PRD055,Corsair H100i RGB 240mm,Cooler,Corsair,CUS0062,2023-08-08,21:12:13,2023,8,129.99,56,2,0.15,220.98,125.78,56.9,In-Store,Boleto,Completed,Isabela
1420,ORD00555,PRD059,Cooler Master Hyper 212,Cooler,Cooler Master,CUS0296,2022-09-03,19:50:41,2022,9,39.99,17,1,0.1,35.99,20.69,57.5,Phone,Boleto,Completed,Eduardo
1421,ORD00556,PRD012,Seagate Barracuda 4TB,Storage,Seagate,CUS0349,2022-02-21,21:00:50,2022,2,89.99,38,1,0.0,89.99,51.99,57.8,Marketplace,Debit Card,Completed,Gustavo
1422,ORD00557,PRD041,NVIDIA RTX 4060 8GB,GPU,NVIDIA,CUS0468,2024-08-17,19:01:41,2024,8,299.99,129,3,0.0,899.97,512.97,57.0,In-Store,PIX,Completed,Carlos
1423,ORD00557,PRD005,Samsung 870 EVO 1TB,Storage,Samsung,CUS0468,2024-08-17,19:01:41,2024,8,129.99,56,2,0.0,259.98,147.98,56.9,Phone,PIX,Completed,Carlos
1424,ORD00557,PRD038,NVIDIA RTX 3060 12GB,GPU,NVIDIA,CUS0468,2024-08-17,19:01:41,2024,8,329.99,141,1,0.05,313.49,179.54,57.3,Marketplace,PIX,Completed,Carlos
1425,ORD00557,PRD052,Thermaltake Toughpower 1000W,PSU,Thermaltake,CUS0468,2024-08-17,19:01:41,2024,8,189.99,81,1,0.0,189.99,108.99,57.4,Online,Debit Card,Completed,Carlos
1426,ORD00558,PRD047,Corsair RM650 Modular,PSU,Corsair,CUS0272,2022-07-13,10:48:08,2022,7,89.99,38,3,0.15,229.47,132.57,57.8,Phone,Cash,Completed,Tatiana
1427,ORD00559,PRD057,NZXT Kraken X73 360mm,Cooler,NZXT,CUS0054,2023-08-02,10:45:27,2023,8,189.99,81,3,0.05,541.47,310.62,57.4,Marketplace,Bank Transfer,Completed,Renata
1428,ORD00559,PRD044,AMD RX 6600 8GB,GPU,AMD,CUS0054,2023-08-02,10:45:27,2023,8,289.99,124,1,0.0,289.99,165.99,57.2,Phone,PIX,Completed,Renata
1429,ORD00560,PRD029,Intel Core i5-12400,Processor,Intel,CUS0315,2024-07-12,11:44:38,2024,7,199.99,86,2,0.05,379.98,216.58,57.0,Reseller,Boleto,Completed,Carlos
1430,ORD00560,PRD015,Corsair Vengeance 32GB DDR4,Memory,Corsair,CUS0315,2024-07-12,11:44:38,2024,7,109.99,47,1,0.05,104.49,59.84,57.3,Online,PIX,Completed,Carlos
1431,ORD00560,PRD041,NVIDIA RTX 4060 8GB,GPU,NVIDIA,CUS0315,2024-07-12,11:44:38,2024,7,299.99,129,2,0.0,599.98,341.98,57.0,Marketplace,Boleto,Completed,Carlos
1432,ORD00561,PRD012,Seagate Barracuda 4TB,Storage,Seagate,CUS0204,2023-06-14,13:18:09,2023,6,89.99,38,2,0.05,170.98,98.78,57.8,Reseller,Boleto,Completed,Pedro
1433,ORD00561,PRD020,Kingston Fury Beast 32GB DDR4,Memory,Kingston,CUS0204,2023-06-14,13:18:09,2023,6,99.99,43,1,0.0,99.99,56.99,57.0,In-Store,Cash,Completed,Pedro
1434,ORD00562,PRD052,Thermaltake Toughpower 1000W,PSU,Thermaltake,CUS0222,2022-10-23,09:23:28,2022,10,189.99,81,1,0.0,189.99,108.99,57.4,Phone,Cash,Completed,Sergio
1435,ORD00563,PRD033,AMD Ryzen 5 5600X,Processor,AMD,CUS0131,2022-05-29,18:00:48,2022,5,229.99,98,1,0.1,206.99,118.79,57.4,Online,Debit Card,Completed,Eduardo
1436,ORD00563,PRD006,Samsung 970 EVO 500GB,Storage,Samsung,CUS0131,2022-05-29,18:00:48,2022,5,69.99,29,1,0.1,62.99,36.89,58.6,In-Store,Cash,Completed,Eduardo
1437,ORD00563,PRD037,AMD Ryzen 9 7900X,Processor,AMD,CUS0131,2022-05-29,18:00:48,2022,5,549.99,236,1,0.1,494.99,282.59,57.1,In-Store,Credit Card,Completed,Eduardo
1438,ORD00564,PRD038,NVIDIA RTX 3060 12GB,GPU,NVIDIA,CUS0134,2022-03-30,19:32:29,2022,3,329.99,141,1,0.0,329.99,188.99,57.3,Online,Cash,Completed,Bruno
1439,ORD00564,PRD024,MSI MAG B550M MORTAR,Motherboard,MSI,CUS0134,2022-03-30,19:32:29,2022,3,129.99,55,1,0.0,129.99,74.99,57.7,Reseller,PIX,Completed,Bruno
1440,ORD00564,PRD018,G.Skill Trident Z5 64GB DDR5,Memory,G.Skill,CUS0134,2022-03-30,19:32:29,2022,3,289.99,124,2,0.0,579.98,331.98,57.2,Phone,Boleto,Completed,Bruno
1441,ORD00565,PRD045,AMD RX 6700 XT 12GB,GPU,AMD,CUS0396,2024-07-02,18:18:05,2024,7,399.99,172,1,0.15,339.99,193.79,57.0,Online,Debit Card,Completed,Matheus
1442,ORD00566,PRD038,NVIDIA RTX 3060 12GB,GPU,NVIDIA,CUS0072,2024-05-17,18:00:29,2024,5,329.99,141,1,0.1,296.99,170.09,57.3,Phone,PIX,Completed,Roberto
1443,ORD00566,PRD026,Gigabyte B550 AORUS Elite,Motherboard,Gigabyte,CUS0072,2024-05-17,18:00:29,2024,5,169.99,72,1,0.05,161.49,93.09,57.6,Reseller,Boleto,Completed,Roberto
1444,ORD00567,PRD051,be quiet! Straight Power 850W,PSU,be quiet!,CUS0027,2022-12-20,10:08:18,2022,12,169.99,73,2,0.0,339.98,193.98,57.1,Reseller,PIX,Completed,Roberto
1445,ORD00568,PRD010,WD Blue 1TB HDD,Storage,WD,CUS0054,2023-05-19,20:52:30,2023,5,44.99,19,1,0.15,38.24,22.09,57.8,Reseller,Debit Card,Completed,Renata
1446,ORD00568,PRD055,Corsair H100i RGB 240mm,Cooler,Corsair,CUS0054,2023-05-19,20:52:30,2023,5,129.99,56,1,0.1,116.99,66.59,56.9,In-Store,Debit Card,Completed,Renata
1447,ORD00568,PRD022,ASUS ROG Strix Z690-A,Motherboard,ASUS,CUS0054,2023-05-19,20:52:30,2023,5,319.99,137,2,0.2,511.98,292.78,57.2,Phone,Cash,Completed,Renata
1448,ORD00568,PRD023,ASUS TUF Gaming B660M,Motherboard,ASUS,CUS0054,2023-05-19,20:52:30,2023,5,159.99,68,1,0.15,135.99,78.19,57.5,Reseller,PIX,Completed,Renata
1449,ORD00569,PRD012,Seagate Barracuda 4TB,Storage,Seagate,CUS0422,2023-08-25,13:40:26,2023,8,89.99,38,2,0.0,179.98,103.98,57.8,In-Store,Boleto,Completed,Leandro
1450,ORD00569,PRD027,Gigabyte Z790 AORUS Master,Motherboard,Gigabyte,CUS0422,2023-08-25,13:40:26,2023,8,449.99,193,1,0.0,449.99,256.99,57.1,In-Store,Credit Card,Completed,Leandro
1451,ORD00569,PRD052,Thermaltake Toughpower 1000W,PSU,Thermaltake,CUS0422,2023-08-25,13:40:26,2023,8,189.99,81,1,0.15,161.49,92.64,57.4,In-Store,Credit Card,Completed,Leandro
1452,ORD00569,PRD020,Kingston Fury Beast 32GB DDR4,Memory,Kingston,CUS0422,2023-08-25,13:40:26,2023,8,99.99,43,1,0.2,79.99,45.59,57.0,Online,Bank Transfer,Completed,Leandro
1453,ORD00570,PRD029,Intel Core i5-12400,Processor,Intel,CUS0200,2024-02-10,22:47:55,2024,2,199.99,86,1,0.05,189.99,108.29,57.0,Online,PIX,Completed,Claudia
1454,ORD00571,PRD031,Intel Core i7-12700K,Processor,Intel,CUS0180,2024-01-25,13:21:52,2024,1,369.99,159,3,0.0,1109.97,632.97,57.0,Marketplace,Credit Card,Completed,Larissa
1455,ORD00571,PRD015,Corsair Vengeance 32GB DDR4,Memory,Corsair,CUS0180,2024-01-25,13:21:52,2024,1,109.99,47,1,0.0,109.99,62.99,57.3,In-Store,PIX,Completed,Larissa
1456,ORD00572,PRD007,Samsung 970 EVO 1TB,Storage,Samsung,CUS0383,2022-12-25,09:47:44,2022,12,119.99,51,2,0.0,239.98,137.98,57.5,Marketplace,Credit Card,Completed,Larissa
1457,ORD00572,PRD013,Corsair Vengeance 8GB DDR4,Memory,Corsair,CUS0383,2022-12-25,09:47:44,2022,12,29.99,12,4,0.0,119.96,71.96,60.0,Phone,PIX,Completed,Larissa
1458,ORD00572,PRD037,AMD Ryzen 9 7900X,Processor,AMD,CUS0383,2022-12-25,09:47:44,2022,12,549.99,236,1,0.0,549.99,313.99,57.1,In-Store,Credit Card,Completed,Larissa
1459,ORD00572,PRD039,NVIDIA RTX 3070 8GB,GPU,NVIDIA,CUS0383,2022-12-25,09:47:44,2022,12,499.99,215,1,0.25,374.99,213.74,57.0,Online,Cash,Completed,Larissa
1460,ORD00573,PRD005,Samsung 870 EVO 1TB,Storage,Samsung,CUS0461,2022-10-27,15:04:07,2022,10,129.99,56,2,0.0,259.98,147.98,56.9,Reseller,Cash,Completed,Gabriel
1461,ORD00573,PRD020,Kingston Fury Beast 32GB DDR4,Memory,Kingston,CUS0461,2022-10-27,15:04:07,2022,10,99.99,43,3,0.0,299.97,170.97,57.0,Marketplace,Debit Card,Completed,Gabriel
1462,ORD00573,PRD006,Samsung 970 EVO 500GB,Storage,Samsung,CUS0461,2022-10-27,15:04:07,2022,10,69.99,29,1,0.05,66.49,38.94,58.6,Reseller,PIX,Completed,Gabriel
1463,ORD00573,PRD056,Corsair H150i Elite 360mm,Cooler,Corsair,CUS0461,2022-10-27,15:04:07,2022,10,169.99,73,2,0.15,288.98,164.88,57.1,Marketplace,PIX,Completed,Gabriel
1464,ORD00574,PRD042,NVIDIA RTX 4070 12GB,GPU,NVIDIA,CUS0381,2023-01-29,14:33:17,2023,1,599.99,258,1,0.0,599.99,341.99,57.0,Phone,PIX,Completed,Matheus
1465,ORD00574,PRD001,Kingston A400 240GB,Storage,Kingston,CUS0381,2023-01-29,14:33:17,2023,1,29.99,13,1,0.15,25.49,14.44,56.7,Reseller,Boleto,Completed,Matheus
1466,ORD00574,PRD024,MSI MAG B550M MORTAR,Motherboard,MSI,CUS0381,2023-01-29,14:33:17,2023,1,129.99,55,2,0.0,259.98,149.98,57.7,Online,PIX,Completed,Matheus
1467,ORD00575,PRD055,Corsair H100i RGB 240mm,Cooler,Corsair,CUS0393,2022-08-09,17:08:45,2022,8,129.99,56,1,0.0,129.99,73.99,56.9,Phone,PIX,Completed,Pedro
1468,ORD00576,PRD018,G.Skill Trident Z5 64GB DDR5,Memory,G.Skill,CUS0433,2022-10-13,19:31:17,2022,10,289.99,124,1,0.0,289.99,165.99,57.2,Phone,PIX,Completed,Matheus
1469,ORD00576,PRD032,Intel Core i9-12900K,Processor,Intel,CUS0433,2022-10-13,19:31:17,2022,10,569.99,245,3,0.05,1624.47,926.22,57.0,In-Store,Credit Card,Completed,Matheus
1470,ORD00577,PRD039,NVIDIA RTX 3070 8GB,GPU,NVIDIA,CUS0039,2024-09-30,17:02:33,2024,9,499.99,215,1,0.0,499.99,284.99,57.0,Online,PIX,Completed,Carlos
1471,ORD00577,PRD004,Samsung 870 EVO 500GB,Storage,Samsung,CUS0039,2024-09-30,17:02:33,2024,9,79.99,34,1,0.05,75.99,43.69,57.5,Reseller,Boleto,Completed,Carlos
1472,ORD00577,PRD035,AMD Ryzen 7 5800X3D,Processor,AMD,CUS0039,2024-09-30,17:02:33,2024,9,349.99,150,1,0.05,332.49,189.99,57.1,Marketplace,Bank Transfer,Completed,Carlos
1473,ORD00578,PRD027,Gigabyte Z790 AORUS Master,Motherboard,Gigabyte,CUS0489,2024-01-30,21:09:55,2024,1,449.99,193,4,0.0,1799.96,1027.96,57.1,Online,Credit Card,Completed,Carlos
1474,ORD00578,PRD057,NZXT Kraken X73 360mm,Cooler,NZXT,CUS0489,2024-01-30,21:09:55,2024,1,189.99,81,1,0.1,170.99,98.09,57.4,Marketplace,Debit Card,Completed,Carlos
1475,ORD00578,PRD032,Intel Core i9-12900K,Processor,Intel,CUS0489,2024-01-30,21:09:55,2024,1,569.99,245,1,0.1,512.99,292.49,57.0,Marketplace,Boleto,Completed,Carlos
1476,ORD00578,PRD030,Intel Core i5-13600K,Processor,Intel,CUS0489,2024-01-30,21:09:55,2024,1,279.99,120,2,0.0,559.98,319.98,57.1,Reseller,Bank Transfer,Completed,Carlos
1477,ORD00579,PRD047,Corsair RM650 Modular,PSU,Corsair,CUS0487,2023-11-12,11:14:11,2023,11,89.99,38,4,0.15,305.97,176.77,57.8,Reseller,Cash,Completed,Roberto
1478,ORD00579,PRD059,Cooler Master Hyper 212,Cooler,Cooler Master,CUS0487,2023-11-12,11:14:11,2023,11,39.99,17,3,0.0,119.97,68.97,57.5,In-Store,Boleto,Completed,Roberto
1479,ORD00579,PRD036,AMD Ryzen 9 5900X,Processor,AMD,CUS0487,2023-11-12,11:14:11,2023,11,449.99,193,1,0.1,404.99,231.29,57.1,Online,Bank Transfer,Completed,Roberto
1480,ORD00579,PRD001,Kingston A400 240GB,Storage,Kingston,CUS0487,2023-11-12,11:14:11,2023,11,29.99,13,1,0.0,29.99,16.99,56.7,Marketplace,Debit Card,Completed,Roberto
1481,ORD00580,PRD056,Corsair H150i Elite 360mm,Cooler,Corsair,CUS0160,2022-02-24,22:26:08,2022,2,169.99,73,1,0.1,152.99,87.29,57.1,Online,Credit Card,Completed,Larissa
1482,ORD00580,PRD058,DeepCool AK620,Cooler,DeepCool,CUS0160,2022-02-24,22:26:08,2022,2,54.99,23,1,0.0,54.99,31.99,58.2,Reseller,PIX,Completed,Larissa
1483,ORD00580,PRD052,Thermaltake Toughpower 1000W,PSU,Thermaltake,CUS0160,2022-02-24,22:26:08,2022,2,189.99,81,1,0.15,161.49,92.64,57.4,Reseller,Debit Card,Completed,Larissa
1484,ORD00581,PRD042,NVIDIA RTX 4070 12GB,GPU,NVIDIA,CUS0420,2024-09-11,17:03:18,2024,9,599.99,258,1,0.0,599.99,341.99,57.0,In-Store,Cash,Completed,Diego
1485,ORD00581,PRD011,Seagate Barracuda 2TB,Storage,Seagate,CUS0420,2024-09-11,17:03:18,2024,9,54.99,23,1,0.2,43.99,25.59,58.2,Reseller,Credit Card,Completed,Diego
1486,ORD00581,PRD051,be quiet! Straight Power 850W,PSU,be quiet!,CUS0420,2024-09-11,17:03:18,2024,9,169.99,73,2,0.1,305.98,174.58,57.1,Reseller,Boleto,Completed,Diego
1487,ORD00581,PRD060,Thermaltake UX200 ARGB,Cooler,Thermaltake,CUS0420,2024-09-11,17:03:18,2024,9,34.99,15,3,0.0,104.97,59.97,57.1,In-Store,Bank Transfer,Completed,Diego
1488,ORD00582,PRD015,Corsair Vengeance 32GB DDR4,Memory,Corsair,CUS0470,2023-08-26,20:00:11,2023,8,109.99,47,1,0.0,109.99,62.99,57.3,Marketplace,Boleto,Completed,Viviane
1489,ORD00583,PRD017,G.Skill Trident Z5 32GB DDR5,Memory,G.Skill,CUS0362,2022-01-14,12:25:21,2022,1,149.99,64,2,0.05,284.98,163.38,57.3,Phone,Debit Card,Completed,Fernanda
1490,ORD00583,PRD047,Corsair RM650 Modular,PSU,Corsair,CUS0362,2022-01-14,12:25:21,2022,1,89.99,38,1,0.0,89.99,51.99,57.8,In-Store,Debit Card,Completed,Fernanda
1491,ORD00583,PRD034,AMD Ryzen 5 7600X,Processor,AMD,CUS0362,2022-01-14,12:25:21,2022,1,249.99,107,3,0.1,674.97,386.07,57.2,In-Store,Boleto,Completed,Fernanda
1492,ORD00583,PRD005,Samsung 870 EVO 1TB,Storage,Samsung,CUS0362,2022-01-14,12:25:21,2022,1,129.99,56,1,0.0,129.99,73.99,56.9,Phone,Debit Card,Completed,Fernanda
1493,ORD00584,PRD031,Intel Core i7-12700K,Processor,Intel,CUS0004,2022-10-25,16:01:28,2022,10,369.99,159,1,0.2,295.99,168.79,57.0,Online,Cash,Completed,Leandro
1494,ORD00584,PRD055,Corsair H100i RGB 240mm,Cooler,Corsair,CUS0004,2022-10-25,16:01:28,2022,10,129.99,56,1,0.05,123.49,70.29,56.9,Phone,Cash,Completed,Leandro
1495,ORD00584,PRD052,Thermaltake Toughpower 1000W,PSU,Thermaltake,CUS0004,2022-10-25,16:01:28,2022,10,189.99,81,1,0.05,180.49,103.54,57.4,Marketplace,Credit Card,Completed,Leandro
1496,ORD00585,PRD037,AMD Ryzen 9 7900X,Processor,AMD,CUS0002,2022-12-01,22:29:29,2022,12,549.99,236,2,0.0,1099.98,627.98,57.1,Online,Credit Card,Completed,André
1497,ORD00585,PRD045,AMD RX 6700 XT 12GB,GPU,AMD,CUS0002,2022-12-01,22:29:29,2022,12,399.99,172,1,0.15,339.99,193.79,57.0,Reseller,Credit Card,Completed,André
1498,ORD00585,PRD059,Cooler Master Hyper 212,Cooler,Cooler Master,CUS0002,2022-12-01,22:29:29,2022,12,39.99,17,2,0.1,71.98,41.38,57.5,Online,PIX,Completed,André
1499,ORD00586,PRD044,AMD RX 6600 8GB,GPU,AMD,CUS0327,2022-08-31,17:37:08,2022,8,289.99,124,1,0.0,289.99,165.99,57.2,Reseller,Credit Card,Completed,Pedro
1500,ORD00586,PRD054,Noctua NH-U12S,Cooler,Noctua,CUS0327,2022-08-31,17:37:08,2022,8,69.99,30,1,0.05,66.49,37.99,57.1,Phone,PIX,Completed,Pedro
1501,ORD00587,PRD050,EVGA SuperNOVA 650W,PSU,EVGA,CUS0448,2023-12-15,19:13:22,2023,12,89.99,38,1,0.1,80.99,46.79,57.8,Reseller,Boleto,Completed,Natalia
1502,ORD00587,PRD028,Intel Core i3-12100,Processor,Intel,CUS0448,2023-12-15,19:13:22,2023,12,119.99,51,2,0.1,215.98,124.18,57.5,In-Store,Bank Transfer,Completed,Natalia
1503,ORD00587,PRD026,Gigabyte B550 AORUS Elite,Motherboard,Gigabyte,CUS0448,2023-12-15,19:13:22,2023,12,169.99,72,1,0.0,169.99,97.99,57.6,In-Store,Boleto,Completed,Natalia
1504,ORD00587,PRD044,AMD RX 6600 8GB,GPU,AMD,CUS0448,2023-12-15,19:13:22,2023,12,289.99,124,2,0.0,579.98,331.98,57.2,Phone,Cash,Completed,Natalia
1505,ORD00588,PRD058,DeepCool AK620,Cooler,DeepCool,CUS0055,2024-03-22,13:04:55,2024,3,54.99,23,2,0.15,93.48,54.38,58.2,Marketplace,Credit Card,Completed,Carla
1506,ORD00588,PRD014,Corsair Vengeance 16GB DDR4,Memory,Corsair,CUS0055,2024-03-22,13:04:55,2024,3,59.99,25,2,0.0,119.98,69.98,58.3,Marketplace,Debit Card,Completed,Carla
1507,ORD00588,PRD020,Kingston Fury Beast 32GB DDR4,Memory,Kingston,CUS0055,2024-03-22,13:04:55,2024,3,99.99,43,3,0.2,239.98,136.78,57.0,Online,PIX,Completed,Carla
1508,ORD00588,PRD059,Cooler Master Hyper 212,Cooler,Cooler Master,CUS0055,2024-03-22,13:04:55,2024,3,39.99,17,4,0.0,159.96,91.96,57.5,Online,Cash,Completed,Carla
1509,ORD00589,PRD031,Intel Core i7-12700K,Processor,Intel,CUS0012,2023-10-22,20:50:38,2023,10,369.99,159,3,0.1,998.97,569.67,57.0,Phone,Bank Transfer,Completed,Monica
1510,ORD00589,PRD040,NVIDIA RTX 3080 10GB,GPU,NVIDIA,CUS0012,2023-10-22,20:50:38,2023,10,699.99,301,2,0.15,1189.98,678.28,57.0,Online,Credit Card,Completed,Monica
1511,ORD00590,PRD051,be quiet! Straight Power 850W,PSU,be quiet!,CUS0448,2023-03-11,10:55:35,2023,3,169.99,73,1,0.25,127.49,72.74,57.1,In-Store,Cash,Completed,Natalia
1512,ORD00590,PRD013,Corsair Vengeance 8GB DDR4,Memory,Corsair,CUS0448,2023-03-11,10:55:35,2023,3,29.99,12,1,0.0,29.99,17.99,60.0,Phone,Bank Transfer,Completed,Natalia
1513,ORD00591,PRD055,Corsair H100i RGB 240mm,Cooler,Corsair,CUS0234,2022-11-30,19:29:06,2022,11,129.99,56,1,0.0,129.99,73.99,56.9,Marketplace,Debit Card,Completed,Pedro
1514,ORD00591,PRD052,Thermaltake Toughpower 1000W,PSU,Thermaltake,CUS0234,2022-11-30,19:29:06,2022,11,189.99,81,1,0.05,180.49,103.54,57.4,Online,Cash,Completed,Pedro
1515,ORD00591,PRD003,Kingston A400 960GB,Storage,Kingston,CUS0234,2022-11-30,19:29:06,2022,11,89.99,38,1,0.0,89.99,51.99,57.8,Marketplace,Cash,Completed,Pedro
1516,ORD00591,PRD021,ASUS ROG Strix B550-F,Motherboard,ASUS,CUS0234,2022-11-30,19:29:06,2022,11,219.99,94,3,0.05,626.97,359.07,57.3,In-Store,Cash,Completed,Pedro
1517,ORD00592,PRD026,Gigabyte B550 AORUS Elite,Motherboard,Gigabyte,CUS0360,2023-01-26,14:19:37,2023,1,169.99,72,1,0.1,152.99,88.19,57.6,In-Store,Boleto,Completed,Vanessa
1518,ORD00592,PRD008,Samsung 970 EVO 2TB,Storage,Samsung,CUS0360,2023-01-26,14:19:37,2023,1,219.99,94,1,0.0,219.99,125.99,57.3,In-Store,Debit Card,Completed,Vanessa
1519,ORD00592,PRD005,Samsung 870 EVO 1TB,Storage,Samsung,CUS0360,2023-01-26,14:19:37,2023,1,129.99,56,1,0.1,116.99,66.59,56.9,Marketplace,Bank Transfer,Completed,Vanessa
1520,ORD00592,PRD032,Intel Core i9-12900K,Processor,Intel,CUS0360,2023-01-26,14:19:37,2023,1,569.99,245,4,0.15,1937.97,1104.97,57.0,In-Store,Boleto,Completed,Vanessa
1521,ORD00593,PRD014,Corsair Vengeance 16GB DDR4,Memory,Corsair,CUS0110,2023-07-11,11:46:05,2023,7,59.99,25,1,0.15,50.99,29.74,58.3,Phone,PIX,Completed,Isabela
1522,ORD00593,PRD011,Seagate Barracuda 2TB,Storage,Seagate,CUS0110,2023-07-11,11:46:05,2023,7,54.99,23,1,0.0,54.99,31.99,58.2,Online,Debit Card,Completed,Isabela
1523,ORD00593,PRD035,AMD Ryzen 7 5800X3D,Processor,AMD,CUS0110,2023-07-11,11:46:05,2023,7,349.99,150,1,0.0,349.99,199.99,57.1,Reseller,Bank Transfer,Completed,Isabela
1524,ORD00593,PRD045,AMD RX 6700 XT 12GB,GPU,AMD,CUS0110,2023-07-11,11:46:05,2023,7,399.99,172,1,0.0,399.99,227.99,57.0,Phone,PIX,Completed,Isabela
1525,ORD00594,PRD037,AMD Ryzen 9 7900X,Processor,AMD,CUS0341,2024-01-18,11:26:24,2024,1,549.99,236,1,0.2,439.99,251.19,57.1,Online,Boleto,Completed,Rafael
1526,ORD00594,PRD039,NVIDIA RTX 3070 8GB,GPU,NVIDIA,CUS0341,2024-01-18,11:26:24,2024,1,499.99,215,3,0.0,1499.97,854.97,57.0,Marketplace,Boleto,Completed,Rafael
1527,ORD00595,PRD034,AMD Ryzen 5 7600X,Processor,AMD,CUS0152,2024-07-24,22:46:36,2024,7,249.99,107,2,0.1,449.98,257.38,57.2,Online,Cash,Completed,Lucas
1528,ORD00595,PRD036,AMD Ryzen 9 5900X,Processor,AMD,CUS0152,2024-07-24,22:46:36,2024,7,449.99,193,1,0.15,382.49,218.44,57.1,Phone,PIX,Completed,Lucas
1529,ORD00596,PRD057,NZXT Kraken X73 360mm,Cooler,NZXT,CUS0272,2022-06-25,20:54:45,2022,6,189.99,81,1,0.0,189.99,108.99,57.4,Online,Boleto,Completed,Tatiana
1530,ORD00597,PRD035,AMD Ryzen 7 5800X3D,Processor,AMD,CUS0437,2024-04-29,09:52:44,2024,4,349.99,150,1,0.05,332.49,189.99,57.1,Marketplace,Boleto,Completed,Beatriz
1531,ORD00597,PRD045,AMD RX 6700 XT 12GB,GPU,AMD,CUS0437,2024-04-29,09:52:44,2024,4,399.99,172,1,0.0,399.99,227.99,57.0,Marketplace,Cash,Completed,Beatriz
1532,ORD00598,PRD052,Thermaltake Toughpower 1000W,PSU,Thermaltake,CUS0045,2023-01-14,08:34:38,2023,1,189.99,81,1,0.0,189.99,108.99,57.4,Online,Credit Card,Completed,Leandro
1533,ORD00599,PRD005,Samsung 870 EVO 1TB,Storage,Samsung,CUS0472,2022-11-08,09:04:39,2022,11,129.99,56,3,0.1,350.97,199.77,56.9,Phone,Credit Card,Completed,Adriana
1534,ORD00599,PRD018,G.Skill Trident Z5 64GB DDR5,Memory,G.Skill,CUS0472,2022-11-08,09:04:39,2022,11,289.99,124,2,0.05,550.98,315.38,57.2,Marketplace,Boleto,Completed,Adriana
1535,ORD00599,PRD016,G.Skill Trident Z5 16GB DDR5,Memory,G.Skill,CUS0472,2022-11-08,09:04:39,2022,11,79.99,34,3,0.1,215.97,124.17,57.5,In-Store,Bank Transfer,Completed,Adriana
1536,ORD00600,PRD021,ASUS ROG Strix B550-F,Motherboard,ASUS,CUS0370,2024-01-10,15:55:42,2024,1,219.99,94,1,0.05,208.99,119.69,57.3,In-Store,Cash,Completed,Monica
1537,ORD00600,PRD014,Corsair Vengeance 16GB DDR4,Memory,Corsair,CUS0370,2024-01-10,15:55:42,2024,1,59.99,25,2,0.05,113.98,66.48,58.3,Phone,Cash,Completed,Monica
1538,ORD00601,PRD056,Corsair H150i Elite 360mm,Cooler,Corsair,CUS0433,2023-01-21,09:40:13,2023,1,169.99,73,2,0.2,271.98,155.18,57.1,Phone,Debit Card,Completed,Matheus
1539,ORD00601,PRD054,Noctua NH-U12S,Cooler,Noctua,CUS0433,2023-01-21,09:40:13,2023,1,69.99,30,1,0.05,66.49,37.99,57.1,Marketplace,PIX,Completed,Matheus
1540,ORD00601,PRD040,NVIDIA RTX 3080 10GB,GPU,NVIDIA,CUS0433,2023-01-21,09:40:13,2023,1,699.99,301,1,0.0,699.99,398.99,57.0,In-Store,Debit Card,Completed,Matheus
1541,ORD00602,PRD031,Intel Core i7-12700K,Processor,Intel,CUS0036,2024-01-05,11:51:22,2024,1,369.99,159,1,0.0,369.99,210.99,57.0,Marketplace,Debit Card,Completed,Patricia
1542,ORD00602,PRD044,AMD RX 6600 8GB,GPU,AMD,CUS0036,2024-01-05,11:51:22,2024,1,289.99,124,1,0.15,246.49,141.09,57.2,Reseller,Credit Card,Completed,Patricia
1543,ORD00603,PRD039,NVIDIA RTX 3070 8GB,GPU,NVIDIA,CUS0242,2024-10-01,12:32:40,2024,10,499.99,215,3,0.0,1499.97,854.97,57.0,In-Store,Bank Transfer,Completed,Gabriel
1544,ORD00603,PRD059,Cooler Master Hyper 212,Cooler,Cooler Master,CUS0242,2024-10-01,12:32:40,2024,10,39.99,17,2,0.0,79.98,45.98,57.5,In-Store,Bank Transfer,Completed,Gabriel
1545,ORD00604,PRD001,Kingston A400 240GB,Storage,Kingston,CUS0018,2023-09-26,09:47:38,2023,9,29.99,13,2,0.0,59.98,33.98,56.7,Reseller,Boleto,Completed,Camila
1546,ORD00604,PRD041,NVIDIA RTX 4060 8GB,GPU,NVIDIA,CUS0018,2023-09-26,09:47:38,2023,9,299.99,129,1,0.2,239.99,136.79,57.0,Online,Bank Transfer,Completed,Camila
1547,ORD00604,PRD056,Corsair H150i Elite 360mm,Cooler,Corsair,CUS0018,2023-09-26,09:47:38,2023,9,169.99,73,1,0.0,169.99,96.99,57.1,Online,Cash,Completed,Camila
1548,ORD00604,PRD002,Kingston A400 480GB,Storage,Kingston,CUS0018,2023-09-26,09:47:38,2023,9,49.99,21,1,0.0,49.99,28.99,58.0,Marketplace,Debit Card,Completed,Camila
1549,ORD00605,PRD036,AMD Ryzen 9 5900X,Processor,AMD,CUS0399,2024-03-27,11:13:25,2024,3,449.99,193,1,0.05,427.49,244.14,57.1,Marketplace,Bank Transfer,Completed,Sergio
1550,ORD00605,PRD021,ASUS ROG Strix B550-F,Motherboard,ASUS,CUS0399,2024-03-27,11:13:25,2024,3,219.99,94,1,0.0,219.99,125.99,57.3,In-Store,Credit Card,Completed,Sergio
1551,ORD00605,PRD049,Corsair RM850 Modular,PSU,Corsair,CUS0399,2024-03-27,11:13:25,2024,3,139.99,60,2,0.05,265.98,151.98,57.1,In-Store,Cash,Completed,Sergio
1552,ORD00605,PRD027,Gigabyte Z790 AORUS Master,Motherboard,Gigabyte,CUS0399,2024-03-27,11:13:25,2024,3,449.99,193,1,0.0,449.99,256.99,57.1,Online,Cash,Completed,Sergio
1553,ORD00606,PRD032,Intel Core i9-12900K,Processor,Intel,CUS0493,2022-07-28,20:43:35,2022,7,569.99,245,2,0.15,968.98,552.48,57.0,In-Store,Debit Card,Completed,Sandra
1554,ORD00606,PRD029,Intel Core i5-12400,Processor,Intel,CUS0493,2022-07-28,20:43:35,2022,7,199.99,86,1,0.0,199.99,113.99,57.0,Phone,Cash,Completed,Sandra
1555,ORD00606,PRD014,Corsair Vengeance 16GB DDR4,Memory,Corsair,CUS0493,2022-07-28,20:43:35,2022,7,59.99,25,3,0.1,161.97,94.47,58.3,In-Store,Bank Transfer,Completed,Sandra
1556,ORD00607,PRD031,Intel Core i7-12700K,Processor,Intel,CUS0474,2023-01-14,17:47:42,2023,1,369.99,159,1,0.0,369.99,210.99,57.0,Marketplace,Bank Transfer,Completed,Isabela
1557,ORD00607,PRD040,NVIDIA RTX 3080 10GB,GPU,NVIDIA,CUS0474,2023-01-14,17:47:42,2023,1,699.99,301,2,0.0,1399.98,797.98,57.0,Marketplace,Cash,Completed,Isabela
1558,ORD00607,PRD033,AMD Ryzen 5 5600X,Processor,AMD,CUS0474,2023-01-14,17:47:42,2023,1,229.99,98,2,0.0,459.98,263.98,57.4,In-Store,Cash,Completed,Isabela
1559,ORD00607,PRD052,Thermaltake Toughpower 1000W,PSU,Thermaltake,CUS0474,2023-01-14,17:47:42,2023,1,189.99,81,3,0.05,541.47,310.62,57.4,Reseller,Bank Transfer,Completed,Isabela
1560,ORD00608,PRD028,Intel Core i3-12100,Processor,Intel,CUS0380,2023-07-29,18:47:30,2023,7,119.99,51,1,0.1,107.99,62.09,57.5,Phone,Boleto,Completed,Patricia
1561,ORD00608,PRD005,Samsung 870 EVO 1TB,Storage,Samsung,CUS0380,2023-07-29,18:47:30,2023,7,129.99,56,1,0.25,97.49,55.49,56.9,In-Store,Boleto,Completed,Patricia
1562,ORD00608,PRD046,AMD RX 7900 XTX 24GB,GPU,AMD,CUS0380,2023-07-29,18:47:30,2023,7,999.99,430,1,0.05,949.99,541.49,57.0,Online,Boleto,Completed,Patricia
1563,ORD00608,PRD010,WD Blue 1TB HDD,Storage,WD,CUS0380,2023-07-29,18:47:30,2023,7,44.99,19,1,0.05,42.74,24.69,57.8,In-Store,Cash,Completed,Patricia
1564,ORD00609,PRD039,NVIDIA RTX 3070 8GB,GPU,NVIDIA,CUS0225,2024-04-18,11:58:28,2024,4,499.99,215,1,0.25,374.99,213.74,57.0,Online,Credit Card,Completed,João
1565,ORD00609,PRD018,G.Skill Trident Z5 64GB DDR5,Memory,G.Skill,CUS0225,2024-04-18,11:58:28,2024,4,289.99,124,1,0.0,289.99,165.99,57.2,Online,Bank Transfer,Completed,João
1566,ORD00610,PRD024,MSI MAG B550M MORTAR,Motherboard,MSI,CUS0306,2023-12-17,08:24:19,2023,12,129.99,55,1,0.0,129.99,74.99,57.7,Marketplace,Debit Card,Completed,Paulo
1567,ORD00610,PRD052,Thermaltake Toughpower 1000W,PSU,Thermaltake,CUS0306,2023-12-17,08:24:19,2023,12,189.99,81,2,0.0,379.98,217.98,57.4,Online,Credit Card,Completed,Paulo
1568,ORD00610,PRD046,AMD RX 7900 XTX 24GB,GPU,AMD,CUS0306,2023-12-17,08:24:19,2023,12,999.99,430,1,0.1,899.99,512.99,57.0,Marketplace,Credit Card,Completed,Paulo
1569,ORD00610,PRD035,AMD Ryzen 7 5800X3D,Processor,AMD,CUS0306,2023-12-17,08:24:19,2023,12,349.99,150,1,0.0,349.99,199.99,57.1,Marketplace,PIX,Completed,Paulo
1570,ORD00611,PRD024,MSI MAG B550M MORTAR,Motherboard,MSI,CUS0359,2022-09-18,21:43:07,2022,9,129.99,55,1,0.0,129.99,74.99,57.7,In-Store,Credit Card,Completed,Natalia
1571,ORD00611,PRD007,Samsung 970 EVO 1TB,Storage,Samsung,CUS0359,2022-09-18,21:43:07,2022,9,119.99,51,1,0.0,119.99,68.99,57.5,In-Store,Bank Transfer,Completed,Natalia
1572,ORD00611,PRD034,AMD Ryzen 5 7600X,Processor,AMD,CUS0359,2022-09-18,21:43:07,2022,9,249.99,107,4,0.0,999.96,571.96,57.2,Online,Bank Transfer,Completed,Natalia
1573,ORD00612,PRD041,NVIDIA RTX 4060 8GB,GPU,NVIDIA,CUS0085,2024-11-10,22:19:41,2024,11,299.99,129,1,0.05,284.99,162.44,57.0,In-Store,Bank Transfer,Completed,Adriana
1574,ORD00613,PRD025,MSI PRO Z690-A,Motherboard,MSI,CUS0005,2024-04-06,19:36:20,2024,4,189.99,81,2,0.0,379.98,217.98,57.4,Marketplace,PIX,Completed,João
1575,ORD00613,PRD036,AMD Ryzen 9 5900X,Processor,AMD,CUS0005,2024-04-06,19:36:20,2024,4,449.99,193,1,0.15,382.49,218.44,57.1,Reseller,Bank Transfer,Completed,João
1576,ORD00613,PRD027,Gigabyte Z790 AORUS Master,Motherboard,Gigabyte,CUS0005,2024-04-06,19:36:20,2024,4,449.99,193,1,0.0,449.99,256.99,57.1,Online,Credit Card,Completed,João
1577,ORD00613,PRD054,Noctua NH-U12S,Cooler,Noctua,CUS0005,2024-04-06,19:36:20,2024,4,69.99,30,1,0.0,69.99,39.99,57.1,In-Store,Bank Transfer,Completed,João
1578,ORD00614,PRD018,G.Skill Trident Z5 64GB DDR5,Memory,G.Skill,CUS0030,2022-02-03,18:15:57,2022,2,289.99,124,1,0.0,289.99,165.99,57.2,Reseller,Debit Card,Completed,Felipe
1579,ORD00614,PRD030,Intel Core i5-13600K,Processor,Intel,CUS0030,2022-02-03,18:15:57,2022,2,279.99,120,1,0.0,279.99,159.99,57.1,In-Store,PIX,Completed,Felipe
1580,ORD00614,PRD014,Corsair Vengeance 16GB DDR4,Memory,Corsair,CUS0030,2022-02-03,18:15:57,2022,2,59.99,25,3,0.05,170.97,99.72,58.3,Marketplace,Debit Card,Completed,Felipe
1581,ORD00614,PRD034,AMD Ryzen 5 7600X,Processor,AMD,CUS0030,2022-02-03,18:15:57,2022,2,249.99,107,2,0.2,399.98,228.78,57.2,In-Store,Debit Card,Completed,Felipe
1582,ORD00615,PRD051,be quiet! Straight Power 850W,PSU,be quiet!,CUS0020,2023-03-16,14:33:39,2023,3,169.99,73,1,0.05,161.49,92.14,57.1,Online,Cash,Completed,Juliana
1583,ORD00615,PRD041,NVIDIA RTX 4060 8GB,GPU,NVIDIA,CUS0020,2023-03-16,14:33:39,2023,3,299.99,129,1,0.0,299.99,170.99,57.0,Online,Bank Transfer,Completed,Juliana
1584,ORD00615,PRD019,Kingston Fury Beast 16GB DDR4,Memory,Kingston,CUS0020,2023-03-16,14:33:39,2023,3,54.99,23,4,0.25,164.97,95.97,58.2,Online,Debit Card,Completed,Juliana
1585,ORD00616,PRD026,Gigabyte B550 AORUS Elite,Motherboard,Gigabyte,CUS0451,2023-11-25,17:11:39,2023,11,169.99,72,1,0.0,169.99,97.99,57.6,Reseller,Boleto,Completed,Ricardo
1586,ORD00616,PRD034,AMD Ryzen 5 7600X,Processor,AMD,CUS0451,2023-11-25,17:11:39,2023,11,249.99,107,1,0.1,224.99,128.69,57.2,Reseller,Bank Transfer,Completed,Ricardo
1587,ORD00616,PRD035,AMD Ryzen 7 5800X3D,Processor,AMD,CUS0451,2023-11-25,17:11:39,2023,11,349.99,150,1,0.0,349.99,199.99,57.1,In-Store,Cash,Completed,Ricardo
1588,ORD00617,PRD055,Corsair H100i RGB 240mm,Cooler,Corsair,CUS0197,2023-11-12,17:52:24,2023,11,129.99,56,1,0.2,103.99,59.19,56.9,Reseller,Boleto,Completed,Marcelo
1589,ORD00617,PRD045,AMD RX 6700 XT 12GB,GPU,AMD,CUS0197,2023-11-12,17:52:24,2023,11,399.99,172,1,0.2,319.99,182.39,57.0,Marketplace,Debit Card,Completed,Marcelo
1590,ORD00617,PRD044,AMD RX 6600 8GB,GPU,AMD,CUS0197,2023-11-12,17:52:24,2023,11,289.99,124,1,0.0,289.99,165.99,57.2,In-Store,Debit Card,Completed,Marcelo
1591,ORD00618,PRD021,ASUS ROG Strix B550-F,Motherboard,ASUS,CUS0002,2022-07-30,21:20:23,2022,7,219.99,94,3,0.0,659.97,377.97,57.3,Online,Boleto,Completed,André
1592,ORD00618,PRD011,Seagate Barracuda 2TB,Storage,Seagate,CUS0002,2022-07-30,21:20:23,2022,7,54.99,23,1,0.25,41.24,23.99,58.2,Marketplace,PIX,Completed,André
1593,ORD00619,PRD004,Samsung 870 EVO 500GB,Storage,Samsung,CUS0179,2023-12-17,20:03:32,2023,12,79.99,34,1,0.1,71.99,41.39,57.5,Online,Credit Card,Completed,Viviane
1594,ORD00619,PRD003,Kingston A400 960GB,Storage,Kingston,CUS0179,2023-12-17,20:03:32,2023,12,89.99,38,2,0.25,134.98,77.98,57.8,Reseller,Credit Card,Completed,Viviane
1595,ORD00619,PRD025,MSI PRO Z690-A,Motherboard,MSI,CUS0179,2023-12-17,20:03:32,2023,12,189.99,81,1,0.0,189.99,108.99,57.4,In-Store,Bank Transfer,Completed,Viviane
1596,ORD00619,PRD005,Samsung 870 EVO 1TB,Storage,Samsung,CUS0179,2023-12-17,20:03:32,2023,12,129.99,56,1,0.15,110.49,62.89,56.9,Reseller,Credit Card,Completed,Viviane
1597,ORD00620,PRD031,Intel Core i7-12700K,Processor,Intel,CUS0210,2024-11-18,10:33:09,2024,11,369.99,159,1,0.0,369.99,210.99,57.0,Marketplace,Debit Card,Completed,Gustavo
1598,ORD00620,PRD024,MSI MAG B550M MORTAR,Motherboard,MSI,CUS0210,2024-11-18,10:33:09,2024,11,129.99,55,4,0.0,519.96,299.96,57.7,Phone,Boleto,Completed,Gustavo
1599,ORD00620,PRD039,NVIDIA RTX 3070 8GB,GPU,NVIDIA,CUS0210,2024-11-18,10:33:09,2024,11,499.99,215,2,0.0,999.98,569.98,57.0,Reseller,Debit Card,Completed,Gustavo
1600,ORD00621,PRD050,EVGA SuperNOVA 650W,PSU,EVGA,CUS0331,2024-01-05,22:00:07,2024,1,89.99,38,1,0.0,89.99,51.99,57.8,Phone,PIX,Completed,Juliana
1601,ORD00621,PRD006,Samsung 970 EVO 500GB,Storage,Samsung,CUS0331,2024-01-05,22:00:07,2024,1,69.99,29,1,0.0,69.99,40.99,58.6,Marketplace,Boleto,Completed,Juliana
1602,ORD00621,PRD049,Corsair RM850 Modular,PSU,Corsair,CUS0331,2024-01-05,22:00:07,2024,1,139.99,60,1,0.15,118.99,67.99,57.1,Marketplace,PIX,Completed,Juliana
1603,ORD00621,PRD034,AMD Ryzen 5 7600X,Processor,AMD,CUS0331,2024-01-05,22:00:07,2024,1,249.99,107,1,0.05,237.49,135.84,57.2,Online,Debit Card,Completed,Juliana
1604,ORD00622,PRD001,Kingston A400 240GB,Storage,Kingston,CUS0371,2022-08-25,17:18:21,2022,8,29.99,13,1,0.0,29.99,16.99,56.7,In-Store,Debit Card,Completed,Leandro
1605,ORD00623,PRD048,Corsair RM750 Modular,PSU,Corsair,CUS0061,2024-08-06,21:11:13,2024,8,109.99,47,1,0.15,93.49,53.54,57.3,Marketplace,PIX,Completed,Marcelo
1606,ORD00623,PRD032,Intel Core i9-12900K,Processor,Intel,CUS0061,2024-08-06,21:11:13,2024,8,569.99,245,2,0.0,1139.98,649.98,57.0,Marketplace,Boleto,Completed,Marcelo
1607,ORD00624,PRD025,MSI PRO Z690-A,Motherboard,MSI,CUS0322,2023-03-18,09:19:25,2023,3,189.99,81,1,0.0,189.99,108.99,57.4,Online,Bank Transfer,Completed,Carlos
1608,ORD00624,PRD052,Thermaltake Toughpower 1000W,PSU,Thermaltake,CUS0322,2023-03-18,09:19:25,2023,3,189.99,81,1,0.05,180.49,103.54,57.4,Reseller,Bank Transfer,Completed,Carlos
1609,ORD00625,PRD010,WD Blue 1TB HDD,Storage,WD,CUS0342,2024-09-06,17:45:45,2024,9,44.99,19,2,0.0,89.98,51.98,57.8,Online,PIX,Completed,Eduardo
1610,ORD00625,PRD037,AMD Ryzen 9 7900X,Processor,AMD,CUS0342,2024-09-06,17:45:45,2024,9,549.99,236,2,0.0,1099.98,627.98,57.1,Phone,Boleto,Completed,Eduardo
1611,ORD00626,PRD013,Corsair Vengeance 8GB DDR4,Memory,Corsair,CUS0027,2024-12-18,16:27:42,2024,12,29.99,12,1,0.0,29.99,17.99,60.0,Phone,Boleto,Completed,Roberto
1612,ORD00627,PRD055,Corsair H100i RGB 240mm,Cooler,Corsair,CUS0487,2022-10-23,15:17:50,2022,10,129.99,56,1,0.0,129.99,73.99,56.9,Reseller,PIX,Completed,Roberto
1613,ORD00627,PRD011,Seagate Barracuda 2TB,Storage,Seagate,CUS0487,2022-10-23,15:17:50,2022,10,54.99,23,1,0.1,49.49,28.79,58.2,In-Store,Boleto,Completed,Roberto
1614,ORD00627,PRD024,MSI MAG B550M MORTAR,Motherboard,MSI,CUS0487,2022-10-23,15:17:50,2022,10,129.99,55,1,0.05,123.49,71.24,57.7,Reseller,Boleto,Completed,Roberto
1615,ORD00628,PRD041,NVIDIA RTX 4060 8GB,GPU,NVIDIA,CUS0249,2022-11-01,21:48:35,2022,11,299.99,129,1,0.2,239.99,136.79,57.0,Phone,PIX,Completed,Gabriel
1616,ORD00628,PRD017,G.Skill Trident Z5 32GB DDR5,Memory,G.Skill,CUS0249,2022-11-01,21:48:35,2022,11,149.99,64,1,0.0,149.99,85.99,57.3,Reseller,Boleto,Completed,Gabriel
1617,ORD00629,PRD032,Intel Core i9-12900K,Processor,Intel,CUS0409,2024-02-26,17:03:10,2024,2,569.99,245,1,0.0,569.99,324.99,57.0,Reseller,Boleto,Completed,Tatiana
1618,ORD00629,PRD024,MSI MAG B550M MORTAR,Motherboard,MSI,CUS0409,2024-02-26,17:03:10,2024,2,129.99,55,1,0.0,129.99,74.99,57.7,Online,PIX,Completed,Tatiana
1619,ORD00630,PRD035,AMD Ryzen 7 5800X3D,Processor,AMD,CUS0289,2024-07-16,20:57:07,2024,7,349.99,150,1,0.1,314.99,179.99,57.1,Phone,Debit Card,Completed,Renata
1620,ORD00630,PRD040,NVIDIA RTX 3080 10GB,GPU,NVIDIA,CUS0289,2024-07-16,20:57:07,2024,7,699.99,301,1,0.15,594.99,339.14,57.0,Reseller,Bank Transfer,Completed,Renata
1621,ORD00631,PRD015,Corsair Vengeance 32GB DDR4,Memory,Corsair,CUS0413,2022-08-11,13:56:11,2022,8,109.99,47,2,0.0,219.98,125.98,57.3,In-Store,Debit Card,Completed,Roberto
1622,ORD00631,PRD017,G.Skill Trident Z5 32GB DDR5,Memory,G.Skill,CUS0413,2022-08-11,13:56:11,2022,8,149.99,64,2,0.0,299.98,171.98,57.3,Reseller,Boleto,Completed,Roberto
1623,ORD00631,PRD025,MSI PRO Z690-A,Motherboard,MSI,CUS0413,2022-08-11,13:56:11,2022,8,189.99,81,1,0.05,180.49,103.54,57.4,Online,Cash,Completed,Roberto
1624,ORD00631,PRD011,Seagate Barracuda 2TB,Storage,Seagate,CUS0413,2022-08-11,13:56:11,2022,8,54.99,23,2,0.05,104.48,60.78,58.2,Online,Cash,Completed,Roberto
1625,ORD00632,PRD033,AMD Ryzen 5 5600X,Processor,AMD,CUS0063,2022-07-30,18:03:22,2022,7,229.99,98,1,0.0,229.99,131.99,57.4,In-Store,PIX,Completed,Leticia
1626,ORD00632,PRD039,NVIDIA RTX 3070 8GB,GPU,NVIDIA,CUS0063,2022-07-30,18:03:22,2022,7,499.99,215,1,0.1,449.99,256.49,57.0,Online,Boleto,Completed,Leticia
1627,ORD00632,PRD019,Kingston Fury Beast 16GB DDR4,Memory,Kingston,CUS0063,2022-07-30,18:03:22,2022,7,54.99,23,1,0.2,43.99,25.59,58.2,Phone,Credit Card,Completed,Leticia
1628,ORD00633,PRD011,Seagate Barracuda 2TB,Storage,Seagate,CUS0083,2024-08-25,17:46:58,2024,8,54.99,23,3,0.0,164.97,95.97,58.2,Phone,Debit Card,Completed,Roberto
1629,ORD00633,PRD019,Kingston Fury Beast 16GB DDR4,Memory,Kingston,CUS0083,2024-08-25,17:46:58,2024,8,54.99,23,1,0.0,54.99,31.99,58.2,Reseller,Cash,Completed,Roberto
1630,ORD00633,PRD052,Thermaltake Toughpower 1000W,PSU,Thermaltake,CUS0083,2024-08-25,17:46:58,2024,8,189.99,81,1,0.0,189.99,108.99,57.4,Online,PIX,Completed,Roberto
1631,ORD00634,PRD054,Noctua NH-U12S,Cooler,Noctua,CUS0348,2023-07-22,16:17:06,2023,7,69.99,30,2,0.0,139.98,79.98,57.1,Phone,Boleto,Completed,Rafael
1632,ORD00634,PRD034,AMD Ryzen 5 7600X,Processor,AMD,CUS0348,2023-07-22,16:17:06,2023,7,249.99,107,2,0.2,399.98,228.78,57.2,Online,Cash,Completed,Rafael
1633,ORD00635,PRD034,AMD Ryzen 5 7600X,Processor,AMD,CUS0198,2022-08-01,19:42:08,2022,8,249.99,107,1,0.0,249.99,142.99,57.2,Online,PIX,Completed,Alexandre
1634,ORD00635,PRD005,Samsung 870 EVO 1TB,Storage,Samsung,CUS0198,2022-08-01,19:42:08,2022,8,129.99,56,1,0.15,110.49,62.89,56.9,Phone,Bank Transfer,Completed,Alexandre
1635,ORD00635,PRD038,NVIDIA RTX 3060 12GB,GPU,NVIDIA,CUS0198,2022-08-01,19:42:08,2022,8,329.99,141,1,0.0,329.99,188.99,57.3,Reseller,Boleto,Completed,Alexandre
1636,ORD00636,PRD011,Seagate Barracuda 2TB,Storage,Seagate,CUS0164,2023-02-02,19:05:37,2023,2,54.99,23,1,0.0,54.99,31.99,58.2,Online,Bank Transfer,Completed,Roberto
1637,ORD00637,PRD056,Corsair H150i Elite 360mm,Cooler,Corsair,CUS0497,2023-08-17,18:21:23,2023,8,169.99,73,1,0.1,152.99,87.29,57.1,Online,Debit Card,Completed,Priscila
1638,ORD00638,PRD052,Thermaltake Toughpower 1000W,PSU,Thermaltake,CUS0393,2023-08-13,13:32:22,2023,8,189.99,81,1,0.05,180.49,103.54,57.4,Marketplace,Bank Transfer,Completed,Pedro
1639,ORD00638,PRD047,Corsair RM650 Modular,PSU,Corsair,CUS0393,2023-08-13,13:32:22,2023,8,89.99,38,1,0.0,89.99,51.99,57.8,In-Store,Bank Transfer,Completed,Pedro
1640,ORD00638,PRD016,G.Skill Trident Z5 16GB DDR5,Memory,G.Skill,CUS0393,2023-08-13,13:32:22,2023,8,79.99,34,2,0.15,135.98,78.18,57.5,Online,Boleto,Completed,Pedro
1641,ORD00639,PRD050,EVGA SuperNOVA 650W,PSU,EVGA,CUS0169,2022-02-27,13:56:10,2022,2,89.99,38,1,0.05,85.49,49.39,57.8,Phone,PIX,Completed,Larissa
1642,ORD00639,PRD023,ASUS TUF Gaming B660M,Motherboard,ASUS,CUS0169,2022-02-27,13:56:10,2022,2,159.99,68,1,0.0,159.99,91.99,57.5,Marketplace,Credit Card,Completed,Larissa
1643,ORD00639,PRD034,AMD Ryzen 5 7600X,Processor,AMD,CUS0169,2022-02-27,13:56:10,2022,2,249.99,107,1,0.15,212.49,121.54,57.2,Online,Bank Transfer,Completed,Larissa
1644,ORD00640,PRD002,Kingston A400 480GB,Storage,Kingston,CUS0152,2022-01-23,19:14:02,2022,1,49.99,21,1,0.0,49.99,28.99,58.0,Marketplace,Debit Card,Completed,Lucas
1645,ORD00640,PRD017,G.Skill Trident Z5 32GB DDR5,Memory,G.Skill,CUS0152,2022-01-23,19:14:02,2022,1,149.99,64,2,0.0,299.98,171.98,57.3,Marketplace,Bank Transfer,Completed,Lucas
1646,ORD00641,PRD034,AMD Ryzen 5 7600X,Processor,AMD,CUS0472,2023-08-11,14:35:37,2023,8,249.99,107,3,0.0,749.97,428.97,57.2,Reseller,Debit Card,Completed,Adriana
1647,ORD00642,PRD008,Samsung 970 EVO 2TB,Storage,Samsung,CUS0233,2023-07-30,19:53:32,2023,7,219.99,94,1,0.0,219.99,125.99,57.3,In-Store,Boleto,Completed,Gustavo
1648,ORD00642,PRD024,MSI MAG B550M MORTAR,Motherboard,MSI,CUS0233,2023-07-30,19:53:32,2023,7,129.99,55,1,0.05,123.49,71.24,57.7,Reseller,PIX,Completed,Gustavo
1649,ORD00643,PRD059,Cooler Master Hyper 212,Cooler,Cooler Master,CUS0409,2022-06-01,18:38:07,2022,6,39.99,17,1,0.0,39.99,22.99,57.5,In-Store,PIX,Completed,Tatiana
1650,ORD00643,PRD038,NVIDIA RTX 3060 12GB,GPU,NVIDIA,CUS0409,2022-06-01,18:38:07,2022,6,329.99,141,2,0.05,626.98,359.08,57.3,Phone,Bank Transfer,Completed,Tatiana
1651,ORD00643,PRD002,Kingston A400 480GB,Storage,Kingston,CUS0409,2022-06-01,18:38:07,2022,6,49.99,21,2,0.1,89.98,52.18,58.0,Online,Debit Card,Completed,Tatiana
1652,ORD00644,PRD053,Noctua NH-D15,Cooler,Noctua,CUS0199,2024-11-08,14:12:40,2024,11,99.99,43,1,0.0,99.99,56.99,57.0,Marketplace,Boleto,Completed,Leonardo
1653,ORD00644,PRD017,G.Skill Trident Z5 32GB DDR5,Memory,G.Skill,CUS0199,2024-11-08,14:12:40,2024,11,149.99,64,2,0.15,254.98,146.18,57.3,In-Store,PIX,Completed,Leonardo
1654,ORD00645,PRD033,AMD Ryzen 5 5600X,Processor,AMD,CUS0391,2023-06-23,15:35:40,2023,6,229.99,98,4,0.0,919.96,527.96,57.4,Reseller,Debit Card,Completed,Matheus
1655,ORD00645,PRD012,Seagate Barracuda 4TB,Storage,Seagate,CUS0391,2023-06-23,15:35:40,2023,6,89.99,38,1,0.2,71.99,41.59,57.8,Reseller,Bank Transfer,Completed,Matheus
1656,ORD00645,PRD030,Intel Core i5-13600K,Processor,Intel,CUS0391,2023-06-23,15:35:40,2023,6,279.99,120,1,0.05,265.99,151.99,57.1,Online,Cash,Completed,Matheus
1657,ORD00646,PRD028,Intel Core i3-12100,Processor,Intel,CUS0003,2022-09-30,08:53:52,2022,9,119.99,51,2,0.1,215.98,124.18,57.5,Marketplace,Credit Card,Completed,Priscila
1658,ORD00646,PRD051,be quiet! Straight Power 850W,PSU,be quiet!,CUS0003,2022-09-30,08:53:52,2022,9,169.99,73,3,0.0,509.97,290.97,57.1,Marketplace,Debit Card,Completed,Priscila
1659,ORD00646,PRD015,Corsair Vengeance 32GB DDR4,Memory,Corsair,CUS0003,2022-09-30,08:53:52,2022,9,109.99,47,1,0.15,93.49,53.54,57.3,Online,Cash,Completed,Priscila
1660,ORD00646,PRD012,Seagate Barracuda 4TB,Storage,Seagate,CUS0003,2022-09-30,08:53:52,2022,9,89.99,38,2,0.05,170.98,98.78,57.8,Reseller,Boleto,Completed,Priscila
1661,ORD00647,PRD003,Kingston A400 960GB,Storage,Kingston,CUS0101,2023-05-26,22:50:57,2023,5,89.99,38,1,0.0,89.99,51.99,57.8,Phone,Credit Card,Completed,Beatriz
1662,ORD00647,PRD031,Intel Core i7-12700K,Processor,Intel,CUS0101,2023-05-26,22:50:57,2023,5,369.99,159,2,0.05,702.98,400.88,57.0,Phone,Bank Transfer,Completed,Beatriz
1663,ORD00647,PRD025,MSI PRO Z690-A,Motherboard,MSI,CUS0101,2023-05-26,22:50:57,2023,5,189.99,81,1,0.1,170.99,98.09,57.4,Online,PIX,Completed,Beatriz
1664,ORD00647,PRD046,AMD RX 7900 XTX 24GB,GPU,AMD,CUS0101,2023-05-26,22:50:57,2023,5,999.99,430,1,0.05,949.99,541.49,57.0,Phone,Debit Card,Completed,Beatriz
1665,ORD00648,PRD057,NZXT Kraken X73 360mm,Cooler,NZXT,CUS0311,2022-01-08,08:54:23,2022,1,189.99,81,1,0.0,189.99,108.99,57.4,Phone,Cash,Completed,Viviane
1666,ORD00648,PRD046,AMD RX 7900 XTX 24GB,GPU,AMD,CUS0311,2022-01-08,08:54:23,2022,1,999.99,430,1,0.0,999.99,569.99,57.0,In-Store,Credit Card,Completed,Viviane
1667,ORD00648,PRD019,Kingston Fury Beast 16GB DDR4,Memory,Kingston,CUS0311,2022-01-08,08:54:23,2022,1,54.99,23,1,0.05,52.24,30.39,58.2,Marketplace,Bank Transfer,Completed,Viviane
1668,ORD00649,PRD019,Kingston Fury Beast 16GB DDR4,Memory,Kingston,CUS0100,2023-01-25,15:27:34,2023,1,54.99,23,1,0.0,54.99,31.99,58.2,In-Store,Boleto,Completed,Rafael
1669,ORD00649,PRD025,MSI PRO Z690-A,Motherboard,MSI,CUS0100,2023-01-25,15:27:34,2023,1,189.99,81,3,0.2,455.98,261.58,57.4,Online,Boleto,Completed,Rafael
1670,ORD00649,PRD041,NVIDIA RTX 4060 8GB,GPU,NVIDIA,CUS0100,2023-01-25,15:27:34,2023,1,299.99,129,1,0.0,299.99,170.99,57.0,Phone,Debit Card,Completed,Rafael
1671,ORD00650,PRD029,Intel Core i5-12400,Processor,Intel,CUS0075,2023-07-22,19:28:51,2023,7,199.99,86,2,0.15,339.98,193.78,57.0,Online,Cash,Completed,Beatriz
1672,ORD00650,PRD054,Noctua NH-U12S,Cooler,Noctua,CUS0075,2023-07-22,19:28:51,2023,7,69.99,30,1,0.0,69.99,39.99,57.1,Marketplace,Debit Card,Completed,Beatriz
1673,ORD00650,PRD045,AMD RX 6700 XT 12GB,GPU,AMD,CUS0075,2023-07-22,19:28:51,2023,7,399.99,172,4,0.25,1199.97,683.97,57.0,In-Store,PIX,Completed,Beatriz
1674,ORD00650,PRD025,MSI PRO Z690-A,Motherboard,MSI,CUS0075,2023-07-22,19:28:51,2023,7,189.99,81,2,0.15,322.98,185.28,57.4,Reseller,Debit Card,Completed,Beatriz
1675,ORD00651,PRD010,WD Blue 1TB HDD,Storage,WD,CUS0061,2024-08-29,19:04:30,2024,8,44.99,19,1,0.2,35.99,20.79,57.8,In-Store,PIX,Completed,Marcelo
1676,ORD00651,PRD050,EVGA SuperNOVA 650W,PSU,EVGA,CUS0061,2024-08-29,19:04:30,2024,8,89.99,38,4,0.25,269.97,155.97,57.8,Phone,Debit Card,Completed,Marcelo
1677,ORD00651,PRD036,AMD Ryzen 9 5900X,Processor,AMD,CUS0061,2024-08-29,19:04:30,2024,8,449.99,193,4,0.0,1799.96,1027.96,57.1,In-Store,PIX,Completed,Marcelo
1678,ORD00652,PRD035,AMD Ryzen 7 5800X3D,Processor,AMD,CUS0215,2023-11-06,20:51:48,2023,11,349.99,150,2,0.0,699.98,399.98,57.1,Marketplace,Cash,Completed,Juliana
1679,ORD00653,PRD056,Corsair H150i Elite 360mm,Cooler,Corsair,CUS0328,2022-08-11,10:06:11,2022,8,169.99,73,1,0.05,161.49,92.14,57.1,Phone,Cash,Completed,Lucas
1680,ORD00653,PRD013,Corsair Vengeance 8GB DDR4,Memory,Corsair,CUS0328,2022-08-11,10:06:11,2022,8,29.99,12,1,0.05,28.49,17.09,60.0,In-Store,Cash,Completed,Lucas
1681,ORD00654,PRD019,Kingston Fury Beast 16GB DDR4,Memory,Kingston,CUS0432,2023-12-06,19:12:48,2023,12,54.99,23,2,0.1,98.98,57.58,58.2,Reseller,Cash,Completed,Maria
1682,ORD00654,PRD028,Intel Core i3-12100,Processor,Intel,CUS0432,2023-12-06,19:12:48,2023,12,119.99,51,2,0.1,215.98,124.18,57.5,Phone,Credit Card,Completed,Maria
1683,ORD00654,PRD013,Corsair Vengeance 8GB DDR4,Memory,Corsair,CUS0432,2023-12-06,19:12:48,2023,12,29.99,12,2,0.0,59.98,35.98,60.0,Marketplace,Cash,Completed,Maria
1684,ORD00654,PRD004,Samsung 870 EVO 500GB,Storage,Samsung,CUS0432,2023-12-06,19:12:48,2023,12,79.99,34,1,0.0,79.99,45.99,57.5,Reseller,Credit Card,Completed,Maria
1685,ORD00655,PRD041,NVIDIA RTX 4060 8GB,GPU,NVIDIA,CUS0476,2022-09-16,15:57:13,2022,9,299.99,129,2,0.05,569.98,324.88,57.0,Reseller,Boleto,Completed,Leandro
1686,ORD00655,PRD025,MSI PRO Z690-A,Motherboard,MSI,CUS0476,2022-09-16,15:57:13,2022,9,189.99,81,3,0.0,569.97,326.97,57.4,Reseller,Cash,Completed,Leandro
1687,ORD00655,PRD051,be quiet! Straight Power 850W,PSU,be quiet!,CUS0476,2022-09-16,15:57:13,2022,9,169.99,73,1,0.0,169.99,96.99,57.1,Reseller,Debit Card,Completed,Leandro
1688,ORD00655,PRD011,Seagate Barracuda 2TB,Storage,Seagate,CUS0476,2022-09-16,15:57:13,2022,9,54.99,23,1,0.0,54.99,31.99,58.2,Online,Bank Transfer,Completed,Leandro
1689,ORD00656,PRD015,Corsair Vengeance 32GB DDR4,Memory,Corsair,CUS0138,2024-11-08,19:28:56,2024,11,109.99,47,1,0.1,98.99,56.69,57.3,Phone,Boleto,Completed,João
1690,ORD00656,PRD034,AMD Ryzen 5 7600X,Processor,AMD,CUS0138,2024-11-08,19:28:56,2024,11,249.99,107,2,0.1,449.98,257.38,57.2,Online,Credit Card,Completed,João
1691,ORD00656,PRD047,Corsair RM650 Modular,PSU,Corsair,CUS0138,2024-11-08,19:28:56,2024,11,89.99,38,1,0.2,71.99,41.59,57.8,Online,Debit Card,Completed,João
1692,ORD00656,PRD040,NVIDIA RTX 3080 10GB,GPU,NVIDIA,CUS0138,2024-11-08,19:28:56,2024,11,699.99,301,3,0.05,1994.97,1137.12,57.0,Phone,Boleto,Completed,João
1693,ORD00657,PRD051,be quiet! Straight Power 850W,PSU,be quiet!,CUS0370,2024-03-01,15:00:00,2024,3,169.99,73,2,0.0,339.98,193.98,57.1,Reseller,Bank Transfer,Completed,Monica
1694,ORD00658,PRD021,ASUS ROG Strix B550-F,Motherboard,ASUS,CUS0249,2024-02-16,13:41:10,2024,2,219.99,94,2,0.1,395.98,226.78,57.3,Marketplace,Credit Card,Completed,Gabriel
1695,ORD00659,PRD030,Intel Core i5-13600K,Processor,Intel,CUS0009,2022-03-06,17:10:35,2022,3,279.99,120,1,0.1,251.99,143.99,57.1,Phone,Cash,Completed,Natalia
1696,ORD00659,PRD004,Samsung 870 EVO 500GB,Storage,Samsung,CUS0009,2022-03-06,17:10:35,2022,3,79.99,34,2,0.0,159.98,91.98,57.5,Phone,Boleto,Completed,Natalia
1697,ORD00659,PRD037,AMD Ryzen 9 7900X,Processor,AMD,CUS0009,2022-03-06,17:10:35,2022,3,549.99,236,1,0.15,467.49,266.89,57.1,Reseller,Bank Transfer,Completed,Natalia
1698,ORD00659,PRD005,Samsung 870 EVO 1TB,Storage,Samsung,CUS0009,2022-03-06,17:10:35,2022,3,129.99,56,1,0.0,129.99,73.99,56.9,Reseller,Credit Card,Completed,Natalia
1699,ORD00660,PRD043,NVIDIA RTX 4080 16GB,GPU,NVIDIA,CUS0314,2023-03-07,11:04:13,2023,3,1199.99,516,1,0.1,1079.99,615.59,57.0,Reseller,Credit Card,Completed,Isabela
1700,ORD00661,PRD055,Corsair H100i RGB 240mm,Cooler,Corsair,CUS0365,2022-09-16,15:10:47,2022,9,129.99,56,3,0.0,389.97,221.97,56.9,Marketplace,Boleto,Completed,Gabriel
1701,ORD00661,PRD016,G.Skill Trident Z5 16GB DDR5,Memory,G.Skill,CUS0365,2022-09-16,15:10:47,2022,9,79.99,34,3,0.0,239.97,137.97,57.5,Reseller,Debit Card,Completed,Gabriel
1702,ORD00661,PRD009,WD Black SN850 1TB,Storage,WD,CUS0365,2022-09-16,15:10:47,2022,9,109.99,47,2,0.15,186.98,107.08,57.3,In-Store,Cash,Completed,Gabriel
1703,ORD00662,PRD006,Samsung 970 EVO 500GB,Storage,Samsung,CUS0026,2023-08-27,15:11:48,2023,8,69.99,29,1,0.05,66.49,38.94,58.6,Reseller,PIX,Completed,Alexandre
1704,ORD00662,PRD030,Intel Core i5-13600K,Processor,Intel,CUS0026,2023-08-27,15:11:48,2023,8,279.99,120,2,0.0,559.98,319.98,57.1,Reseller,PIX,Completed,Alexandre
1705,ORD00662,PRD058,DeepCool AK620,Cooler,DeepCool,CUS0026,2023-08-27,15:11:48,2023,8,54.99,23,1,0.0,54.99,31.99,58.2,Phone,Boleto,Completed,Alexandre
1706,ORD00662,PRD047,Corsair RM650 Modular,PSU,Corsair,CUS0026,2023-08-27,15:11:48,2023,8,89.99,38,2,0.0,179.98,103.98,57.8,In-Store,Bank Transfer,Completed,Alexandre
1707,ORD00663,PRD007,Samsung 970 EVO 1TB,Storage,Samsung,CUS0068,2023-05-30,14:36:41,2023,5,119.99,51,2,0.1,215.98,124.18,57.5,In-Store,Cash,Completed,Roberto
1708,ORD00664,PRD034,AMD Ryzen 5 7600X,Processor,AMD,CUS0412,2024-11-05,14:00:23,2024,11,249.99,107,1,0.05,237.49,135.84,57.2,Phone,Bank Transfer,Completed,Sergio
1709,ORD00664,PRD047,Corsair RM650 Modular,PSU,Corsair,CUS0412,2024-11-05,14:00:23,2024,11,89.99,38,4,0.0,359.96,207.96,57.8,Reseller,Boleto,Completed,Sergio
1710,ORD00664,PRD031,Intel Core i7-12700K,Processor,Intel,CUS0412,2024-11-05,14:00:23,2024,11,369.99,159,1,0.0,369.99,210.99,57.0,Online,Bank Transfer,Completed,Sergio
1711,ORD00665,PRD017,G.Skill Trident Z5 32GB DDR5,Memory,G.Skill,CUS0414,2024-06-25,15:17:30,2024,6,149.99,64,4,0.25,449.97,257.97,57.3,Online,Bank Transfer,Completed,Juliana
1712,ORD00666,PRD042,NVIDIA RTX 4070 12GB,GPU,NVIDIA,CUS0032,2022-03-17,20:47:54,2022,3,599.99,258,1,0.1,539.99,307.79,57.0,Reseller,Bank Transfer,Completed,Leticia
1713,ORD00667,PRD054,Noctua NH-U12S,Cooler,Noctua,CUS0108,2024-05-29,22:05:39,2024,5,69.99,30,1,0.0,69.99,39.99,57.1,In-Store,Boleto,Completed,Carlos
1714,ORD00668,PRD010,WD Blue 1TB HDD,Storage,WD,CUS0209,2023-04-02,22:43:41,2023,4,44.99,19,2,0.0,89.98,51.98,57.8,Reseller,Cash,Completed,Paulo
1715,ORD00668,PRD027,Gigabyte Z790 AORUS Master,Motherboard,Gigabyte,CUS0209,2023-04-02,22:43:41,2023,4,449.99,193,1,0.0,449.99,256.99,57.1,Reseller,Cash,Completed,Paulo
1716,ORD00669,PRD021,ASUS ROG Strix B550-F,Motherboard,ASUS,CUS0444,2024-11-16,22:46:16,2024,11,219.99,94,1,0.0,219.99,125.99,57.3,Online,PIX,Completed,Juliana
1717,ORD00669,PRD011,Seagate Barracuda 2TB,Storage,Seagate,CUS0444,2024-11-16,22:46:16,2024,11,54.99,23,1,0.0,54.99,31.99,58.2,Marketplace,Debit Card,Completed,Juliana
1718,ORD00670,PRD047,Corsair RM650 Modular,PSU,Corsair,CUS0127,2022-01-03,18:20:02,2022,1,89.99,38,1,0.0,89.99,51.99,57.8,In-Store,Boleto,Completed,Ana
1719,ORD00670,PRD015,Corsair Vengeance 32GB DDR4,Memory,Corsair,CUS0127,2022-01-03,18:20:02,2022,1,109.99,47,1,0.0,109.99,62.99,57.3,Phone,Credit Card,Completed,Ana
1720,ORD00670,PRD036,AMD Ryzen 9 5900X,Processor,AMD,CUS0127,2022-01-03,18:20:02,2022,1,449.99,193,3,0.2,1079.98,616.78,57.1,In-Store,Cash,Completed,Ana
1721,ORD00671,PRD026,Gigabyte B550 AORUS Elite,Motherboard,Gigabyte,CUS0268,2023-11-26,20:13:51,2023,11,169.99,72,2,0.0,339.98,195.98,57.6,Phone,Credit Card,Completed,Tatiana
1722,ORD00672,PRD025,MSI PRO Z690-A,Motherboard,MSI,CUS0225,2022-08-21,09:22:11,2022,8,189.99,81,1,0.0,189.99,108.99,57.4,Marketplace,Debit Card,Completed,João
1723,ORD00672,PRD034,AMD Ryzen 5 7600X,Processor,AMD,CUS0225,2022-08-21,09:22:11,2022,8,249.99,107,2,0.15,424.98,243.08,57.2,In-Store,Bank Transfer,Completed,João
1724,ORD00672,PRD027,Gigabyte Z790 AORUS Master,Motherboard,Gigabyte,CUS0225,2022-08-21,09:22:11,2022,8,449.99,193,2,0.0,899.98,513.98,57.1,Online,Credit Card,Completed,João
1725,ORD00672,PRD023,ASUS TUF Gaming B660M,Motherboard,ASUS,CUS0225,2022-08-21,09:22:11,2022,8,159.99,68,1,0.0,159.99,91.99,57.5,Online,Cash,Completed,João
1726,ORD00673,PRD005,Samsung 870 EVO 1TB,Storage,Samsung,CUS0420,2023-03-09,10:57:12,2023,3,129.99,56,4,0.0,519.96,295.96,56.9,In-Store,Credit Card,Completed,Diego
1727,ORD00673,PRD028,Intel Core i3-12100,Processor,Intel,CUS0420,2023-03-09,10:57:12,2023,3,119.99,51,2,0.1,215.98,124.18,57.5,Marketplace,Debit Card,Completed,Diego
1728,ORD00673,PRD020,Kingston Fury Beast 32GB DDR4,Memory,Kingston,CUS0420,2023-03-09,10:57:12,2023,3,99.99,43,2,0.15,169.98,96.88,57.0,In-Store,Credit Card,Completed,Diego
1729,ORD00673,PRD013,Corsair Vengeance 8GB DDR4,Memory,Corsair,CUS0420,2023-03-09,10:57:12,2023,3,29.99,12,1,0.0,29.99,17.99,60.0,Online,PIX,Completed,Diego
1730,ORD00674,PRD037,AMD Ryzen 9 7900X,Processor,AMD,CUS0223,2023-01-07,15:56:22,2023,1,549.99,236,1,0.1,494.99,282.59,57.1,Reseller,Credit Card,Completed,Ricardo
1731,ORD00674,PRD041,NVIDIA RTX 4060 8GB,GPU,NVIDIA,CUS0223,2023-01-07,15:56:22,2023,1,299.99,129,1,0.0,299.99,170.99,57.0,Phone,Cash,Completed,Ricardo
1732,ORD00674,PRD017,G.Skill Trident Z5 32GB DDR5,Memory,G.Skill,CUS0223,2023-01-07,15:56:22,2023,1,149.99,64,1,0.05,142.49,81.69,57.3,Marketplace,PIX,Completed,Ricardo
1733,ORD00674,PRD040,NVIDIA RTX 3080 10GB,GPU,NVIDIA,CUS0223,2023-01-07,15:56:22,2023,1,699.99,301,1,0.05,664.99,379.04,57.0,In-Store,Cash,Completed,Ricardo
1734,ORD00675,PRD047,Corsair RM650 Modular,PSU,Corsair,CUS0496,2023-12-09,09:18:52,2023,12,89.99,38,2,0.0,179.98,103.98,57.8,Online,Debit Card,Completed,Fernanda
1735,ORD00675,PRD022,ASUS ROG Strix Z690-A,Motherboard,ASUS,CUS0496,2023-12-09,09:18:52,2023,12,319.99,137,2,0.1,575.98,329.38,57.2,Online,PIX,Completed,Fernanda
1736,ORD00676,PRD058,DeepCool AK620,Cooler,DeepCool,CUS0401,2023-04-16,11:45:19,2023,4,54.99,23,1,0.05,52.24,30.39,58.2,Phone,Debit Card,Completed,Isabela
1737,ORD00677,PRD016,G.Skill Trident Z5 16GB DDR5,Memory,G.Skill,CUS0042,2023-11-21,10:02:21,2023,11,79.99,34,3,0.1,215.97,124.17,57.5,Marketplace,Credit Card,Completed,Juliana
1738,ORD00678,PRD060,Thermaltake UX200 ARGB,Cooler,Thermaltake,CUS0332,2023-08-05,08:44:06,2023,8,34.99,15,1,0.1,31.49,17.99,57.1,In-Store,Credit Card,Completed,Monica
1739,ORD00678,PRD026,Gigabyte B550 AORUS Elite,Motherboard,Gigabyte,CUS0332,2023-08-05,08:44:06,2023,8,169.99,72,2,0.05,322.98,186.18,57.6,Reseller,Cash,Completed,Monica
1740,ORD00679,PRD050,EVGA SuperNOVA 650W,PSU,EVGA,CUS0042,2024-02-17,14:38:34,2024,2,89.99,38,1,0.15,76.49,44.19,57.8,Reseller,PIX,Completed,Juliana
1741,ORD00679,PRD060,Thermaltake UX200 ARGB,Cooler,Thermaltake,CUS0042,2024-02-17,14:38:34,2024,2,34.99,15,3,0.1,94.47,53.97,57.1,Phone,Cash,Completed,Juliana
1742,ORD00679,PRD026,Gigabyte B550 AORUS Elite,Motherboard,Gigabyte,CUS0042,2024-02-17,14:38:34,2024,2,169.99,72,3,0.0,509.97,293.97,57.6,In-Store,Bank Transfer,Completed,Juliana
1743,ORD00680,PRD030,Intel Core i5-13600K,Processor,Intel,CUS0409,2024-04-06,13:04:11,2024,4,279.99,120,1,0.05,265.99,151.99,57.1,Reseller,Credit Card,Completed,Tatiana
1744,ORD00680,PRD002,Kingston A400 480GB,Storage,Kingston,CUS0409,2024-04-06,13:04:11,2024,4,49.99,21,2,0.0,99.98,57.98,58.0,Phone,Boleto,Completed,Tatiana
1745,ORD00680,PRD037,AMD Ryzen 9 7900X,Processor,AMD,CUS0409,2024-04-06,13:04:11,2024,4,549.99,236,3,0.05,1567.47,894.87,57.1,Online,Bank Transfer,Completed,Tatiana
1746,ORD00681,PRD041,NVIDIA RTX 4060 8GB,GPU,NVIDIA,CUS0436,2022-09-10,18:10:19,2022,9,299.99,129,1,0.0,299.99,170.99,57.0,Phone,Cash,Completed,Claudia
1747,ORD00681,PRD032,Intel Core i9-12900K,Processor,Intel,CUS0436,2022-09-10,18:10:19,2022,9,569.99,245,1,0.05,541.49,308.74,57.0,In-Store,Boleto,Completed,Claudia
1748,ORD00681,PRD040,NVIDIA RTX 3080 10GB,GPU,NVIDIA,CUS0436,2022-09-10,18:10:19,2022,9,699.99,301,2,0.2,1119.98,638.38,57.0,Online,Debit Card,Completed,Claudia
1749,ORD00681,PRD058,DeepCool AK620,Cooler,DeepCool,CUS0436,2022-09-10,18:10:19,2022,9,54.99,23,1,0.05,52.24,30.39,58.2,Online,Cash,Completed,Claudia
1750,ORD00682,PRD052,Thermaltake Toughpower 1000W,PSU,Thermaltake,CUS0141,2023-07-23,17:49:03,2023,7,189.99,81,1,0.0,189.99,108.99,57.4,In-Store,Credit Card,Completed,Isabela
1751,ORD00683,PRD038,NVIDIA RTX 3060 12GB,GPU,NVIDIA,CUS0110,2023-04-25,09:37:21,2023,4,329.99,141,2,0.25,494.99,283.49,57.3,Marketplace,Boleto,Completed,Isabela
1752,ORD00683,PRD052,Thermaltake Toughpower 1000W,PSU,Thermaltake,CUS0110,2023-04-25,09:37:21,2023,4,189.99,81,2,0.1,341.98,196.18,57.4,Online,Bank Transfer,Completed,Isabela
1753,ORD00684,PRD051,be quiet! Straight Power 850W,PSU,be quiet!,CUS0357,2024-11-15,13:05:40,2024,11,169.99,73,1,0.0,169.99,96.99,57.1,Online,Boleto,Completed,Fabio
1754,ORD00684,PRD035,AMD Ryzen 7 5800X3D,Processor,AMD,CUS0357,2024-11-15,13:05:40,2024,11,349.99,150,4,0.0,1399.96,799.96,57.1,In-Store,Debit Card,Completed,Fabio
1755,ORD00684,PRD055,Corsair H100i RGB 240mm,Cooler,Corsair,CUS0357,2024-11-15,13:05:40,2024,11,129.99,56,1,0.0,129.99,73.99,56.9,Phone,Cash,Completed,Fabio
1756,ORD00685,PRD006,Samsung 970 EVO 500GB,Storage,Samsung,CUS0131,2024-08-10,10:34:35,2024,8,69.99,29,1,0.0,69.99,40.99,58.6,Marketplace,Boleto,Completed,Eduardo
1757,ORD00685,PRD025,MSI PRO Z690-A,Motherboard,MSI,CUS0131,2024-08-10,10:34:35,2024,8,189.99,81,1,0.0,189.99,108.99,57.4,Marketplace,Credit Card,Completed,Eduardo
1758,ORD00685,PRD043,NVIDIA RTX 4080 16GB,GPU,NVIDIA,CUS0131,2024-08-10,10:34:35,2024,8,1199.99,516,1,0.0,1199.99,683.99,57.0,Reseller,Bank Transfer,Completed,Eduardo
1759,ORD00686,PRD051,be quiet! Straight Power 850W,PSU,be quiet!,CUS0275,2024-07-11,15:45:11,2024,7,169.99,73,1,0.05,161.49,92.14,57.1,Reseller,Credit Card,Completed,Vanessa
1760,ORD00686,PRD024,MSI MAG B550M MORTAR,Motherboard,MSI,CUS0275,2024-07-11,15:45:11,2024,7,129.99,55,2,0.05,246.98,142.48,57.7,In-Store,PIX,Completed,Vanessa
1761,ORD00686,PRD035,AMD Ryzen 7 5800X3D,Processor,AMD,CUS0275,2024-07-11,15:45:11,2024,7,349.99,150,3,0.0,1049.97,599.97,57.1,Online,Credit Card,Completed,Vanessa
1762,ORD00687,PRD060,Thermaltake UX200 ARGB,Cooler,Thermaltake,CUS0099,2024-11-16,22:29:48,2024,11,34.99,15,1,0.0,34.99,19.99,57.1,Reseller,Credit Card,Completed,Ana
1763,ORD00687,PRD040,NVIDIA RTX 3080 10GB,GPU,NVIDIA,CUS0099,2024-11-16,22:29:48,2024,11,699.99,301,1,0.15,594.99,339.14,57.0,Online,Credit Card,Completed,Ana
1764,ORD00687,PRD004,Samsung 870 EVO 500GB,Storage,Samsung,CUS0099,2024-11-16,22:29:48,2024,11,79.99,34,1,0.1,71.99,41.39,57.5,Reseller,Credit Card,Completed,Ana
1765,ORD00687,PRD059,Cooler Master Hyper 212,Cooler,Cooler Master,CUS0099,2024-11-16,22:29:48,2024,11,39.99,17,1,0.0,39.99,22.99,57.5,Phone,Boleto,Completed,Ana
1766,ORD00688,PRD040,NVIDIA RTX 3080 10GB,GPU,NVIDIA,CUS0268,2024-04-17,09:35:06,2024,4,699.99,301,2,0.0,1399.98,797.98,57.0,In-Store,Cash,Completed,Tatiana
1767,ORD00689,PRD002,Kingston A400 480GB,Storage,Kingston,CUS0091,2022-11-17,16:23:54,2022,11,49.99,21,1,0.05,47.49,27.54,58.0,Online,Debit Card,Completed,Mariana
1768,ORD00690,PRD060,Thermaltake UX200 ARGB,Cooler,Thermaltake,CUS0316,2022-05-13,13:30:02,2022,5,34.99,15,3,0.2,83.98,47.98,57.1,Marketplace,Cash,Completed,Gabriel
1769,ORD00690,PRD037,AMD Ryzen 9 7900X,Processor,AMD,CUS0316,2022-05-13,13:30:02,2022,5,549.99,236,3,0.0,1649.97,941.97,57.1,Reseller,Bank Transfer,Completed,Gabriel
1770,ORD00691,PRD040,NVIDIA RTX 3080 10GB,GPU,NVIDIA,CUS0135,2024-06-08,16:25:29,2024,6,699.99,301,3,0.0,2099.97,1196.97,57.0,In-Store,Boleto,Completed,Daniela
1771,ORD00692,PRD002,Kingston A400 480GB,Storage,Kingston,CUS0231,2022-09-13,15:00:06,2022,9,49.99,21,2,0.0,99.98,57.98,58.0,Reseller,Bank Transfer,Completed,Gabriel
1772,ORD00692,PRD024,MSI MAG B550M MORTAR,Motherboard,MSI,CUS0231,2022-09-13,15:00:06,2022,9,129.99,55,1,0.0,129.99,74.99,57.7,Phone,Credit Card,Completed,Gabriel
1773,ORD00693,PRD047,Corsair RM650 Modular,PSU,Corsair,CUS0245,2024-10-07,11:04:44,2024,10,89.99,38,1,0.15,76.49,44.19,57.8,In-Store,Debit Card,Completed,Adriana
1774,ORD00693,PRD028,Intel Core i3-12100,Processor,Intel,CUS0245,2024-10-07,11:04:44,2024,10,119.99,51,1,0.0,119.99,68.99,57.5,Phone,Cash,Completed,Adriana
1775,ORD00693,PRD029,Intel Core i5-12400,Processor,Intel,CUS0245,2024-10-07,11:04:44,2024,10,199.99,86,1,0.1,179.99,102.59,57.0,Marketplace,Credit Card,Completed,Adriana
1776,ORD00693,PRD046,AMD RX 7900 XTX 24GB,GPU,AMD,CUS0245,2024-10-07,11:04:44,2024,10,999.99,430,1,0.1,899.99,512.99,57.0,Online,Credit Card,Completed,Adriana
1777,ORD00694,PRD060,Thermaltake UX200 ARGB,Cooler,Thermaltake,CUS0354,2023-08-14,18:55:41,2023,8,34.99,15,1,0.15,29.74,16.99,57.1,Phone,Cash,Completed,Priscila
1778,ORD00694,PRD021,ASUS ROG Strix B550-F,Motherboard,ASUS,CUS0354,2023-08-14,18:55:41,2023,8,219.99,94,1,0.05,208.99,119.69,57.3,In-Store,Cash,Completed,Priscila
1779,ORD00694,PRD006,Samsung 970 EVO 500GB,Storage,Samsung,CUS0354,2023-08-14,18:55:41,2023,8,69.99,29,4,0.0,279.96,163.96,58.6,Phone,Debit Card,Completed,Priscila
1780,ORD00695,PRD047,Corsair RM650 Modular,PSU,Corsair,CUS0461,2023-11-15,12:44:54,2023,11,89.99,38,2,0.0,179.98,103.98,57.8,Reseller,Boleto,Completed,Gabriel
1781,ORD00696,PRD033,AMD Ryzen 5 5600X,Processor,AMD,CUS0168,2024-11-17,21:53:17,2024,11,229.99,98,1,0.05,218.49,125.39,57.4,Online,Credit Card,Completed,Natalia
1782,ORD00696,PRD051,be quiet! Straight Power 850W,PSU,be quiet!,CUS0168,2024-11-17,21:53:17,2024,11,169.99,73,1,0.0,169.99,96.99,57.1,Marketplace,Cash,Completed,Natalia
1783,ORD00696,PRD008,Samsung 970 EVO 2TB,Storage,Samsung,CUS0168,2024-11-17,21:53:17,2024,11,219.99,94,1,0.15,186.99,107.09,57.3,In-Store,Bank Transfer,Completed,Natalia
1784,ORD00697,PRD055,Corsair H100i RGB 240mm,Cooler,Corsair,CUS0037,2024-01-04,21:21:26,2024,1,129.99,56,2,0.2,207.98,118.38,56.9,Reseller,Bank Transfer,Completed,Leandro
1785,ORD00697,PRD004,Samsung 870 EVO 500GB,Storage,Samsung,CUS0037,2024-01-04,21:21:26,2024,1,79.99,34,1,0.0,79.99,45.99,57.5,Reseller,Debit Card,Completed,Leandro
1786,ORD00698,PRD012,Seagate Barracuda 4TB,Storage,Seagate,CUS0365,2024-01-18,18:45:50,2024,1,89.99,38,1,0.2,71.99,41.59,57.8,Phone,Bank Transfer,Completed,Gabriel
1787,ORD00698,PRD044,AMD RX 6600 8GB,GPU,AMD,CUS0365,2024-01-18,18:45:50,2024,1,289.99,124,1,0.0,289.99,165.99,57.2,Phone,Boleto,Completed,Gabriel
1788,ORD00698,PRD008,Samsung 970 EVO 2TB,Storage,Samsung,CUS0365,2024-01-18,18:45:50,2024,1,219.99,94,1,0.15,186.99,107.09,57.3,Online,Credit Card,Completed,Gabriel
1789,ORD00699,PRD060,Thermaltake UX200 ARGB,Cooler,Thermaltake,CUS0376,2023-01-10,12:39:14,2023,1,34.99,15,1,0.15,29.74,16.99,57.1,Reseller,PIX,Completed,Viviane
1790,ORD00699,PRD043,NVIDIA RTX 4080 16GB,GPU,NVIDIA,CUS0376,2023-01-10,12:39:14,2023,1,1199.99,516,1,0.0,1199.99,683.99,57.0,Online,Boleto,Completed,Viviane
1791,ORD00699,PRD056,Corsair H150i Elite 360mm,Cooler,Corsair,CUS0376,2023-01-10,12:39:14,2023,1,169.99,73,2,0.0,339.98,193.98,57.1,Marketplace,Debit Card,Completed,Viviane
1792,ORD00700,PRD009,WD Black SN850 1TB,Storage,WD,CUS0276,2022-05-22,10:42:30,2022,5,109.99,47,1,0.0,109.99,62.99,57.3,Marketplace,Boleto,Completed,Aline
1793,ORD00700,PRD007,Samsung 970 EVO 1TB,Storage,Samsung,CUS0276,2022-05-22,10:42:30,2022,5,119.99,51,1,0.1,107.99,62.09,57.5,Reseller,PIX,Completed,Aline
1794,ORD00701,PRD013,Corsair Vengeance 8GB DDR4,Memory,Corsair,CUS0255,2023-08-01,20:36:12,2023,8,29.99,12,3,0.1,80.97,48.57,60.0,Marketplace,PIX,Completed,Monica
1795,ORD00701,PRD012,Seagate Barracuda 4TB,Storage,Seagate,CUS0255,2023-08-01,20:36:12,2023,8,89.99,38,1,0.05,85.49,49.39,57.8,Phone,Debit Card,Completed,Monica
1796,ORD00702,PRD031,Intel Core i7-12700K,Processor,Intel,CUS0140,2024-08-05,22:39:53,2024,8,369.99,159,1,0.0,369.99,210.99,57.0,Phone,PIX,Completed,Marcelo
1797,ORD00702,PRD055,Corsair H100i RGB 240mm,Cooler,Corsair,CUS0140,2024-08-05,22:39:53,2024,8,129.99,56,3,0.0,389.97,221.97,56.9,Marketplace,Cash,Completed,Marcelo
1798,ORD00702,PRD004,Samsung 870 EVO 500GB,Storage,Samsung,CUS0140,2024-08-05,22:39:53,2024,8,79.99,34,2,0.05,151.98,87.38,57.5,In-Store,Boleto,Completed,Marcelo
1799,ORD00703,PRD030,Intel Core i5-13600K,Processor,Intel,CUS0064,2023-03-07,17:27:31,2023,3,279.99,120,2,0.0,559.98,319.98,57.1,Phone,Cash,Completed,Gabriel
1800,ORD00703,PRD015,Corsair Vengeance 32GB DDR4,Memory,Corsair,CUS0064,2023-03-07,17:27:31,2023,3,109.99,47,1,0.05,104.49,59.84,57.3,Phone,Credit Card,Completed,Gabriel
1801,ORD00704,PRD046,AMD RX 7900 XTX 24GB,GPU,AMD,CUS0415,2022-08-04,22:22:48,2022,8,999.99,430,3,0.0,2999.97,1709.97,57.0,Online,Bank Transfer,Completed,Felipe
1802,ORD00704,PRD015,Corsair Vengeance 32GB DDR4,Memory,Corsair,CUS0415,2022-08-04,22:22:48,2022,8,109.99,47,3,0.0,329.97,188.97,57.3,Reseller,Bank Transfer,Completed,Felipe
1803,ORD00705,PRD029,Intel Core i5-12400,Processor,Intel,CUS0001,2023-08-22,16:11:11,2023,8,199.99,86,1,0.1,179.99,102.59,57.0,In-Store,Credit Card,Completed,Henrique
1804,ORD00705,PRD040,NVIDIA RTX 3080 10GB,GPU,NVIDIA,CUS0001,2023-08-22,16:11:11,2023,8,699.99,301,1,0.0,699.99,398.99,57.0,Reseller,Debit Card,Completed,Henrique
1805,ORD00706,PRD032,Intel Core i9-12900K,Processor,Intel,CUS0264,2023-06-25,21:15:05,2023,6,569.99,245,2,0.1,1025.98,584.98,57.0,Phone,Bank Transfer,Completed,Juliana
1806,ORD00707,PRD019,Kingston Fury Beast 16GB DDR4,Memory,Kingston,CUS0450,2024-05-01,21:58:43,2024,5,54.99,23,1,0.25,41.24,23.99,58.2,Phone,PIX,Completed,Thiago
1807,ORD00707,PRD057,NZXT Kraken X73 360mm,Cooler,NZXT,CUS0450,2024-05-01,21:58:43,2024,5,189.99,81,1,0.2,151.99,87.19,57.4,In-Store,PIX,Completed,Thiago
1808,ORD00708,PRD004,Samsung 870 EVO 500GB,Storage,Samsung,CUS0400,2022-06-20,09:05:44,2022,6,79.99,34,3,0.05,227.97,131.07,57.5,In-Store,Bank Transfer,Completed,Diego
1809,ORD00708,PRD044,AMD RX 6600 8GB,GPU,AMD,CUS0400,2022-06-20,09:05:44,2022,6,289.99,124,1,0.05,275.49,157.69,57.2,Phone,Boleto,Completed,Diego
1810,ORD00708,PRD017,G.Skill Trident Z5 32GB DDR5,Memory,G.Skill,CUS0400,2022-06-20,09:05:44,2022,6,149.99,64,1,0.25,112.49,64.49,57.3,Marketplace,PIX,Completed,Diego
1811,ORD00709,PRD032,Intel Core i9-12900K,Processor,Intel,CUS0004,2024-06-09,09:08:35,2024,6,569.99,245,1,0.0,569.99,324.99,57.0,Online,Cash,Completed,Leandro
1812,ORD00709,PRD025,MSI PRO Z690-A,Motherboard,MSI,CUS0004,2024-06-09,09:08:35,2024,6,189.99,81,1,0.0,189.99,108.99,57.4,Online,Debit Card,Completed,Leandro
1813,ORD00710,PRD003,Kingston A400 960GB,Storage,Kingston,CUS0231,2023-09-02,14:16:01,2023,9,89.99,38,2,0.0,179.98,103.98,57.8,Online,Debit Card,Completed,Gabriel
1814,ORD00710,PRD035,AMD Ryzen 7 5800X3D,Processor,AMD,CUS0231,2023-09-02,14:16:01,2023,9,349.99,150,1,0.0,349.99,199.99,57.1,Reseller,Bank Transfer,Completed,Gabriel
1815,ORD00710,PRD012,Seagate Barracuda 4TB,Storage,Seagate,CUS0231,2023-09-02,14:16:01,2023,9,89.99,38,2,0.15,152.98,88.38,57.8,Phone,Credit Card,Completed,Gabriel
1816,ORD00711,PRD028,Intel Core i3-12100,Processor,Intel,CUS0209,2024-01-25,20:02:13,2024,1,119.99,51,1,0.15,101.99,58.64,57.5,In-Store,Credit Card,Completed,Paulo
1817,ORD00712,PRD054,Noctua NH-U12S,Cooler,Noctua,CUS0021,2024-07-17,10:27:25,2024,7,69.99,30,3,0.0,209.97,119.97,57.1,In-Store,Boleto,Completed,Leandro
1818,ORD00712,PRD043,NVIDIA RTX 4080 16GB,GPU,NVIDIA,CUS0021,2024-07-17,10:27:25,2024,7,1199.99,516,2,0.0,2399.98,1367.98,57.0,Marketplace,Bank Transfer,Completed,Leandro
1819,ORD00712,PRD023,ASUS TUF Gaming B660M,Motherboard,ASUS,CUS0021,2024-07-17,10:27:25,2024,7,159.99,68,4,0.0,639.96,367.96,57.5,Marketplace,Boleto,Completed,Leandro
1820,ORD00712,PRD015,Corsair Vengeance 32GB DDR4,Memory,Corsair,CUS0021,2024-07-17,10:27:25,2024,7,109.99,47,1,0.1,98.99,56.69,57.3,Marketplace,Boleto,Completed,Leandro
1821,ORD00713,PRD059,Cooler Master Hyper 212,Cooler,Cooler Master,CUS0407,2022-05-14,17:06:29,2022,5,39.99,17,3,0.15,101.97,58.62,57.5,Marketplace,Credit Card,Completed,Bruno
1822,ORD00714,PRD002,Kingston A400 480GB,Storage,Kingston,CUS0208,2023-10-01,16:19:40,2023,10,49.99,21,2,0.0,99.98,57.98,58.0,Marketplace,Boleto,Completed,Diego
1823,ORD00714,PRD003,Kingston A400 960GB,Storage,Kingston,CUS0208,2023-10-01,16:19:40,2023,10,89.99,38,3,0.1,242.97,140.37,57.8,Marketplace,Credit Card,Completed,Diego
1824,ORD00714,PRD001,Kingston A400 240GB,Storage,Kingston,CUS0208,2023-10-01,16:19:40,2023,10,29.99,13,2,0.0,59.98,33.98,56.7,Phone,Bank Transfer,Completed,Diego
1825,ORD00715,PRD037,AMD Ryzen 9 7900X,Processor,AMD,CUS0012,2023-03-20,15:01:49,2023,3,549.99,236,1,0.05,522.49,298.29,57.1,Online,Credit Card,Completed,Monica
1826,ORD00716,PRD059,Cooler Master Hyper 212,Cooler,Cooler Master,CUS0327,2024-12-28,10:28:01,2024,12,39.99,17,1,0.05,37.99,21.84,57.5,Online,Cash,Completed,Pedro
1827,ORD00716,PRD055,Corsair H100i RGB 240mm,Cooler,Corsair,CUS0327,2024-12-28,10:28:01,2024,12,129.99,56,1,0.15,110.49,62.89,56.9,Online,Bank Transfer,Completed,Pedro
1828,ORD00716,PRD060,Thermaltake UX200 ARGB,Cooler,Thermaltake,CUS0327,2024-12-28,10:28:01,2024,12,34.99,15,1,0.05,33.24,18.99,57.1,Marketplace,PIX,Completed,Pedro
1829,ORD00717,PRD054,Noctua NH-U12S,Cooler,Noctua,CUS0186,2023-12-04,18:44:33,2023,12,69.99,30,2,0.1,125.98,71.98,57.1,Reseller,Bank Transfer,Completed,Thiago
1830,ORD00717,PRD044,AMD RX 6600 8GB,GPU,AMD,CUS0186,2023-12-04,18:44:33,2023,12,289.99,124,1,0.0,289.99,165.99,57.2,Online,Boleto,Completed,Thiago
1831,ORD00717,PRD024,MSI MAG B550M MORTAR,Motherboard,MSI,CUS0186,2023-12-04,18:44:33,2023,12,129.99,55,1,0.05,123.49,71.24,57.7,In-Store,Bank Transfer,Completed,Thiago
1832,ORD00717,PRD001,Kingston A400 240GB,Storage,Kingston,CUS0186,2023-12-04,18:44:33,2023,12,29.99,13,2,0.0,59.98,33.98,56.7,Marketplace,PIX,Completed,Thiago
1833,ORD00718,PRD048,Corsair RM750 Modular,PSU,Corsair,CUS0009,2024-04-15,12:40:31,2024,4,109.99,47,1,0.0,109.99,62.99,57.3,Reseller,Bank Transfer,Completed,Natalia
1834,ORD00718,PRD025,MSI PRO Z690-A,Motherboard,MSI,CUS0009,2024-04-15,12:40:31,2024,4,189.99,81,1,0.0,189.99,108.99,57.4,Reseller,PIX,Completed,Natalia
1835,ORD00719,PRD039,NVIDIA RTX 3070 8GB,GPU,NVIDIA,CUS0314,2024-12-31,16:16:52,2024,12,499.99,215,1,0.2,399.99,227.99,57.0,Online,Bank Transfer,Completed,Isabela
1836,ORD00719,PRD050,EVGA SuperNOVA 650W,PSU,EVGA,CUS0314,2024-12-31,16:16:52,2024,12,89.99,38,1,0.0,89.99,51.99,57.8,Phone,Credit Card,Completed,Isabela
1837,ORD00720,PRD021,ASUS ROG Strix B550-F,Motherboard,ASUS,CUS0196,2024-11-15,13:26:08,2024,11,219.99,94,1,0.05,208.99,119.69,57.3,Reseller,Credit Card,Completed,Lucas
1838,ORD00720,PRD007,Samsung 970 EVO 1TB,Storage,Samsung,CUS0196,2024-11-15,13:26:08,2024,11,119.99,51,1,0.15,101.99,58.64,57.5,Phone,PIX,Completed,Lucas
1839,ORD00720,PRD056,Corsair H150i Elite 360mm,Cooler,Corsair,CUS0196,2024-11-15,13:26:08,2024,11,169.99,73,2,0.2,271.98,155.18,57.1,Online,Bank Transfer,Completed,Lucas
1840,ORD00720,PRD037,AMD Ryzen 9 7900X,Processor,AMD,CUS0196,2024-11-15,13:26:08,2024,11,549.99,236,2,0.0,1099.98,627.98,57.1,Online,Cash,Completed,Lucas
1841,ORD00721,PRD004,Samsung 870 EVO 500GB,Storage,Samsung,CUS0052,2024-11-11,15:58:26,2024,11,79.99,34,1,0.0,79.99,45.99,57.5,Phone,Credit Card,Completed,Larissa
1842,ORD00722,PRD052,Thermaltake Toughpower 1000W,PSU,Thermaltake,CUS0466,2024-08-26,17:49:56,2024,8,189.99,81,1,0.05,180.49,103.54,57.4,In-Store,PIX,Completed,Natalia
1843,ORD00722,PRD039,NVIDIA RTX 3070 8GB,GPU,NVIDIA,CUS0466,2024-08-26,17:49:56,2024,8,499.99,215,1,0.05,474.99,270.74,57.0,Reseller,Debit Card,Completed,Natalia
1844,ORD00722,PRD059,Cooler Master Hyper 212,Cooler,Cooler Master,CUS0466,2024-08-26,17:49:56,2024,8,39.99,17,1,0.0,39.99,22.99,57.5,Phone,PIX,Completed,Natalia
1845,ORD00722,PRD019,Kingston Fury Beast 16GB DDR4,Memory,Kingston,CUS0466,2024-08-26,17:49:56,2024,8,54.99,23,1,0.2,43.99,25.59,58.2,Reseller,Cash,Completed,Natalia
1846,ORD00723,PRD035,AMD Ryzen 7 5800X3D,Processor,AMD,CUS0060,2024-08-05,19:56:13,2024,8,349.99,150,1,0.0,349.99,199.99,57.1,Online,Cash,Completed,Thiago
1847,ORD00724,PRD047,Corsair RM650 Modular,PSU,Corsair,CUS0141,2022-12-18,12:02:56,2022,12,89.99,38,4,0.0,359.96,207.96,57.8,Reseller,Boleto,Completed,Isabela
1848,ORD00724,PRD009,WD Black SN850 1TB,Storage,WD,CUS0141,2022-12-18,12:02:56,2022,12,109.99,47,1,0.0,109.99,62.99,57.3,Marketplace,Credit Card,Completed,Isabela
1849,ORD00724,PRD033,AMD Ryzen 5 5600X,Processor,AMD,CUS0141,2022-12-18,12:02:56,2022,12,229.99,98,1,0.25,172.49,98.99,57.4,Marketplace,PIX,Completed,Isabela
1850,ORD00725,PRD025,MSI PRO Z690-A,Motherboard,MSI,CUS0332,2024-12-01,12:55:53,2024,12,189.99,81,3,0.0,569.97,326.97,57.4,Phone,Bank Transfer,Completed,Monica
1851,ORD00725,PRD037,AMD Ryzen 9 7900X,Processor,AMD,CUS0332,2024-12-01,12:55:53,2024,12,549.99,236,1,0.05,522.49,298.29,57.1,In-Store,Bank Transfer,Completed,Monica
1852,ORD00725,PRD047,Corsair RM650 Modular,PSU,Corsair,CUS0332,2024-12-01,12:55:53,2024,12,89.99,38,1,0.0,89.99,51.99,57.8,Marketplace,Credit Card,Completed,Monica
1853,ORD00726,PRD054,Noctua NH-U12S,Cooler,Noctua,CUS0427,2024-07-16,16:46:20,2024,7,69.99,30,2,0.0,139.98,79.98,57.1,Online,Boleto,Completed,Diego
1854,ORD00726,PRD033,AMD Ryzen 5 5600X,Processor,AMD,CUS0427,2024-07-16,16:46:20,2024,7,229.99,98,2,0.15,390.98,224.38,57.4,Online,Credit Card,Completed,Diego
1855,ORD00727,PRD050,EVGA SuperNOVA 650W,PSU,EVGA,CUS0286,2022-04-03,21:47:26,2022,4,89.99,38,1,0.0,89.99,51.99,57.8,In-Store,PIX,Completed,Ana
1856,ORD00727,PRD018,G.Skill Trident Z5 64GB DDR5,Memory,G.Skill,CUS0286,2022-04-03,21:47:26,2022,4,289.99,124,1,0.0,289.99,165.99,57.2,Online,Bank Transfer,Completed,Ana
1857,ORD00728,PRD045,AMD RX 6700 XT 12GB,GPU,AMD,CUS0353,2024-07-30,17:56:56,2024,7,399.99,172,4,0.0,1599.96,911.96,57.0,Phone,Cash,Completed,Leandro
1858,ORD00729,PRD031,Intel Core i7-12700K,Processor,Intel,CUS0380,2023-06-07,21:23:41,2023,6,369.99,159,4,0.0,1479.96,843.96,57.0,Phone,Bank Transfer,Completed,Patricia
1859,ORD00729,PRD028,Intel Core i3-12100,Processor,Intel,CUS0380,2023-06-07,21:23:41,2023,6,119.99,51,1,0.0,119.99,68.99,57.5,In-Store,PIX,Completed,Patricia
1860,ORD00729,PRD020,Kingston Fury Beast 32GB DDR4,Memory,Kingston,CUS0380,2023-06-07,21:23:41,2023,6,99.99,43,1,0.1,89.99,51.29,57.0,Online,Bank Transfer,Completed,Patricia
1861,ORD00729,PRD011,Seagate Barracuda 2TB,Storage,Seagate,CUS0380,2023-06-07,21:23:41,2023,6,54.99,23,2,0.0,109.98,63.98,58.2,In-Store,Boleto,Completed,Patricia
1862,ORD00730,PRD014,Corsair Vengeance 16GB DDR4,Memory,Corsair,CUS0034,2023-10-05,14:16:45,2023,10,59.99,25,2,0.2,95.98,55.98,58.3,In-Store,Credit Card,Completed,Natalia
1863,ORD00730,PRD045,AMD RX 6700 XT 12GB,GPU,AMD,CUS0034,2023-10-05,14:16:45,2023,10,399.99,172,1,0.0,399.99,227.99,57.0,In-Store,Debit Card,Completed,Natalia
1864,ORD00730,PRD021,ASUS ROG Strix B550-F,Motherboard,ASUS,CUS0034,2023-10-05,14:16:45,2023,10,219.99,94,3,0.05,626.97,359.07,57.3,Marketplace,Cash,Completed,Natalia
1865,ORD00730,PRD060,Thermaltake UX200 ARGB,Cooler,Thermaltake,CUS0034,2023-10-05,14:16:45,2023,10,34.99,15,2,0.1,62.98,35.98,57.1,Phone,Cash,Completed,Natalia
1866,ORD00731,PRD029,Intel Core i5-12400,Processor,Intel,CUS0134,2022-05-23,14:48:21,2022,5,199.99,86,1,0.0,199.99,113.99,57.0,Online,Cash,Completed,Bruno
1867,ORD00732,PRD011,Seagate Barracuda 2TB,Storage,Seagate,CUS0272,2024-08-30,13:09:09,2024,8,54.99,23,2,0.0,109.98,63.98,58.2,Reseller,Boleto,Completed,Tatiana
1868,ORD00733,PRD032,Intel Core i9-12900K,Processor,Intel,CUS0053,2023-05-16,10:57:23,2023,5,569.99,245,1,0.0,569.99,324.99,57.0,Phone,Credit Card,Completed,Sergio
1869,ORD00733,PRD023,ASUS TUF Gaming B660M,Motherboard,ASUS,CUS0053,2023-05-16,10:57:23,2023,5,159.99,68,2,0.0,319.98,183.98,57.5,Marketplace,Bank Transfer,Completed,Sergio
1870,ORD00734,PRD019,Kingston Fury Beast 16GB DDR4,Memory,Kingston,CUS0417,2022-04-13,22:10:12,2022,4,54.99,23,1,0.0,54.99,31.99,58.2,Phone,Credit Card,Completed,Claudia
1871,ORD00735,PRD057,NZXT Kraken X73 360mm,Cooler,NZXT,CUS0046,2023-02-25,20:13:18,2023,2,189.99,81,1,0.0,189.99,108.99,57.4,Phone,Boleto,Completed,Fernanda
1872,ORD00735,PRD033,AMD Ryzen 5 5600X,Processor,AMD,CUS0046,2023-02-25,20:13:18,2023,2,229.99,98,1,0.0,229.99,131.99,57.4,Reseller,Bank Transfer,Completed,Fernanda
1873,ORD00735,PRD009,WD Black SN850 1TB,Storage,WD,CUS0046,2023-02-25,20:13:18,2023,2,109.99,47,2,0.0,219.98,125.98,57.3,In-Store,Boleto,Completed,Fernanda
1874,ORD00736,PRD014,Corsair Vengeance 16GB DDR4,Memory,Corsair,CUS0416,2024-12-23,22:59:19,2024,12,59.99,25,2,0.1,107.98,62.98,58.3,In-Store,Debit Card,Completed,Carlos
1875,ORD00737,PRD053,Noctua NH-D15,Cooler,Noctua,CUS0233,2023-01-12,22:05:52,2023,1,99.99,43,2,0.0,199.98,113.98,57.0,Marketplace,PIX,Completed,Gustavo
1876,ORD00737,PRD004,Samsung 870 EVO 500GB,Storage,Samsung,CUS0233,2023-01-12,22:05:52,2023,1,79.99,34,1,0.0,79.99,45.99,57.5,Online,Bank Transfer,Completed,Gustavo
1877,ORD00738,PRD043,NVIDIA RTX 4080 16GB,GPU,NVIDIA,CUS0199,2022-06-11,12:35:51,2022,6,1199.99,516,1,0.0,1199.99,683.99,57.0,Marketplace,Credit Card,Completed,Leonardo
1878,ORD00738,PRD049,Corsair RM850 Modular,PSU,Corsair,CUS0199,2022-06-11,12:35:51,2022,6,139.99,60,1,0.0,139.99,79.99,57.1,Reseller,PIX,Completed,Leonardo
1879,ORD00738,PRD026,Gigabyte B550 AORUS Elite,Motherboard,Gigabyte,CUS0199,2022-06-11,12:35:51,2022,6,169.99,72,1,0.0,169.99,97.99,57.6,Reseller,Bank Transfer,Completed,Leonardo
1880,ORD00739,PRD048,Corsair RM750 Modular,PSU,Corsair,CUS0224,2023-01-17,17:27:45,2023,1,109.99,47,1,0.0,109.99,62.99,57.3,Marketplace,Credit Card,Completed,Ana
1881,ORD00739,PRD021,ASUS ROG Strix B550-F,Motherboard,ASUS,CUS0224,2023-01-17,17:27:45,2023,1,219.99,94,1,0.15,186.99,107.09,57.3,In-Store,Bank Transfer,Completed,Ana
1882,ORD00739,PRD049,Corsair RM850 Modular,PSU,Corsair,CUS0224,2023-01-17,17:27:45,2023,1,139.99,60,2,0.0,279.98,159.98,57.1,Marketplace,Bank Transfer,Completed,Ana
1883,ORD00739,PRD011,Seagate Barracuda 2TB,Storage,Seagate,CUS0224,2023-01-17,17:27:45,2023,1,54.99,23,1,0.1,49.49,28.79,58.2,Marketplace,Cash,Completed,Ana
1884,ORD00740,PRD003,Kingston A400 960GB,Storage,Kingston,CUS0330,2023-04-21,20:55:55,2023,4,89.99,38,2,0.0,179.98,103.98,57.8,Reseller,Credit Card,Completed,Juliana
1885,ORD00740,PRD046,AMD RX 7900 XTX 24GB,GPU,AMD,CUS0330,2023-04-21,20:55:55,2023,4,999.99,430,1,0.05,949.99,541.49,57.0,Reseller,Debit Card,Completed,Juliana
1886,ORD00740,PRD050,EVGA SuperNOVA 650W,PSU,EVGA,CUS0330,2023-04-21,20:55:55,2023,4,89.99,38,1,0.1,80.99,46.79,57.8,Marketplace,Bank Transfer,Completed,Juliana
1887,ORD00741,PRD035,AMD Ryzen 7 5800X3D,Processor,AMD,CUS0386,2023-06-07,10:54:17,2023,6,349.99,150,1,0.0,349.99,199.99,57.1,Marketplace,Bank Transfer,Completed,Mariana
1888,ORD00741,PRD044,AMD RX 6600 8GB,GPU,AMD,CUS0386,2023-06-07,10:54:17,2023,6,289.99,124,1,0.15,246.49,141.09,57.2,Marketplace,Cash,Completed,Mariana
1889,ORD00741,PRD019,Kingston Fury Beast 16GB DDR4,Memory,Kingston,CUS0386,2023-06-07,10:54:17,2023,6,54.99,23,1,0.0,54.99,31.99,58.2,Online,Bank Transfer,Completed,Mariana
1890,ORD00742,PRD012,Seagate Barracuda 4TB,Storage,Seagate,CUS0332,2022-12-18,13:27:09,2022,12,89.99,38,1,0.15,76.49,44.19,57.8,Marketplace,Credit Card,Completed,Monica
1891,ORD00742,PRD053,Noctua NH-D15,Cooler,Noctua,CUS0332,2022-12-18,13:27:09,2022,12,99.99,43,2,0.0,199.98,113.98,57.0,Marketplace,Bank Transfer,Completed,Monica
1892,ORD00742,PRD039,NVIDIA RTX 3070 8GB,GPU,NVIDIA,CUS0332,2022-12-18,13:27:09,2022,12,499.99,215,2,0.05,949.98,541.48,57.0,Online,Bank Transfer,Completed,Monica
1893,ORD00743,PRD042,NVIDIA RTX 4070 12GB,GPU,NVIDIA,CUS0456,2024-02-07,11:06:59,2024,2,599.99,258,1,0.1,539.99,307.79,57.0,In-Store,Boleto,Completed,Aline
1894,ORD00743,PRD020,Kingston Fury Beast 32GB DDR4,Memory,Kingston,CUS0456,2024-02-07,11:06:59,2024,2,99.99,43,1,0.1,89.99,51.29,57.0,Marketplace,Boleto,Completed,Aline
1895,ORD00744,PRD028,Intel Core i3-12100,Processor,Intel,CUS0299,2022-03-04,14:40:12,2022,3,119.99,51,1,0.1,107.99,62.09,57.5,Marketplace,Credit Card,Completed,Pedro
1896,ORD00744,PRD054,Noctua NH-U12S,Cooler,Noctua,CUS0299,2022-03-04,14:40:12,2022,3,69.99,30,1,0.0,69.99,39.99,57.1,Phone,Cash,Completed,Pedro
1897,ORD00744,PRD056,Corsair H150i Elite 360mm,Cooler,Corsair,CUS0299,2022-03-04,14:40:12,2022,3,169.99,73,1,0.0,169.99,96.99,57.1,Online,Debit Card,Completed,Pedro
1898,ORD00745,PRD038,NVIDIA RTX 3060 12GB,GPU,NVIDIA,CUS0465,2022-01-17,13:39:09,2022,1,329.99,141,1,0.05,313.49,179.54,57.3,Marketplace,Boleto,Completed,Ana
1899,ORD00745,PRD023,ASUS TUF Gaming B660M,Motherboard,ASUS,CUS0465,2022-01-17,13:39:09,2022,1,159.99,68,1,0.0,159.99,91.99,57.5,In-Store,Debit Card,Completed,Ana
1900,ORD00745,PRD043,NVIDIA RTX 4080 16GB,GPU,NVIDIA,CUS0465,2022-01-17,13:39:09,2022,1,1199.99,516,1,0.0,1199.99,683.99,57.0,Reseller,PIX,Completed,Ana
1901,ORD00745,PRD014,Corsair Vengeance 16GB DDR4,Memory,Corsair,CUS0465,2022-01-17,13:39:09,2022,1,59.99,25,1,0.05,56.99,33.24,58.3,Online,Boleto,Completed,Ana
1902,ORD00746,PRD051,be quiet! Straight Power 850W,PSU,be quiet!,CUS0484,2024-12-14,10:45:03,2024,12,169.99,73,1,0.1,152.99,87.29,57.1,Phone,PIX,Completed,Mariana
1903,ORD00746,PRD010,WD Blue 1TB HDD,Storage,WD,CUS0484,2024-12-14,10:45:03,2024,12,44.99,19,2,0.0,89.98,51.98,57.8,Online,Cash,Completed,Mariana
1904,ORD00747,PRD034,AMD Ryzen 5 7600X,Processor,AMD,CUS0231,2024-04-25,08:51:53,2024,4,249.99,107,1,0.25,187.49,107.24,57.2,In-Store,Credit Card,Completed,Gabriel
1905,ORD00747,PRD054,Noctua NH-U12S,Cooler,Noctua,CUS0231,2024-04-25,08:51:53,2024,4,69.99,30,1,0.25,52.49,29.99,57.1,Reseller,Cash,Completed,Gabriel
1906,ORD00747,PRD060,Thermaltake UX200 ARGB,Cooler,Thermaltake,CUS0231,2024-04-25,08:51:53,2024,4,34.99,15,1,0.0,34.99,19.99,57.1,Online,Cash,Completed,Gabriel
1907,ORD00747,PRD009,WD Black SN850 1TB,Storage,WD,CUS0231,2024-04-25,08:51:53,2024,4,109.99,47,1,0.1,98.99,56.69,57.3,Phone,PIX,Completed,Gabriel
1908,ORD00748,PRD018,G.Skill Trident Z5 64GB DDR5,Memory,G.Skill,CUS0198,2023-11-15,11:55:47,2023,11,289.99,124,2,0.05,550.98,315.38,57.2,In-Store,Credit Card,Completed,Alexandre
1909,ORD00749,PRD017,G.Skill Trident Z5 32GB DDR5,Memory,G.Skill,CUS0445,2024-11-13,21:00:43,2024,11,149.99,64,1,0.05,142.49,81.69,57.3,Phone,Cash,Completed,Leandro
1910,ORD00750,PRD013,Corsair Vengeance 8GB DDR4,Memory,Corsair,CUS0063,2024-09-24,08:38:56,2024,9,29.99,12,1,0.0,29.99,17.99,60.0,Marketplace,Cash,Completed,Leticia
1911,ORD00750,PRD043,NVIDIA RTX 4080 16GB,GPU,NVIDIA,CUS0063,2024-09-24,08:38:56,2024,9,1199.99,516,1,0.25,899.99,512.99,57.0,Phone,Credit Card,Completed,Leticia
1912,ORD00750,PRD005,Samsung 870 EVO 1TB,Storage,Samsung,CUS0063,2024-09-24,08:38:56,2024,9,129.99,56,1,0.15,110.49,62.89,56.9,Reseller,Credit Card,Completed,Leticia
1913,ORD00750,PRD049,Corsair RM850 Modular,PSU,Corsair,CUS0063,2024-09-24,08:38:56,2024,9,139.99,60,2,0.05,265.98,151.98,57.1,Marketplace,Cash,Completed,Leticia
1914,ORD00751,PRD039,NVIDIA RTX 3070 8GB,GPU,NVIDIA,CUS0335,2023-08-19,12:31:22,2023,8,499.99,215,2,0.2,799.98,455.98,57.0,Online,PIX,Completed,Priscila
1915,ORD00751,PRD060,Thermaltake UX200 ARGB,Cooler,Thermaltake,CUS0335,2023-08-19,12:31:22,2023,8,34.99,15,4,0.2,111.97,63.97,57.1,Marketplace,Bank Transfer,Completed,Priscila
1916,ORD00751,PRD048,Corsair RM750 Modular,PSU,Corsair,CUS0335,2023-08-19,12:31:22,2023,8,109.99,47,1,0.05,104.49,59.84,57.3,In-Store,Boleto,Completed,Priscila
1917,ORD00752,PRD026,Gigabyte B550 AORUS Elite,Motherboard,Gigabyte,CUS0299,2023-11-30,12:10:35,2023,11,169.99,72,1,0.0,169.99,97.99,57.6,In-Store,Boleto,Completed,Pedro
1918,ORD00752,PRD017,G.Skill Trident Z5 32GB DDR5,Memory,G.Skill,CUS0299,2023-11-30,12:10:35,2023,11,149.99,64,1,0.15,127.49,73.09,57.3,Marketplace,Boleto,Completed,Pedro
1919,ORD00752,PRD031,Intel Core i7-12700K,Processor,Intel,CUS0299,2023-11-30,12:10:35,2023,11,369.99,159,1,0.0,369.99,210.99,57.0,Reseller,PIX,Completed,Pedro
1920,ORD00752,PRD002,Kingston A400 480GB,Storage,Kingston,CUS0299,2023-11-30,12:10:35,2023,11,49.99,21,2,0.15,84.98,49.28,58.0,Reseller,Credit Card,Completed,Pedro
1921,ORD00753,PRD009,WD Black SN850 1TB,Storage,WD,CUS0206,2023-03-12,09:04:09,2023,3,109.99,47,2,0.05,208.98,119.68,57.3,Reseller,Cash,Completed,Diego
1922,ORD00754,PRD008,Samsung 970 EVO 2TB,Storage,Samsung,CUS0155,2022-11-09,16:20:28,2022,11,219.99,94,1,0.05,208.99,119.69,57.3,In-Store,Boleto,Completed,Ana
1923,ORD00754,PRD013,Corsair Vengeance 8GB DDR4,Memory,Corsair,CUS0155,2022-11-09,16:20:28,2022,11,29.99,12,1,0.0,29.99,17.99,60.0,In-Store,Cash,Completed,Ana
1924,ORD00754,PRD019,Kingston Fury Beast 16GB DDR4,Memory,Kingston,CUS0155,2022-11-09,16:20:28,2022,11,54.99,23,1,0.05,52.24,30.39,58.2,Marketplace,Debit Card,Completed,Ana
1925,ORD00754,PRD020,Kingston Fury Beast 32GB DDR4,Memory,Kingston,CUS0155,2022-11-09,16:20:28,2022,11,99.99,43,1,0.15,84.99,48.44,57.0,Reseller,Boleto,Completed,Ana
1926,ORD00755,PRD018,G.Skill Trident Z5 64GB DDR5,Memory,G.Skill,CUS0441,2024-12-31,22:45:50,2024,12,289.99,124,2,0.0,579.98,331.98,57.2,Reseller,Bank Transfer,Completed,Rodrigo
1927,ORD00755,PRD023,ASUS TUF Gaming B660M,Motherboard,ASUS,CUS0441,2024-12-31,22:45:50,2024,12,159.99,68,1,0.2,127.99,73.59,57.5,In-Store,Bank Transfer,Completed,Rodrigo
1928,ORD00756,PRD055,Corsair H100i RGB 240mm,Cooler,Corsair,CUS0282,2022-01-29,17:32:10,2022,1,129.99,56,1,0.0,129.99,73.99,56.9,Online,Boleto,Completed,Alexandre
1929,ORD00757,PRD009,WD Black SN850 1TB,Storage,WD,CUS0271,2024-07-11,19:37:09,2024,7,109.99,47,1,0.15,93.49,53.54,57.3,Online,Bank Transfer,Completed,Thiago
1930,ORD00757,PRD039,NVIDIA RTX 3070 8GB,GPU,NVIDIA,CUS0271,2024-07-11,19:37:09,2024,7,499.99,215,2,0.0,999.98,569.98,57.0,In-Store,Bank Transfer,Completed,Thiago
1931,ORD00757,PRD014,Corsair Vengeance 16GB DDR4,Memory,Corsair,CUS0271,2024-07-11,19:37:09,2024,7,59.99,25,2,0.0,119.98,69.98,58.3,In-Store,Debit Card,Completed,Thiago
1932,ORD00757,PRD007,Samsung 970 EVO 1TB,Storage,Samsung,CUS0271,2024-07-11,19:37:09,2024,7,119.99,51,2,0.0,239.98,137.98,57.5,Phone,Boleto,Completed,Thiago
1933,ORD00758,PRD027,Gigabyte Z790 AORUS Master,Motherboard,Gigabyte,CUS0190,2023-06-08,11:25:05,2023,6,449.99,193,1,0.0,449.99,256.99,57.1,Online,Debit Card,Completed,Henrique
1934,ORD00758,PRD028,Intel Core i3-12100,Processor,Intel,CUS0190,2023-06-08,11:25:05,2023,6,119.99,51,2,0.05,227.98,131.08,57.5,Marketplace,Credit Card,Completed,Henrique
1935,ORD00759,PRD017,G.Skill Trident Z5 32GB DDR5,Memory,G.Skill,CUS0168,2024-01-31,14:21:32,2024,1,149.99,64,1,0.0,149.99,85.99,57.3,Reseller,PIX,Completed,Natalia
1936,ORD00759,PRD058,DeepCool AK620,Cooler,DeepCool,CUS0168,2024-01-31,14:21:32,2024,1,54.99,23,1,0.15,46.74,27.19,58.2,Marketplace,Debit Card,Completed,Natalia
1937,ORD00759,PRD044,AMD RX 6600 8GB,GPU,AMD,CUS0168,2024-01-31,14:21:32,2024,1,289.99,124,1,0.0,289.99,165.99,57.2,In-Store,Cash,Completed,Natalia
1938,ORD00760,PRD011,Seagate Barracuda 2TB,Storage,Seagate,CUS0370,2024-07-16,11:13:16,2024,7,54.99,23,1,0.05,52.24,30.39,58.2,Reseller,Credit Card,Completed,Monica
1939,ORD00760,PRD013,Corsair Vengeance 8GB DDR4,Memory,Corsair,CUS0370,2024-07-16,11:13:16,2024,7,29.99,12,1,0.2,23.99,14.39,60.0,Phone,Credit Card,Completed,Monica
1940,ORD00760,PRD058,DeepCool AK620,Cooler,DeepCool,CUS0370,2024-07-16,11:13:16,2024,7,54.99,23,1,0.25,41.24,23.99,58.2,In-Store,Credit Card,Completed,Monica
1941,ORD00760,PRD001,Kingston A400 240GB,Storage,Kingston,CUS0370,2024-07-16,11:13:16,2024,7,29.99,13,3,0.05,85.47,48.42,56.7,In-Store,Bank Transfer,Completed,Monica
1942,ORD00761,PRD054,Noctua NH-U12S,Cooler,Noctua,CUS0095,2024-05-03,15:14:57,2024,5,69.99,30,1,0.0,69.99,39.99,57.1,In-Store,Credit Card,Completed,Rafael
1943,ORD00762,PRD033,AMD Ryzen 5 5600X,Processor,AMD,CUS0468,2022-11-26,13:55:31,2022,11,229.99,98,1,0.05,218.49,125.39,57.4,In-Store,Cash,Completed,Carlos
1944,ORD00762,PRD027,Gigabyte Z790 AORUS Master,Motherboard,Gigabyte,CUS0468,2022-11-26,13:55:31,2022,11,449.99,193,3,0.0,1349.97,770.97,57.1,Online,Bank Transfer,Completed,Carlos
1945,ORD00762,PRD059,Cooler Master Hyper 212,Cooler,Cooler Master,CUS0468,2022-11-26,13:55:31,2022,11,39.99,17,1,0.15,33.99,19.54,57.5,Online,Debit Card,Completed,Carlos
1946,ORD00763,PRD027,Gigabyte Z790 AORUS Master,Motherboard,Gigabyte,CUS0190,2022-08-13,16:21:01,2022,8,449.99,193,1,0.0,449.99,256.99,57.1,Marketplace,Bank Transfer,Completed,Henrique
1947,ORD00763,PRD053,Noctua NH-D15,Cooler,Noctua,CUS0190,2022-08-13,16:21:01,2022,8,99.99,43,1,0.05,94.99,54.14,57.0,Phone,Cash,Completed,Henrique
1948,ORD00764,PRD011,Seagate Barracuda 2TB,Storage,Seagate,CUS0244,2024-07-07,20:41:40,2024,7,54.99,23,4,0.05,208.96,121.56,58.2,Online,Debit Card,Completed,Roberto
1949,ORD00765,PRD050,EVGA SuperNOVA 650W,PSU,EVGA,CUS0205,2024-08-15,14:25:53,2024,8,89.99,38,1,0.05,85.49,49.39,57.8,Reseller,Credit Card,Completed,Leonardo
1950,ORD00766,PRD012,Seagate Barracuda 4TB,Storage,Seagate,CUS0405,2023-09-19,09:38:07,2023,9,89.99,38,1,0.0,89.99,51.99,57.8,In-Store,Debit Card,Completed,Vanessa
1951,ORD00766,PRD024,MSI MAG B550M MORTAR,Motherboard,MSI,CUS0405,2023-09-19,09:38:07,2023,9,129.99,55,4,0.0,519.96,299.96,57.7,Marketplace,Bank Transfer,Completed,Vanessa
1952,ORD00767,PRD026,Gigabyte B550 AORUS Elite,Motherboard,Gigabyte,CUS0314,2024-09-20,19:16:27,2024,9,169.99,72,1,0.1,152.99,88.19,57.6,Online,Cash,Completed,Isabela
1953,ORD00768,PRD045,AMD RX 6700 XT 12GB,GPU,AMD,CUS0473,2023-10-23,17:34:41,2023,10,399.99,172,2,0.0,799.98,455.98,57.0,In-Store,Debit Card,Completed,Carlos
1954,ORD00768,PRD015,Corsair Vengeance 32GB DDR4,Memory,Corsair,CUS0473,2023-10-23,17:34:41,2023,10,109.99,47,1,0.05,104.49,59.84,57.3,Phone,Cash,Completed,Carlos
1955,ORD00768,PRD005,Samsung 870 EVO 1TB,Storage,Samsung,CUS0473,2023-10-23,17:34:41,2023,10,129.99,56,1,0.0,129.99,73.99,56.9,Marketplace,Cash,Completed,Carlos
1956,ORD00769,PRD038,NVIDIA RTX 3060 12GB,GPU,NVIDIA,CUS0282,2023-11-08,17:14:12,2023,11,329.99,141,1,0.25,247.49,141.74,57.3,Reseller,Credit Card,Completed,Alexandre
1957,ORD00770,PRD007,Samsung 970 EVO 1TB,Storage,Samsung,CUS0184,2024-09-06,09:06:19,2024,9,119.99,51,1,0.0,119.99,68.99,57.5,Phone,Bank Transfer,Completed,André
1958,ORD00770,PRD027,Gigabyte Z790 AORUS Master,Motherboard,Gigabyte,CUS0184,2024-09-06,09:06:19,2024,9,449.99,193,2,0.0,899.98,513.98,57.1,Phone,Cash,Completed,André
1959,ORD00771,PRD048,Corsair RM750 Modular,PSU,Corsair,CUS0296,2023-06-06,21:49:27,2023,6,109.99,47,4,0.2,351.97,201.57,57.3,In-Store,Boleto,Completed,Eduardo
1960,ORD00771,PRD025,MSI PRO Z690-A,Motherboard,MSI,CUS0296,2023-06-06,21:49:27,2023,6,189.99,81,2,0.0,379.98,217.98,57.4,Reseller,Boleto,Completed,Eduardo
1961,ORD00771,PRD055,Corsair H100i RGB 240mm,Cooler,Corsair,CUS0296,2023-06-06,21:49:27,2023,6,129.99,56,3,0.05,370.47,210.87,56.9,Reseller,PIX,Completed,Eduardo
1962,ORD00772,PRD049,Corsair RM850 Modular,PSU,Corsair,CUS0092,2023-02-01,20:11:25,2023,2,139.99,60,1,0.05,132.99,75.99,57.1,Reseller,Debit Card,Completed,Paulo
1963,ORD00772,PRD021,ASUS ROG Strix B550-F,Motherboard,ASUS,CUS0092,2023-02-01,20:11:25,2023,2,219.99,94,2,0.0,439.98,251.98,57.3,In-Store,PIX,Completed,Paulo
1964,ORD00772,PRD017,G.Skill Trident Z5 32GB DDR5,Memory,G.Skill,CUS0092,2023-02-01,20:11:25,2023,2,149.99,64,1,0.0,149.99,85.99,57.3,Online,Cash,Completed,Paulo
1965,ORD00773,PRD008,Samsung 970 EVO 2TB,Storage,Samsung,CUS0413,2022-11-08,14:04:34,2022,11,219.99,94,1,0.15,186.99,107.09,57.3,Reseller,Boleto,Completed,Roberto
1966,ORD00773,PRD035,AMD Ryzen 7 5800X3D,Processor,AMD,CUS0413,2022-11-08,14:04:34,2022,11,349.99,150,1,0.05,332.49,189.99,57.1,Online,Boleto,Completed,Roberto
1967,ORD00773,PRD046,AMD RX 7900 XTX 24GB,GPU,AMD,CUS0413,2022-11-08,14:04:34,2022,11,999.99,430,1,0.1,899.99,512.99,57.0,Online,PIX,Completed,Roberto
1968,ORD00774,PRD039,NVIDIA RTX 3070 8GB,GPU,NVIDIA,CUS0489,2022-10-11,21:11:26,2022,10,499.99,215,1,0.2,399.99,227.99,57.0,Online,Bank Transfer,Completed,Carlos
1969,ORD00774,PRD050,EVGA SuperNOVA 650W,PSU,EVGA,CUS0489,2022-10-11,21:11:26,2022,10,89.99,38,1,0.0,89.99,51.99,57.8,Phone,PIX,Completed,Carlos
1970,ORD00775,PRD051,be quiet! Straight Power 850W,PSU,be quiet!,CUS0024,2024-09-30,13:16:43,2024,9,169.99,73,1,0.1,152.99,87.29,57.1,Marketplace,Bank Transfer,Completed,Ana
1971,ORD00775,PRD009,WD Black SN850 1TB,Storage,WD,CUS0024,2024-09-30,13:16:43,2024,9,109.99,47,1,0.15,93.49,53.54,57.3,In-Store,Debit Card,Completed,Ana
1972,ORD00775,PRD011,Seagate Barracuda 2TB,Storage,Seagate,CUS0024,2024-09-30,13:16:43,2024,9,54.99,23,1,0.0,54.99,31.99,58.2,In-Store,Debit Card,Completed,Ana
1973,ORD00775,PRD042,NVIDIA RTX 4070 12GB,GPU,NVIDIA,CUS0024,2024-09-30,13:16:43,2024,9,599.99,258,1,0.2,479.99,273.59,57.0,Online,PIX,Completed,Ana
1974,ORD00776,PRD051,be quiet! Straight Power 850W,PSU,be quiet!,CUS0419,2024-08-15,22:16:01,2024,8,169.99,73,3,0.1,458.97,261.87,57.1,Marketplace,PIX,Completed,Daniela
1975,ORD00776,PRD013,Corsair Vengeance 8GB DDR4,Memory,Corsair,CUS0419,2024-08-15,22:16:01,2024,8,29.99,12,1,0.05,28.49,17.09,60.0,Reseller,Credit Card,Completed,Daniela
1976,ORD00776,PRD029,Intel Core i5-12400,Processor,Intel,CUS0419,2024-08-15,22:16:01,2024,8,199.99,86,1,0.0,199.99,113.99,57.0,Reseller,PIX,Completed,Daniela
1977,ORD00776,PRD041,NVIDIA RTX 4060 8GB,GPU,NVIDIA,CUS0419,2024-08-15,22:16:01,2024,8,299.99,129,2,0.0,599.98,341.98,57.0,Phone,PIX,Completed,Daniela
1978,ORD00777,PRD058,DeepCool AK620,Cooler,DeepCool,CUS0025,2024-06-24,19:02:43,2024,6,54.99,23,1,0.0,54.99,31.99,58.2,Reseller,Debit Card,Completed,Eduardo
1979,ORD00777,PRD041,NVIDIA RTX 4060 8GB,GPU,NVIDIA,CUS0025,2024-06-24,19:02:43,2024,6,299.99,129,1,0.0,299.99,170.99,57.0,Reseller,PIX,Completed,Eduardo
1980,ORD00777,PRD045,AMD RX 6700 XT 12GB,GPU,AMD,CUS0025,2024-06-24,19:02:43,2024,6,399.99,172,2,0.0,799.98,455.98,57.0,Marketplace,Bank Transfer,Completed,Eduardo
1981,ORD00777,PRD030,Intel Core i5-13600K,Processor,Intel,CUS0025,2024-06-24,19:02:43,2024,6,279.99,120,1,0.0,279.99,159.99,57.1,Marketplace,Cash,Completed,Eduardo
1982,ORD00778,PRD003,Kingston A400 960GB,Storage,Kingston,CUS0414,2023-12-10,14:31:52,2023,12,89.99,38,1,0.0,89.99,51.99,57.8,Reseller,Bank Transfer,Completed,Juliana
1983,ORD00778,PRD057,NZXT Kraken X73 360mm,Cooler,NZXT,CUS0414,2023-12-10,14:31:52,2023,12,189.99,81,1,0.0,189.99,108.99,57.4,In-Store,Bank Transfer,Completed,Juliana
1984,ORD00778,PRD025,MSI PRO Z690-A,Motherboard,MSI,CUS0414,2023-12-10,14:31:52,2023,12,189.99,81,2,0.15,322.98,185.28,57.4,Reseller,Boleto,Completed,Juliana
1985,ORD00779,PRD028,Intel Core i3-12100,Processor,Intel,CUS0089,2022-07-23,10:53:08,2022,7,119.99,51,1,0.25,89.99,51.74,57.5,Online,PIX,Completed,Patricia
1986,ORD00779,PRD046,AMD RX 7900 XTX 24GB,GPU,AMD,CUS0089,2022-07-23,10:53:08,2022,7,999.99,430,2,0.05,1899.98,1082.98,57.0,Online,Cash,Completed,Patricia
1987,ORD00780,PRD007,Samsung 970 EVO 1TB,Storage,Samsung,CUS0431,2024-01-28,13:00:58,2024,1,119.99,51,1,0.15,101.99,58.64,57.5,Phone,Cash,Completed,Natalia
1988,ORD00781,PRD024,MSI MAG B550M MORTAR,Motherboard,MSI,CUS0116,2022-12-13,22:36:02,2022,12,129.99,55,1,0.0,129.99,74.99,57.7,Reseller,Boleto,Completed,Monica
1989,ORD00782,PRD011,Seagate Barracuda 2TB,Storage,Seagate,CUS0284,2024-07-20,18:05:30,2024,7,54.99,23,1,0.0,54.99,31.99,58.2,Reseller,Cash,Completed,João
1990,ORD00783,PRD045,AMD RX 6700 XT 12GB,GPU,AMD,CUS0390,2023-07-26,15:19:39,2023,7,399.99,172,1,0.15,339.99,193.79,57.0,In-Store,Boleto,Completed,Gabriel
1991,ORD00783,PRD019,Kingston Fury Beast 16GB DDR4,Memory,Kingston,CUS0390,2023-07-26,15:19:39,2023,7,54.99,23,1,0.0,54.99,31.99,58.2,Online,Cash,Completed,Gabriel
1992,ORD00784,PRD002,Kingston A400 480GB,Storage,Kingston,CUS0362,2023-01-20,22:54:43,2023,1,49.99,21,1,0.0,49.99,28.99,58.0,In-Store,Credit Card,Completed,Fernanda
1993,ORD00784,PRD034,AMD Ryzen 5 7600X,Processor,AMD,CUS0362,2023-01-20,22:54:43,2023,1,249.99,107,1,0.2,199.99,114.39,57.2,Reseller,PIX,Completed,Fernanda
1994,ORD00785,PRD052,Thermaltake Toughpower 1000W,PSU,Thermaltake,CUS0368,2024-09-07,12:51:18,2024,9,189.99,81,2,0.1,341.98,196.18,57.4,Marketplace,Debit Card,Completed,Mariana
1995,ORD00785,PRD023,ASUS TUF Gaming B660M,Motherboard,ASUS,CUS0368,2024-09-07,12:51:18,2024,9,159.99,68,2,0.1,287.98,165.58,57.5,Marketplace,Debit Card,Completed,Mariana
1996,ORD00785,PRD050,EVGA SuperNOVA 650W,PSU,EVGA,CUS0368,2024-09-07,12:51:18,2024,9,89.99,38,3,0.0,269.97,155.97,57.8,Online,Bank Transfer,Completed,Mariana
1997,ORD00786,PRD060,Thermaltake UX200 ARGB,Cooler,Thermaltake,CUS0374,2023-04-10,11:39:24,2023,4,34.99,15,1,0.0,34.99,19.99,57.1,Reseller,Credit Card,Completed,Viviane
1998,ORD00786,PRD053,Noctua NH-D15,Cooler,Noctua,CUS0374,2023-04-10,11:39:24,2023,4,99.99,43,1,0.05,94.99,54.14,57.0,Marketplace,Credit Card,Completed,Viviane
1999,ORD00786,PRD001,Kingston A400 240GB,Storage,Kingston,CUS0374,2023-04-10,11:39:24,2023,4,29.99,13,3,0.1,80.97,45.87,56.7,Online,Boleto,Completed,Viviane
2000,ORD00786,PRD010,WD Blue 1TB HDD,Storage,WD,CUS0374,2023-04-10,11:39:24,2023,4,44.99,19,1,0.0,44.99,25.99,57.8,In-Store,Credit Card,Completed,Viviane
2001,ORD00787,PRD049,Corsair RM850 Modular,PSU,Corsair,CUS0051,2023-07-24,09:41:37,2023,7,139.99,60,1,0.0,139.99,79.99,57.1,Marketplace,Bank Transfer,Completed,Renata
2002,ORD00787,PRD004,Samsung 870 EVO 500GB,Storage,Samsung,CUS0051,2023-07-24,09:41:37,2023,7,79.99,34,1,0.0,79.99,45.99,57.5,Phone,Cash,Completed,Renata
2003,ORD00787,PRD027,Gigabyte Z790 AORUS Master,Motherboard,Gigabyte,CUS0051,2023-07-24,09:41:37,2023,7,449.99,193,2,0.05,854.98,488.28,57.1,Online,Debit Card,Completed,Renata
2004,ORD00788,PRD033,AMD Ryzen 5 5600X,Processor,AMD,CUS0388,2024-12-01,15:27:38,2024,12,229.99,98,1,0.1,206.99,118.79,57.4,Phone,Bank Transfer,Completed,Aline
2005,ORD00788,PRD028,Intel Core i3-12100,Processor,Intel,CUS0388,2024-12-01,15:27:38,2024,12,119.99,51,1,0.0,119.99,68.99,57.5,Phone,Bank Transfer,Completed,Aline
2006,ORD00788,PRD040,NVIDIA RTX 3080 10GB,GPU,NVIDIA,CUS0388,2024-12-01,15:27:38,2024,12,699.99,301,1,0.0,699.99,398.99,57.0,Marketplace,Cash,Completed,Aline
2007,ORD00789,PRD057,NZXT Kraken X73 360mm,Cooler,NZXT,CUS0408,2024-12-24,15:50:17,2024,12,189.99,81,2,0.0,379.98,217.98,57.4,Reseller,Boleto,Completed,Claudia
2008,ORD00789,PRD029,Intel Core i5-12400,Processor,Intel,CUS0408,2024-12-24,15:50:17,2024,12,199.99,86,1,0.05,189.99,108.29,57.0,Phone,Bank Transfer,Completed,Claudia
2009,ORD00789,PRD053,Noctua NH-D15,Cooler,Noctua,CUS0408,2024-12-24,15:50:17,2024,12,99.99,43,1,0.0,99.99,56.99,57.0,Reseller,Boleto,Completed,Claudia
2010,ORD00789,PRD004,Samsung 870 EVO 500GB,Storage,Samsung,CUS0408,2024-12-24,15:50:17,2024,12,79.99,34,1,0.15,67.99,39.09,57.5,Marketplace,Cash,Completed,Claudia
2011,ORD00790,PRD028,Intel Core i3-12100,Processor,Intel,CUS0156,2024-05-12,12:59:15,2024,5,119.99,51,1,0.0,119.99,68.99,57.5,Online,Debit Card,Completed,Alexandre
2012,ORD00790,PRD056,Corsair H150i Elite 360mm,Cooler,Corsair,CUS0156,2024-05-12,12:59:15,2024,5,169.99,73,1,0.0,169.99,96.99,57.1,Reseller,Credit Card,Completed,Alexandre
2013,ORD00790,PRD018,G.Skill Trident Z5 64GB DDR5,Memory,G.Skill,CUS0156,2024-05-12,12:59:15,2024,5,289.99,124,1,0.05,275.49,157.69,57.2,In-Store,Credit Card,Completed,Alexandre
2014,ORD00790,PRD022,ASUS ROG Strix Z690-A,Motherboard,ASUS,CUS0156,2024-05-12,12:59:15,2024,5,319.99,137,2,0.2,511.98,292.78,57.2,Phone,Credit Card,Completed,Alexandre
2015,ORD00791,PRD020,Kingston Fury Beast 32GB DDR4,Memory,Kingston,CUS0037,2023-08-20,22:57:17,2023,8,99.99,43,2,0.05,189.98,108.28,57.0,Marketplace,PIX,Completed,Leandro
2016,ORD00791,PRD026,Gigabyte B550 AORUS Elite,Motherboard,Gigabyte,CUS0037,2023-08-20,22:57:17,2023,8,169.99,72,1,0.1,152.99,88.19,57.6,Online,PIX,Completed,Leandro
2017,ORD00792,PRD007,Samsung 970 EVO 1TB,Storage,Samsung,CUS0497,2023-09-29,15:20:38,2023,9,119.99,51,1,0.0,119.99,68.99,57.5,Marketplace,Bank Transfer,Completed,Priscila
2018,ORD00792,PRD016,G.Skill Trident Z5 16GB DDR5,Memory,G.Skill,CUS0497,2023-09-29,15:20:38,2023,9,79.99,34,1,0.1,71.99,41.39,57.5,Online,Boleto,Completed,Priscila
2019,ORD00792,PRD056,Corsair H150i Elite 360mm,Cooler,Corsair,CUS0497,2023-09-29,15:20:38,2023,9,169.99,73,1,0.0,169.99,96.99,57.1,Marketplace,PIX,Completed,Priscila
2020,ORD00792,PRD001,Kingston A400 240GB,Storage,Kingston,CUS0497,2023-09-29,15:20:38,2023,9,29.99,13,1,0.0,29.99,16.99,56.7,In-Store,Bank Transfer,Completed,Priscila
2021,ORD00793,PRD022,ASUS ROG Strix Z690-A,Motherboard,ASUS,CUS0372,2024-06-07,16:41:16,2024,6,319.99,137,2,0.0,639.98,365.98,57.2,In-Store,Debit Card,Completed,Priscila
2022,ORD00793,PRD007,Samsung 970 EVO 1TB,Storage,Samsung,CUS0372,2024-06-07,16:41:16,2024,6,119.99,51,2,0.0,239.98,137.98,57.5,In-Store,Debit Card,Completed,Priscila
2023,ORD00793,PRD033,AMD Ryzen 5 5600X,Processor,AMD,CUS0372,2024-06-07,16:41:16,2024,6,229.99,98,2,0.1,413.98,237.58,57.4,In-Store,Cash,Completed,Priscila
2024,ORD00793,PRD021,ASUS ROG Strix B550-F,Motherboard,ASUS,CUS0372,2024-06-07,16:41:16,2024,6,219.99,94,3,0.0,659.97,377.97,57.3,In-Store,Bank Transfer,Completed,Priscila
2025,ORD00794,PRD026,Gigabyte B550 AORUS Elite,Motherboard,Gigabyte,CUS0031,2022-12-08,12:08:54,2022,12,169.99,72,2,0.0,339.98,195.98,57.6,In-Store,Credit Card,Completed,Leticia
2026,ORD00795,PRD001,Kingston A400 240GB,Storage,Kingston,CUS0023,2023-02-20,09:35:36,2023,2,29.99,13,1,0.0,29.99,16.99,56.7,Marketplace,Cash,Completed,Cristina
2027,ORD00795,PRD042,NVIDIA RTX 4070 12GB,GPU,NVIDIA,CUS0023,2023-02-20,09:35:36,2023,2,599.99,258,1,0.0,599.99,341.99,57.0,Reseller,Boleto,Completed,Cristina
2028,ORD00795,PRD036,AMD Ryzen 9 5900X,Processor,AMD,CUS0023,2023-02-20,09:35:36,2023,2,449.99,193,2,0.1,809.98,462.58,57.1,Online,Cash,Completed,Cristina
2029,ORD00796,PRD006,Samsung 970 EVO 500GB,Storage,Samsung,CUS0139,2023-12-28,19:00:01,2023,12,69.99,29,1,0.0,69.99,40.99,58.6,Phone,Boleto,Completed,Ana
2030,ORD00797,PRD004,Samsung 870 EVO 500GB,Storage,Samsung,CUS0199,2024-05-09,18:26:50,2024,5,79.99,34,1,0.25,59.99,34.49,57.5,In-Store,Boleto,Completed,Leonardo
2031,ORD00797,PRD043,NVIDIA RTX 4080 16GB,GPU,NVIDIA,CUS0199,2024-05-09,18:26:50,2024,5,1199.99,516,1,0.0,1199.99,683.99,57.0,In-Store,Cash,Completed,Leonardo
2032,ORD00797,PRD018,G.Skill Trident Z5 64GB DDR5,Memory,G.Skill,CUS0199,2024-05-09,18:26:50,2024,5,289.99,124,1,0.05,275.49,157.69,57.2,In-Store,Boleto,Completed,Leonardo
2033,ORD00797,PRD058,DeepCool AK620,Cooler,DeepCool,CUS0199,2024-05-09,18:26:50,2024,5,54.99,23,3,0.2,131.98,76.78,58.2,In-Store,Cash,Completed,Leonardo
2034,ORD00798,PRD040,NVIDIA RTX 3080 10GB,GPU,NVIDIA,CUS0381,2024-11-30,11:41:43,2024,11,699.99,301,1,0.0,699.99,398.99,57.0,Marketplace,PIX,Completed,Matheus
2035,ORD00798,PRD014,Corsair Vengeance 16GB DDR4,Memory,Corsair,CUS0381,2024-11-30,11:41:43,2024,11,59.99,25,1,0.05,56.99,33.24,58.3,Reseller,Boleto,Completed,Matheus
2036,ORD00798,PRD019,Kingston Fury Beast 16GB DDR4,Memory,Kingston,CUS0381,2024-11-30,11:41:43,2024,11,54.99,23,1,0.0,54.99,31.99,58.2,Online,Boleto,Completed,Matheus
2037,ORD00798,PRD016,G.Skill Trident Z5 16GB DDR5,Memory,G.Skill,CUS0381,2024-11-30,11:41:43,2024,11,79.99,34,1,0.1,71.99,41.39,57.5,Marketplace,Cash,Completed,Matheus
2038,ORD00799,PRD046,AMD RX 7900 XTX 24GB,GPU,AMD,CUS0096,2024-09-06,13:45:58,2024,9,999.99,430,1,0.1,899.99,512.99,57.0,Phone,Cash,Completed,Natalia
2039,ORD00799,PRD047,Corsair RM650 Modular,PSU,Corsair,CUS0096,2024-09-06,13:45:58,2024,9,89.99,38,2,0.0,179.98,103.98,57.8,Phone,Bank Transfer,Completed,Natalia
2040,ORD00799,PRD044,AMD RX 6600 8GB,GPU,AMD,CUS0096,2024-09-06,13:45:58,2024,9,289.99,124,2,0.0,579.98,331.98,57.2,Online,Bank Transfer,Completed,Natalia
2041,ORD00800,PRD027,Gigabyte Z790 AORUS Master,Motherboard,Gigabyte,CUS0312,2022-09-23,13:20:52,2022,9,449.99,193,2,0.0,899.98,513.98,57.1,Marketplace,Credit Card,Completed,Daniela
2042,ORD00800,PRD016,G.Skill Trident Z5 16GB DDR5,Memory,G.Skill,CUS0312,2022-09-23,13:20:52,2022,9,79.99,34,1,0.0,79.99,45.99,57.5,Online,Cash,Completed,Daniela
2043,ORD00800,PRD060,Thermaltake UX200 ARGB,Cooler,Thermaltake,CUS0312,2022-09-23,13:20:52,2022,9,34.99,15,1,0.0,34.99,19.99,57.1,In-Store,Credit Card,Completed,Daniela
2044,ORD00800,PRD030,Intel Core i5-13600K,Processor,Intel,CUS0312,2022-09-23,13:20:52,2022,9,279.99,120,2,0.05,531.98,303.98,57.1,In-Store,Credit Card,Completed,Daniela
2045,ORD00801,PRD059,Cooler Master Hyper 212,Cooler,Cooler Master,CUS0434,2023-10-16,18:44:37,2023,10,39.99,17,1,0.0,39.99,22.99,57.5,Phone,Debit Card,Completed,Adriana
2046,ORD00801,PRD047,Corsair RM650 Modular,PSU,Corsair,CUS0434,2023-10-16,18:44:37,2023,10,89.99,38,1,0.05,85.49,49.39,57.8,Phone,Bank Transfer,Completed,Adriana
2047,ORD00802,PRD047,Corsair RM650 Modular,PSU,Corsair,CUS0064,2022-12-02,12:25:14,2022,12,89.99,38,1,0.1,80.99,46.79,57.8,Reseller,Credit Card,Completed,Gabriel
2048,ORD00802,PRD058,DeepCool AK620,Cooler,DeepCool,CUS0064,2022-12-02,12:25:14,2022,12,54.99,23,1,0.0,54.99,31.99,58.2,Marketplace,Credit Card,Completed,Gabriel
2049,ORD00803,PRD014,Corsair Vengeance 16GB DDR4,Memory,Corsair,CUS0310,2023-05-29,22:40:45,2023,5,59.99,25,1,0.2,47.99,27.99,58.3,In-Store,Credit Card,Completed,Leonardo
2050,ORD00803,PRD018,G.Skill Trident Z5 64GB DDR5,Memory,G.Skill,CUS0310,2023-05-29,22:40:45,2023,5,289.99,124,1,0.0,289.99,165.99,57.2,In-Store,PIX,Completed,Leonardo
2051,ORD00804,PRD044,AMD RX 6600 8GB,GPU,AMD,CUS0003,2024-04-08,20:25:11,2024,4,289.99,124,3,0.0,869.97,497.97,57.2,Reseller,PIX,Completed,Priscila
2052,ORD00804,PRD011,Seagate Barracuda 2TB,Storage,Seagate,CUS0003,2024-04-08,20:25:11,2024,4,54.99,23,4,0.0,219.96,127.96,58.2,Phone,Cash,Completed,Priscila
2053,ORD00804,PRD034,AMD Ryzen 5 7600X,Processor,AMD,CUS0003,2024-04-08,20:25:11,2024,4,249.99,107,1,0.0,249.99,142.99,57.2,Marketplace,Bank Transfer,Completed,Priscila
2054,ORD00804,PRD015,Corsair Vengeance 32GB DDR4,Memory,Corsair,CUS0003,2024-04-08,20:25:11,2024,4,109.99,47,1,0.1,98.99,56.69,57.3,Reseller,Credit Card,Completed,Priscila
2055,ORD00805,PRD037,AMD Ryzen 9 7900X,Processor,AMD,CUS0268,2024-02-05,20:42:35,2024,2,549.99,236,1,0.1,494.99,282.59,57.1,Online,PIX,Completed,Tatiana
2056,ORD00806,PRD017,G.Skill Trident Z5 32GB DDR5,Memory,G.Skill,CUS0126,2023-08-17,10:06:19,2023,8,149.99,64,1,0.05,142.49,81.69,57.3,Reseller,Debit Card,Completed,Vanessa
2057,ORD00807,PRD009,WD Black SN850 1TB,Storage,WD,CUS0406,2024-09-13,19:53:31,2024,9,109.99,47,2,0.1,197.98,113.38,57.3,Marketplace,PIX,Completed,Fabio
2058,ORD00807,PRD020,Kingston Fury Beast 32GB DDR4,Memory,Kingston,CUS0406,2024-09-13,19:53:31,2024,9,99.99,43,4,0.15,339.97,193.77,57.0,Reseller,PIX,Completed,Fabio
2059,ORD00808,PRD037,AMD Ryzen 9 7900X,Processor,AMD,CUS0140,2024-02-21,19:29:08,2024,2,549.99,236,3,0.1,1484.97,847.77,57.1,Marketplace,Debit Card,Completed,Marcelo
2060,ORD00808,PRD038,NVIDIA RTX 3060 12GB,GPU,NVIDIA,CUS0140,2024-02-21,19:29:08,2024,2,329.99,141,1,0.0,329.99,188.99,57.3,In-Store,Credit Card,Completed,Marcelo
2061,ORD00808,PRD050,EVGA SuperNOVA 650W,PSU,EVGA,CUS0140,2024-02-21,19:29:08,2024,2,89.99,38,3,0.1,242.97,140.37,57.8,In-Store,PIX,Completed,Marcelo
2062,ORD00808,PRD044,AMD RX 6600 8GB,GPU,AMD,CUS0140,2024-02-21,19:29:08,2024,2,289.99,124,1,0.0,289.99,165.99,57.2,Phone,Cash,Completed,Marcelo
2063,ORD00809,PRD001,Kingston A400 240GB,Storage,Kingston,CUS0234,2024-01-19,20:49:07,2024,1,29.99,13,2,0.05,56.98,32.28,56.7,In-Store,Boleto,Completed,Pedro
2064,ORD00810,PRD013,Corsair Vengeance 8GB DDR4,Memory,Corsair,CUS0266,2023-02-23,16:00:55,2023,2,29.99,12,1,0.05,28.49,17.09,60.0,In-Store,Debit Card,Completed,Juliana
2065,ORD00810,PRD045,AMD RX 6700 XT 12GB,GPU,AMD,CUS0266,2023-02-23,16:00:55,2023,2,399.99,172,2,0.0,799.98,455.98,57.0,Online,Cash,Completed,Juliana
2066,ORD00810,PRD007,Samsung 970 EVO 1TB,Storage,Samsung,CUS0266,2023-02-23,16:00:55,2023,2,119.99,51,2,0.1,215.98,124.18,57.5,Reseller,Credit Card,Completed,Juliana
2067,ORD00810,PRD044,AMD RX 6600 8GB,GPU,AMD,CUS0266,2023-02-23,16:00:55,2023,2,289.99,124,1,0.15,246.49,141.09,57.2,Online,Bank Transfer,Completed,Juliana
2068,ORD00811,PRD054,Noctua NH-U12S,Cooler,Noctua,CUS0290,2022-04-12,21:02:06,2022,4,69.99,30,1,0.1,62.99,35.99,57.1,Online,Debit Card,Completed,Felipe
2069,ORD00812,PRD048,Corsair RM750 Modular,PSU,Corsair,CUS0228,2023-11-22,17:16:33,2023,11,109.99,47,3,0.1,296.97,170.07,57.3,Marketplace,Cash,Completed,Eduardo
2070,ORD00813,PRD009,WD Black SN850 1TB,Storage,WD,CUS0202,2023-12-30,14:30:15,2023,12,109.99,47,1,0.05,104.49,59.84,57.3,In-Store,Boleto,Completed,Aline
2071,ORD00813,PRD026,Gigabyte B550 AORUS Elite,Motherboard,Gigabyte,CUS0202,2023-12-30,14:30:15,2023,12,169.99,72,2,0.0,339.98,195.98,57.6,In-Store,Boleto,Completed,Aline
2072,ORD00814,PRD037,AMD Ryzen 9 7900X,Processor,AMD,CUS0054,2024-05-24,21:59:35,2024,5,549.99,236,4,0.0,2199.96,1255.96,57.1,Online,Debit Card,Completed,Renata
2073,ORD00814,PRD031,Intel Core i7-12700K,Processor,Intel,CUS0054,2024-05-24,21:59:35,2024,5,369.99,159,2,0.0,739.98,421.98,57.0,Reseller,Boleto,Completed,Renata
2074,ORD00814,PRD024,MSI MAG B550M MORTAR,Motherboard,MSI,CUS0054,2024-05-24,21:59:35,2024,5,129.99,55,1,0.0,129.99,74.99,57.7,Reseller,Debit Card,Completed,Renata
2075,ORD00814,PRD002,Kingston A400 480GB,Storage,Kingston,CUS0054,2024-05-24,21:59:35,2024,5,49.99,21,1,0.0,49.99,28.99,58.0,Online,Cash,Completed,Renata
2076,ORD00815,PRD033,AMD Ryzen 5 5600X,Processor,AMD,CUS0213,2024-03-08,12:45:13,2024,3,229.99,98,1,0.15,195.49,112.19,57.4,In-Store,Cash,Completed,Isabela
2077,ORD00815,PRD037,AMD Ryzen 9 7900X,Processor,AMD,CUS0213,2024-03-08,12:45:13,2024,3,549.99,236,2,0.05,1044.98,596.58,57.1,Phone,PIX,Completed,Isabela
2078,ORD00815,PRD015,Corsair Vengeance 32GB DDR4,Memory,Corsair,CUS0213,2024-03-08,12:45:13,2024,3,109.99,47,1,0.1,98.99,56.69,57.3,In-Store,PIX,Completed,Isabela
2079,ORD00815,PRD054,Noctua NH-U12S,Cooler,Noctua,CUS0213,2024-03-08,12:45:13,2024,3,69.99,30,3,0.0,209.97,119.97,57.1,Marketplace,Debit Card,Completed,Isabela
2080,ORD00816,PRD060,Thermaltake UX200 ARGB,Cooler,Thermaltake,CUS0376,2023-04-01,15:30:28,2023,4,34.99,15,2,0.0,69.98,39.98,57.1,Phone,Credit Card,Completed,Viviane
2081,ORD00816,PRD012,Seagate Barracuda 4TB,Storage,Seagate,CUS0376,2023-04-01,15:30:28,2023,4,89.99,38,1,0.05,85.49,49.39,57.8,In-Store,Debit Card,Completed,Viviane
2082,ORD00816,PRD031,Intel Core i7-12700K,Processor,Intel,CUS0376,2023-04-01,15:30:28,2023,4,369.99,159,1,0.1,332.99,189.89,57.0,Online,PIX,Completed,Viviane
2083,ORD00817,PRD038,NVIDIA RTX 3060 12GB,GPU,NVIDIA,CUS0301,2022-02-28,09:45:56,2022,2,329.99,141,3,0.1,890.97,510.27,57.3,Marketplace,Cash,Completed,Fernanda
2084,ORD00818,PRD009,WD Black SN850 1TB,Storage,WD,CUS0145,2024-04-20,19:14:27,2024,4,109.99,47,4,0.0,439.96,251.96,57.3,Online,PIX,Completed,Priscila
2085,ORD00818,PRD033,AMD Ryzen 5 5600X,Processor,AMD,CUS0145,2024-04-20,19:14:27,2024,4,229.99,98,1,0.0,229.99,131.99,57.4,Reseller,Cash,Completed,Priscila
2086,ORD00819,PRD008,Samsung 970 EVO 2TB,Storage,Samsung,CUS0250,2024-10-29,19:32:14,2024,10,219.99,94,1,0.05,208.99,119.69,57.3,Reseller,Cash,Completed,Fernanda
2087,ORD00819,PRD057,NZXT Kraken X73 360mm,Cooler,NZXT,CUS0250,2024-10-29,19:32:14,2024,10,189.99,81,2,0.0,379.98,217.98,57.4,Reseller,Cash,Completed,Fernanda
2088,ORD00819,PRD040,NVIDIA RTX 3080 10GB,GPU,NVIDIA,CUS0250,2024-10-29,19:32:14,2024,10,699.99,301,2,0.0,1399.98,797.98,57.0,Marketplace,Debit Card,Completed,Fernanda
2089,ORD00820,PRD009,WD Black SN850 1TB,Storage,WD,CUS0317,2024-01-24,21:22:28,2024,1,109.99,47,1,0.05,104.49,59.84,57.3,Online,Cash,Completed,Larissa
2090,ORD00821,PRD001,Kingston A400 240GB,Storage,Kingston,CUS0457,2024-09-08,22:44:13,2024,9,29.99,13,2,0.0,59.98,33.98,56.7,Marketplace,PIX,Completed,Aline
2091,ORD00821,PRD024,MSI MAG B550M MORTAR,Motherboard,MSI,CUS0457,2024-09-08,22:44:13,2024,9,129.99,55,3,0.0,389.97,224.97,57.7,Marketplace,Bank Transfer,Completed,Aline
2092,ORD00821,PRD032,Intel Core i9-12900K,Processor,Intel,CUS0457,2024-09-08,22:44:13,2024,9,569.99,245,2,0.1,1025.98,584.98,57.0,In-Store,Cash,Completed,Aline
2093,ORD00821,PRD019,Kingston Fury Beast 16GB DDR4,Memory,Kingston,CUS0457,2024-09-08,22:44:13,2024,9,54.99,23,1,0.0,54.99,31.99,58.2,Phone,Bank Transfer,Completed,Aline
2094,ORD00822,PRD044,AMD RX 6600 8GB,GPU,AMD,CUS0025,2024-04-01,13:38:51,2024,4,289.99,124,1,0.1,260.99,149.39,57.2,Marketplace,Debit Card,Completed,Eduardo
2095,ORD00823,PRD023,ASUS TUF Gaming B660M,Motherboard,ASUS,CUS0418,2022-06-06,21:28:00,2022,6,159.99,68,1,0.0,159.99,91.99,57.5,Online,Cash,Completed,Bruno
2096,ORD00823,PRD011,Seagate Barracuda 2TB,Storage,Seagate,CUS0418,2022-06-06,21:28:00,2022,6,54.99,23,1,0.05,52.24,30.39,58.2,In-Store,Cash,Completed,Bruno
2097,ORD00823,PRD016,G.Skill Trident Z5 16GB DDR5,Memory,G.Skill,CUS0418,2022-06-06,21:28:00,2022,6,79.99,34,1,0.0,79.99,45.99,57.5,Online,Debit Card,Completed,Bruno
2098,ORD00823,PRD028,Intel Core i3-12100,Processor,Intel,CUS0418,2022-06-06,21:28:00,2022,6,119.99,51,1,0.1,107.99,62.09,57.5,Online,Boleto,Completed,Bruno
2099,ORD00824,PRD009,WD Black SN850 1TB,Storage,WD,CUS0267,2024-08-05,12:47:41,2024,8,109.99,47,1,0.15,93.49,53.54,57.3,Phone,Debit Card,Completed,Bruno
2100,ORD00824,PRD020,Kingston Fury Beast 32GB DDR4,Memory,Kingston,CUS0267,2024-08-05,12:47:41,2024,8,99.99,43,1,0.2,79.99,45.59,57.0,In-Store,Boleto,Completed,Bruno
2101,ORD00824,PRD037,AMD Ryzen 9 7900X,Processor,AMD,CUS0267,2024-08-05,12:47:41,2024,8,549.99,236,4,0.1,1979.96,1130.36,57.1,Marketplace,Cash,Completed,Bruno
2102,ORD00824,PRD002,Kingston A400 480GB,Storage,Kingston,CUS0267,2024-08-05,12:47:41,2024,8,49.99,21,2,0.05,94.98,55.08,58.0,Phone,Bank Transfer,Completed,Bruno
2103,ORD00825,PRD045,AMD RX 6700 XT 12GB,GPU,AMD,CUS0354,2023-05-10,15:29:21,2023,5,399.99,172,3,0.05,1139.97,649.77,57.0,Marketplace,Debit Card,Completed,Priscila
2104,ORD00825,PRD028,Intel Core i3-12100,Processor,Intel,CUS0354,2023-05-10,15:29:21,2023,5,119.99,51,3,0.0,359.97,206.97,57.5,Online,Cash,Completed,Priscila
2105,ORD00825,PRD008,Samsung 970 EVO 2TB,Storage,Samsung,CUS0354,2023-05-10,15:29:21,2023,5,219.99,94,2,0.0,439.98,251.98,57.3,Marketplace,Cash,Completed,Priscila
2106,ORD00826,PRD039,NVIDIA RTX 3070 8GB,GPU,NVIDIA,CUS0165,2024-09-22,16:43:22,2024,9,499.99,215,4,0.0,1999.96,1139.96,57.0,Reseller,Bank Transfer,Completed,Isabela
2107,ORD00826,PRD004,Samsung 870 EVO 500GB,Storage,Samsung,CUS0165,2024-09-22,16:43:22,2024,9,79.99,34,1,0.05,75.99,43.69,57.5,Marketplace,Cash,Completed,Isabela
2108,ORD00826,PRD037,AMD Ryzen 9 7900X,Processor,AMD,CUS0165,2024-09-22,16:43:22,2024,9,549.99,236,1,0.1,494.99,282.59,57.1,In-Store,PIX,Completed,Isabela
2109,ORD00826,PRD055,Corsair H100i RGB 240mm,Cooler,Corsair,CUS0165,2024-09-22,16:43:22,2024,9,129.99,56,3,0.1,350.97,199.77,56.9,Marketplace,Debit Card,Completed,Isabela
2110,ORD00827,PRD028,Intel Core i3-12100,Processor,Intel,CUS0398,2022-12-05,10:19:04,2022,12,119.99,51,1,0.15,101.99,58.64,57.5,Marketplace,PIX,Completed,Mariana
2111,ORD00828,PRD001,Kingston A400 240GB,Storage,Kingston,CUS0471,2023-03-23,20:11:14,2023,3,29.99,13,2,0.0,59.98,33.98,56.7,Marketplace,Boleto,Completed,Larissa
2112,ORD00829,PRD056,Corsair H150i Elite 360mm,Cooler,Corsair,CUS0137,2023-07-23,09:39:45,2023,7,169.99,73,3,0.0,509.97,290.97,57.1,Marketplace,PIX,Completed,Leonardo
2113,ORD00829,PRD016,G.Skill Trident Z5 16GB DDR5,Memory,G.Skill,CUS0137,2023-07-23,09:39:45,2023,7,79.99,34,1,0.05,75.99,43.69,57.5,Phone,Cash,Completed,Leonardo
2114,ORD00829,PRD054,Noctua NH-U12S,Cooler,Noctua,CUS0137,2023-07-23,09:39:45,2023,7,69.99,30,1,0.05,66.49,37.99,57.1,Phone,Debit Card,Completed,Leonardo
2115,ORD00830,PRD019,Kingston Fury Beast 16GB DDR4,Memory,Kingston,CUS0318,2024-01-27,19:59:48,2024,1,54.99,23,1,0.15,46.74,27.19,58.2,Marketplace,PIX,Completed,Sergio
2116,ORD00830,PRD054,Noctua NH-U12S,Cooler,Noctua,CUS0318,2024-01-27,19:59:48,2024,1,69.99,30,1,0.05,66.49,37.99,57.1,Reseller,Boleto,Completed,Sergio
2117,ORD00830,PRD013,Corsair Vengeance 8GB DDR4,Memory,Corsair,CUS0318,2024-01-27,19:59:48,2024,1,29.99,12,3,0.0,89.97,53.97,60.0,Online,Credit Card,Completed,Sergio
2118,ORD00830,PRD031,Intel Core i7-12700K,Processor,Intel,CUS0318,2024-01-27,19:59:48,2024,1,369.99,159,2,0.0,739.98,421.98,57.0,Reseller,Cash,Completed,Sergio
2119,ORD00831,PRD058,DeepCool AK620,Cooler,DeepCool,CUS0259,2022-04-21,11:52:49,2022,4,54.99,23,1,0.0,54.99,31.99,58.2,Marketplace,Credit Card,Completed,Mariana
2120,ORD00831,PRD036,AMD Ryzen 9 5900X,Processor,AMD,CUS0259,2022-04-21,11:52:49,2022,4,449.99,193,2,0.15,764.98,436.88,57.1,In-Store,PIX,Completed,Mariana
2121,ORD00831,PRD018,G.Skill Trident Z5 64GB DDR5,Memory,G.Skill,CUS0259,2022-04-21,11:52:49,2022,4,289.99,124,1,0.1,260.99,149.39,57.2,Marketplace,Debit Card,Completed,Mariana
2122,ORD00831,PRD008,Samsung 970 EVO 2TB,Storage,Samsung,CUS0259,2022-04-21,11:52:49,2022,4,219.99,94,3,0.1,593.97,340.17,57.3,Reseller,Cash,Completed,Mariana
2123,ORD00832,PRD033,AMD Ryzen 5 5600X,Processor,AMD,CUS0321,2023-05-16,09:44:56,2023,5,229.99,98,2,0.0,459.98,263.98,57.4,Online,Boleto,Completed,Lucas
2124,ORD00832,PRD032,Intel Core i9-12900K,Processor,Intel,CUS0321,2023-05-16,09:44:56,2023,5,569.99,245,1,0.0,569.99,324.99,57.0,Online,PIX,Completed,Lucas
2125,ORD00832,PRD010,WD Blue 1TB HDD,Storage,WD,CUS0321,2023-05-16,09:44:56,2023,5,44.99,19,1,0.0,44.99,25.99,57.8,Online,Bank Transfer,Completed,Lucas
2126,ORD00832,PRD057,NZXT Kraken X73 360mm,Cooler,NZXT,CUS0321,2023-05-16,09:44:56,2023,5,189.99,81,1,0.05,180.49,103.54,57.4,Marketplace,PIX,Completed,Lucas
2127,ORD00833,PRD006,Samsung 970 EVO 500GB,Storage,Samsung,CUS0373,2024-07-01,10:17:07,2024,7,69.99,29,1,0.2,55.99,32.79,58.6,Reseller,PIX,Completed,Rodrigo
2128,ORD00834,PRD038,NVIDIA RTX 3060 12GB,GPU,NVIDIA,CUS0169,2022-10-19,18:36:28,2022,10,329.99,141,1,0.05,313.49,179.54,57.3,Phone,Boleto,Completed,Larissa
2129,ORD00835,PRD055,Corsair H100i RGB 240mm,Cooler,Corsair,CUS0167,2023-09-04,14:01:54,2023,9,129.99,56,1,0.0,129.99,73.99,56.9,In-Store,Debit Card,Completed,Vanessa
2130,ORD00835,PRD031,Intel Core i7-12700K,Processor,Intel,CUS0167,2023-09-04,14:01:54,2023,9,369.99,159,1,0.0,369.99,210.99,57.0,Phone,Bank Transfer,Completed,Vanessa
2131,ORD00835,PRD049,Corsair RM850 Modular,PSU,Corsair,CUS0167,2023-09-04,14:01:54,2023,9,139.99,60,1,0.15,118.99,67.99,57.1,Marketplace,Debit Card,Completed,Vanessa
2132,ORD00835,PRD051,be quiet! Straight Power 850W,PSU,be quiet!,CUS0167,2023-09-04,14:01:54,2023,9,169.99,73,3,0.1,458.97,261.87,57.1,Marketplace,PIX,Completed,Vanessa
2133,ORD00836,PRD026,Gigabyte B550 AORUS Elite,Motherboard,Gigabyte,CUS0308,2023-11-06,09:20:34,2023,11,169.99,72,1,0.05,161.49,93.09,57.6,Marketplace,Bank Transfer,Completed,Pedro
2134,ORD00836,PRD020,Kingston Fury Beast 32GB DDR4,Memory,Kingston,CUS0308,2023-11-06,09:20:34,2023,11,99.99,43,1,0.0,99.99,56.99,57.0,Phone,Bank Transfer,Completed,Pedro
2135,ORD00836,PRD043,NVIDIA RTX 4080 16GB,GPU,NVIDIA,CUS0308,2023-11-06,09:20:34,2023,11,1199.99,516,2,0.0,2399.98,1367.98,57.0,Marketplace,PIX,Completed,Pedro
2136,ORD00836,PRD025,MSI PRO Z690-A,Motherboard,MSI,CUS0308,2023-11-06,09:20:34,2023,11,189.99,81,1,0.0,189.99,108.99,57.4,Online,Boleto,Completed,Pedro
2137,ORD00837,PRD001,Kingston A400 240GB,Storage,Kingston,CUS0325,2024-07-01,17:33:54,2024,7,29.99,13,1,0.15,25.49,14.44,56.7,Reseller,Boleto,Completed,Maria
2138,ORD00838,PRD014,Corsair Vengeance 16GB DDR4,Memory,Corsair,CUS0079,2022-08-04,18:07:52,2022,8,59.99,25,1,0.05,56.99,33.24,58.3,In-Store,Debit Card,Completed,Isabela
2139,ORD00839,PRD054,Noctua NH-U12S,Cooler,Noctua,CUS0261,2023-10-07,17:45:26,2023,10,69.99,30,1,0.0,69.99,39.99,57.1,Phone,Debit Card,Completed,Patricia
2140,ORD00840,PRD039,NVIDIA RTX 3070 8GB,GPU,NVIDIA,CUS0339,2023-03-17,12:11:47,2023,3,499.99,215,2,0.0,999.98,569.98,57.0,Phone,PIX,Completed,André
2141,ORD00840,PRD053,Noctua NH-D15,Cooler,Noctua,CUS0339,2023-03-17,12:11:47,2023,3,99.99,43,1,0.05,94.99,54.14,57.0,Marketplace,Debit Card,Completed,André
2142,ORD00840,PRD059,Cooler Master Hyper 212,Cooler,Cooler Master,CUS0339,2023-03-17,12:11:47,2023,3,39.99,17,2,0.0,79.98,45.98,57.5,Marketplace,Boleto,Completed,André
2143,ORD00841,PRD016,G.Skill Trident Z5 16GB DDR5,Memory,G.Skill,CUS0313,2022-05-22,11:13:02,2022,5,79.99,34,1,0.1,71.99,41.39,57.5,Marketplace,Boleto,Completed,Daniela
2144,ORD00841,PRD003,Kingston A400 960GB,Storage,Kingston,CUS0313,2022-05-22,11:13:02,2022,5,89.99,38,1,0.15,76.49,44.19,57.8,Reseller,Cash,Completed,Daniela
2145,ORD00841,PRD024,MSI MAG B550M MORTAR,Motherboard,MSI,CUS0313,2022-05-22,11:13:02,2022,5,129.99,55,1,0.05,123.49,71.24,57.7,In-Store,Credit Card,Completed,Daniela
2146,ORD00841,PRD022,ASUS ROG Strix Z690-A,Motherboard,ASUS,CUS0313,2022-05-22,11:13:02,2022,5,319.99,137,1,0.2,255.99,146.39,57.2,Reseller,Debit Card,Completed,Daniela
2147,ORD00842,PRD028,Intel Core i3-12100,Processor,Intel,CUS0022,2024-01-10,14:26:14,2024,1,119.99,51,1,0.1,107.99,62.09,57.5,Reseller,Cash,Completed,Aline
2148,ORD00842,PRD036,AMD Ryzen 9 5900X,Processor,AMD,CUS0022,2024-01-10,14:26:14,2024,1,449.99,193,1,0.2,359.99,205.59,57.1,Phone,Debit Card,Completed,Aline
2149,ORD00842,PRD034,AMD Ryzen 5 7600X,Processor,AMD,CUS0022,2024-01-10,14:26:14,2024,1,249.99,107,1,0.05,237.49,135.84,57.2,Marketplace,Credit Card,Completed,Aline
2150,ORD00843,PRD023,ASUS TUF Gaming B660M,Motherboard,ASUS,CUS0343,2022-12-13,22:23:09,2022,12,159.99,68,1,0.1,143.99,82.79,57.5,Reseller,Cash,Completed,Isabela
2151,ORD00844,PRD051,be quiet! Straight Power 850W,PSU,be quiet!,CUS0481,2022-08-17,21:38:07,2022,8,169.99,73,1,0.05,161.49,92.14,57.1,In-Store,Credit Card,Completed,Paulo
2152,ORD00845,PRD027,Gigabyte Z790 AORUS Master,Motherboard,Gigabyte,CUS0260,2023-12-15,13:00:20,2023,12,449.99,193,1,0.2,359.99,205.59,57.1,Phone,Credit Card,Completed,Ana
2153,ORD00845,PRD005,Samsung 870 EVO 1TB,Storage,Samsung,CUS0260,2023-12-15,13:00:20,2023,12,129.99,56,1,0.05,123.49,70.29,56.9,Marketplace,Bank Transfer,Completed,Ana
2154,ORD00845,PRD044,AMD RX 6600 8GB,GPU,AMD,CUS0260,2023-12-15,13:00:20,2023,12,289.99,124,1,0.0,289.99,165.99,57.2,Phone,Credit Card,Completed,Ana
2155,ORD00846,PRD029,Intel Core i5-12400,Processor,Intel,CUS0252,2024-12-31,21:03:56,2024,12,199.99,86,2,0.1,359.98,205.18,57.0,Marketplace,Cash,Completed,Lucas
2156,ORD00846,PRD017,G.Skill Trident Z5 32GB DDR5,Memory,G.Skill,CUS0252,2024-12-31,21:03:56,2024,12,149.99,64,2,0.0,299.98,171.98,57.3,Marketplace,Bank Transfer,Completed,Lucas
2157,ORD00846,PRD024,MSI MAG B550M MORTAR,Motherboard,MSI,CUS0252,2024-12-31,21:03:56,2024,12,129.99,55,1,0.0,129.99,74.99,57.7,Marketplace,Credit Card,Completed,Lucas
2158,ORD00847,PRD060,Thermaltake UX200 ARGB,Cooler,Thermaltake,CUS0317,2023-05-12,16:27:56,2023,5,34.99,15,2,0.0,69.98,39.98,57.1,In-Store,Cash,Completed,Larissa
2159,ORD00847,PRD003,Kingston A400 960GB,Storage,Kingston,CUS0317,2023-05-12,16:27:56,2023,5,89.99,38,1,0.15,76.49,44.19,57.8,Online,Credit Card,Completed,Larissa
2160,ORD00847,PRD024,MSI MAG B550M MORTAR,Motherboard,MSI,CUS0317,2023-05-12,16:27:56,2023,5,129.99,55,1,0.0,129.99,74.99,57.7,In-Store,Credit Card,Completed,Larissa
2161,ORD00848,PRD006,Samsung 970 EVO 500GB,Storage,Samsung,CUS0328,2024-08-22,12:46:48,2024,8,69.99,29,1,0.1,62.99,36.89,58.6,Phone,Credit Card,Completed,Lucas
2162,ORD00849,PRD049,Corsair RM850 Modular,PSU,Corsair,CUS0236,2022-07-03,10:13:04,2022,7,139.99,60,1,0.15,118.99,67.99,57.1,Phone,Debit Card,Completed,Aline
2163,ORD00849,PRD036,AMD Ryzen 9 5900X,Processor,AMD,CUS0236,2022-07-03,10:13:04,2022,7,449.99,193,1,0.15,382.49,218.44,57.1,Phone,Debit Card,Completed,Aline
2164,ORD00850,PRD020,Kingston Fury Beast 32GB DDR4,Memory,Kingston,CUS0273,2024-02-04,17:16:33,2024,2,99.99,43,2,0.0,199.98,113.98,57.0,Marketplace,Boleto,Completed,Camila
2165,ORD00851,PRD008,Samsung 970 EVO 2TB,Storage,Samsung,CUS0011,2024-01-18,15:30:30,2024,1,219.99,94,3,0.05,626.97,359.07,57.3,Online,PIX,Completed,Juliana
2166,ORD00851,PRD033,AMD Ryzen 5 5600X,Processor,AMD,CUS0011,2024-01-18,15:30:30,2024,1,229.99,98,1,0.0,229.99,131.99,57.4,In-Store,Boleto,Completed,Juliana
2167,ORD00852,PRD021,ASUS ROG Strix B550-F,Motherboard,ASUS,CUS0119,2024-10-25,21:13:09,2024,10,219.99,94,1,0.1,197.99,113.39,57.3,In-Store,Cash,Completed,Gustavo
2168,ORD00852,PRD029,Intel Core i5-12400,Processor,Intel,CUS0119,2024-10-25,21:13:09,2024,10,199.99,86,1,0.15,169.99,96.89,57.0,In-Store,PIX,Completed,Gustavo
2169,ORD00853,PRD005,Samsung 870 EVO 1TB,Storage,Samsung,CUS0186,2024-07-21,09:52:38,2024,7,129.99,56,1,0.05,123.49,70.29,56.9,Phone,Credit Card,Completed,Thiago
2170,ORD00853,PRD046,AMD RX 7900 XTX 24GB,GPU,AMD,CUS0186,2024-07-21,09:52:38,2024,7,999.99,430,3,0.1,2699.97,1538.97,57.0,Marketplace,Debit Card,Completed,Thiago
2171,ORD00853,PRD051,be quiet! Straight Power 850W,PSU,be quiet!,CUS0186,2024-07-21,09:52:38,2024,7,169.99,73,4,0.1,611.96,349.16,57.1,In-Store,Cash,Completed,Thiago
2172,ORD00853,PRD047,Corsair RM650 Modular,PSU,Corsair,CUS0186,2024-07-21,09:52:38,2024,7,89.99,38,1,0.1,80.99,46.79,57.8,Marketplace,PIX,Completed,Thiago
2173,ORD00854,PRD042,NVIDIA RTX 4070 12GB,GPU,NVIDIA,CUS0406,2023-01-29,14:59:27,2023,1,599.99,258,1,0.0,599.99,341.99,57.0,Online,Credit Card,Completed,Fabio
2174,ORD00855,PRD022,ASUS ROG Strix Z690-A,Motherboard,ASUS,CUS0013,2023-10-16,18:15:58,2023,10,319.99,137,2,0.15,543.98,311.08,57.2,Reseller,PIX,Completed,Marcelo
2175,ORD00856,PRD039,NVIDIA RTX 3070 8GB,GPU,NVIDIA,CUS0306,2023-04-02,10:19:51,2023,4,499.99,215,1,0.0,499.99,284.99,57.0,In-Store,Debit Card,Completed,Paulo
2176,ORD00856,PRD058,DeepCool AK620,Cooler,DeepCool,CUS0306,2023-04-02,10:19:51,2023,4,54.99,23,2,0.1,98.98,57.58,58.2,Reseller,Debit Card,Completed,Paulo
2177,ORD00857,PRD043,NVIDIA RTX 4080 16GB,GPU,NVIDIA,CUS0492,2023-07-10,14:10:20,2023,7,1199.99,516,1,0.0,1199.99,683.99,57.0,In-Store,Debit Card,Completed,Rafael
2178,ORD00857,PRD021,ASUS ROG Strix B550-F,Motherboard,ASUS,CUS0492,2023-07-10,14:10:20,2023,7,219.99,94,1,0.0,219.99,125.99,57.3,In-Store,Bank Transfer,Completed,Rafael
2179,ORD00858,PRD032,Intel Core i9-12900K,Processor,Intel,CUS0231,2024-11-08,08:27:43,2024,11,569.99,245,1,0.1,512.99,292.49,57.0,Marketplace,Debit Card,Completed,Gabriel
2180,ORD00858,PRD034,AMD Ryzen 5 7600X,Processor,AMD,CUS0231,2024-11-08,08:27:43,2024,11,249.99,107,1,0.15,212.49,121.54,57.2,Reseller,Debit Card,Completed,Gabriel
2181,ORD00858,PRD019,Kingston Fury Beast 16GB DDR4,Memory,Kingston,CUS0231,2024-11-08,08:27:43,2024,11,54.99,23,1,0.0,54.99,31.99,58.2,Phone,Boleto,Completed,Gabriel
2182,ORD00858,PRD040,NVIDIA RTX 3080 10GB,GPU,NVIDIA,CUS0231,2024-11-08,08:27:43,2024,11,699.99,301,1,0.0,699.99,398.99,57.0,Online,Credit Card,Completed,Gabriel
2183,ORD00859,PRD027,Gigabyte Z790 AORUS Master,Motherboard,Gigabyte,CUS0471,2023-05-14,10:43:48,2023,5,449.99,193,1,0.05,427.49,244.14,57.1,In-Store,Cash,Completed,Larissa
2184,ORD00859,PRD034,AMD Ryzen 5 7600X,Processor,AMD,CUS0471,2023-05-14,10:43:48,2023,5,249.99,107,4,0.0,999.96,571.96,57.2,Online,Bank Transfer,Completed,Larissa
2185,ORD00859,PRD011,Seagate Barracuda 2TB,Storage,Seagate,CUS0471,2023-05-14,10:43:48,2023,5,54.99,23,1,0.05,52.24,30.39,58.2,In-Store,Bank Transfer,Completed,Larissa
2186,ORD00860,PRD013,Corsair Vengeance 8GB DDR4,Memory,Corsair,CUS0307,2024-06-01,17:03:35,2024,6,29.99,12,1,0.0,29.99,17.99,60.0,Online,Credit Card,Completed,Mariana
2187,ORD00860,PRD015,Corsair Vengeance 32GB DDR4,Memory,Corsair,CUS0307,2024-06-01,17:03:35,2024,6,109.99,47,4,0.0,439.96,251.96,57.3,In-Store,Cash,Completed,Mariana
2188,ORD00861,PRD019,Kingston Fury Beast 16GB DDR4,Memory,Kingston,CUS0399,2024-02-01,13:45:38,2024,2,54.99,23,2,0.0,109.98,63.98,58.2,Online,Bank Transfer,Completed,Sergio
2189,ORD00861,PRD028,Intel Core i3-12100,Processor,Intel,CUS0399,2024-02-01,13:45:38,2024,2,119.99,51,1,0.0,119.99,68.99,57.5,In-Store,Cash,Completed,Sergio
2190,ORD00861,PRD029,Intel Core i5-12400,Processor,Intel,CUS0399,2024-02-01,13:45:38,2024,2,199.99,86,3,0.0,599.97,341.97,57.0,Reseller,PIX,Completed,Sergio
2191,ORD00862,PRD036,AMD Ryzen 9 5900X,Processor,AMD,CUS0273,2024-10-23,13:22:58,2024,10,449.99,193,2,0.0,899.98,513.98,57.1,In-Store,Credit Card,Completed,Camila
2192,ORD00862,PRD040,NVIDIA RTX 3080 10GB,GPU,NVIDIA,CUS0273,2024-10-23,13:22:58,2024,10,699.99,301,1,0.0,699.99,398.99,57.0,In-Store,Boleto,Completed,Camila
2193,ORD00863,PRD037,AMD Ryzen 9 7900X,Processor,AMD,CUS0256,2024-05-10,19:42:04,2024,5,549.99,236,1,0.1,494.99,282.59,57.1,Marketplace,Debit Card,Completed,Pedro
2194,ORD00863,PRD004,Samsung 870 EVO 500GB,Storage,Samsung,CUS0256,2024-05-10,19:42:04,2024,5,79.99,34,2,0.1,143.98,82.78,57.5,In-Store,Bank Transfer,Completed,Pedro
2195,ORD00863,PRD019,Kingston Fury Beast 16GB DDR4,Memory,Kingston,CUS0256,2024-05-10,19:42:04,2024,5,54.99,23,1,0.0,54.99,31.99,58.2,Online,Cash,Completed,Pedro
2196,ORD00863,PRD016,G.Skill Trident Z5 16GB DDR5,Memory,G.Skill,CUS0256,2024-05-10,19:42:04,2024,5,79.99,34,1,0.1,71.99,41.39,57.5,Marketplace,Debit Card,Completed,Pedro
2197,ORD00864,PRD043,NVIDIA RTX 4080 16GB,GPU,NVIDIA,CUS0079,2024-03-08,15:44:41,2024,3,1199.99,516,1,0.0,1199.99,683.99,57.0,In-Store,Cash,Completed,Isabela
2198,ORD00864,PRD052,Thermaltake Toughpower 1000W,PSU,Thermaltake,CUS0079,2024-03-08,15:44:41,2024,3,189.99,81,1,0.0,189.99,108.99,57.4,Marketplace,Boleto,Completed,Isabela
2199,ORD00864,PRD025,MSI PRO Z690-A,Motherboard,MSI,CUS0079,2024-03-08,15:44:41,2024,3,189.99,81,1,0.0,189.99,108.99,57.4,Marketplace,PIX,Completed,Isabela
2200,ORD00864,PRD030,Intel Core i5-13600K,Processor,Intel,CUS0079,2024-03-08,15:44:41,2024,3,279.99,120,2,0.25,419.99,239.99,57.1,Reseller,PIX,Completed,Isabela
2201,ORD00865,PRD043,NVIDIA RTX 4080 16GB,GPU,NVIDIA,CUS0483,2022-12-30,13:51:30,2022,12,1199.99,516,2,0.25,1799.99,1025.99,57.0,Phone,Boleto,Completed,João
2202,ORD00866,PRD014,Corsair Vengeance 16GB DDR4,Memory,Corsair,CUS0250,2023-11-08,21:28:55,2023,11,59.99,25,1,0.0,59.99,34.99,58.3,In-Store,Debit Card,Completed,Fernanda
2203,ORD00866,PRD013,Corsair Vengeance 8GB DDR4,Memory,Corsair,CUS0250,2023-11-08,21:28:55,2023,11,29.99,12,1,0.0,29.99,17.99,60.0,Online,Credit Card,Completed,Fernanda
2204,ORD00866,PRD055,Corsair H100i RGB 240mm,Cooler,Corsair,CUS0250,2023-11-08,21:28:55,2023,11,129.99,56,1,0.05,123.49,70.29,56.9,Online,Cash,Completed,Fernanda
2205,ORD00866,PRD008,Samsung 970 EVO 2TB,Storage,Samsung,CUS0250,2023-11-08,21:28:55,2023,11,219.99,94,2,0.05,417.98,239.38,57.3,Phone,Debit Card,Completed,Fernanda
2206,ORD00867,PRD029,Intel Core i5-12400,Processor,Intel,CUS0146,2023-01-21,17:52:40,2023,1,199.99,86,1,0.0,199.99,113.99,57.0,Marketplace,Boleto,Completed,Claudia
2207,ORD00867,PRD004,Samsung 870 EVO 500GB,Storage,Samsung,CUS0146,2023-01-21,17:52:40,2023,1,79.99,34,1,0.1,71.99,41.39,57.5,In-Store,Bank Transfer,Completed,Claudia
2208,ORD00867,PRD016,G.Skill Trident Z5 16GB DDR5,Memory,G.Skill,CUS0146,2023-01-21,17:52:40,2023,1,79.99,34,1,0.05,75.99,43.69,57.5,Online,Bank Transfer,Completed,Claudia
2209,ORD00867,PRD051,be quiet! Straight Power 850W,PSU,be quiet!,CUS0146,2023-01-21,17:52:40,2023,1,169.99,73,1,0.25,127.49,72.74,57.1,Online,Credit Card,Completed,Claudia
2210,ORD00868,PRD005,Samsung 870 EVO 1TB,Storage,Samsung,CUS0357,2023-05-05,10:39:05,2023,5,129.99,56,1,0.05,123.49,70.29,56.9,Phone,Debit Card,Completed,Fabio
2211,ORD00868,PRD027,Gigabyte Z790 AORUS Master,Motherboard,Gigabyte,CUS0357,2023-05-05,10:39:05,2023,5,449.99,193,1,0.0,449.99,256.99,57.1,Online,Credit Card,Completed,Fabio
2212,ORD00868,PRD016,G.Skill Trident Z5 16GB DDR5,Memory,G.Skill,CUS0357,2023-05-05,10:39:05,2023,5,79.99,34,1,0.15,67.99,39.09,57.5,In-Store,Cash,Completed,Fabio
2213,ORD00868,PRD023,ASUS TUF Gaming B660M,Motherboard,ASUS,CUS0357,2023-05-05,10:39:05,2023,5,159.99,68,3,0.25,359.98,206.98,57.5,Reseller,Cash,Completed,Fabio
2214,ORD00869,PRD060,Thermaltake UX200 ARGB,Cooler,Thermaltake,CUS0150,2023-12-12,11:49:59,2023,12,34.99,15,2,0.05,66.48,37.98,57.1,Phone,Credit Card,Completed,Henrique
2215,ORD00869,PRD037,AMD Ryzen 9 7900X,Processor,AMD,CUS0150,2023-12-12,11:49:59,2023,12,549.99,236,1,0.0,549.99,313.99,57.1,In-Store,Bank Transfer,Completed,Henrique
2216,ORD00870,PRD022,ASUS ROG Strix Z690-A,Motherboard,ASUS,CUS0207,2022-09-30,17:48:36,2022,9,319.99,137,1,0.0,319.99,182.99,57.2,Phone,Bank Transfer,Completed,Isabela
2217,ORD00871,PRD016,G.Skill Trident Z5 16GB DDR5,Memory,G.Skill,CUS0121,2022-01-21,11:43:45,2022,1,79.99,34,1,0.0,79.99,45.99,57.5,Reseller,Cash,Completed,Fernanda
2218,ORD00871,PRD049,Corsair RM850 Modular,PSU,Corsair,CUS0121,2022-01-21,11:43:45,2022,1,139.99,60,1,0.0,139.99,79.99,57.1,Online,Bank Transfer,Completed,Fernanda
2219,ORD00872,PRD023,ASUS TUF Gaming B660M,Motherboard,ASUS,CUS0434,2022-10-30,21:34:11,2022,10,159.99,68,1,0.1,143.99,82.79,57.5,Marketplace,Boleto,Completed,Adriana
2220,ORD00872,PRD055,Corsair H100i RGB 240mm,Cooler,Corsair,CUS0434,2022-10-30,21:34:11,2022,10,129.99,56,2,0.1,233.98,133.18,56.9,Marketplace,PIX,Completed,Adriana
2221,ORD00872,PRD054,Noctua NH-U12S,Cooler,Noctua,CUS0434,2022-10-30,21:34:11,2022,10,69.99,30,1,0.0,69.99,39.99,57.1,Marketplace,Boleto,Completed,Adriana
2222,ORD00872,PRD003,Kingston A400 960GB,Storage,Kingston,CUS0434,2022-10-30,21:34:11,2022,10,89.99,38,1,0.0,89.99,51.99,57.8,Marketplace,Cash,Completed,Adriana
2223,ORD00873,PRD045,AMD RX 6700 XT 12GB,GPU,AMD,CUS0292,2023-10-19,09:44:09,2023,10,399.99,172,2,0.1,719.98,410.38,57.0,Phone,PIX,Completed,Daniela
2224,ORD00874,PRD046,AMD RX 7900 XTX 24GB,GPU,AMD,CUS0281,2022-02-26,21:58:33,2022,2,999.99,430,1,0.0,999.99,569.99,57.0,Marketplace,Debit Card,Completed,Priscila
2225,ORD00874,PRD041,NVIDIA RTX 4060 8GB,GPU,NVIDIA,CUS0281,2022-02-26,21:58:33,2022,2,299.99,129,1,0.0,299.99,170.99,57.0,Phone,Credit Card,Completed,Priscila
2226,ORD00874,PRD051,be quiet! Straight Power 850W,PSU,be quiet!,CUS0281,2022-02-26,21:58:33,2022,2,169.99,73,1,0.05,161.49,92.14,57.1,Online,PIX,Completed,Priscila
2227,ORD00874,PRD017,G.Skill Trident Z5 32GB DDR5,Memory,G.Skill,CUS0281,2022-02-26,21:58:33,2022,2,149.99,64,1,0.05,142.49,81.69,57.3,Reseller,Bank Transfer,Completed,Priscila
2228,ORD00875,PRD046,AMD RX 7900 XTX 24GB,GPU,AMD,CUS0047,2023-07-28,12:48:50,2023,7,999.99,430,1,0.0,999.99,569.99,57.0,Marketplace,Cash,Completed,Paulo
2229,ORD00875,PRD053,Noctua NH-D15,Cooler,Noctua,CUS0047,2023-07-28,12:48:50,2023,7,99.99,43,1,0.05,94.99,54.14,57.0,Online,Credit Card,Completed,Paulo
2230,ORD00876,PRD023,ASUS TUF Gaming B660M,Motherboard,ASUS,CUS0422,2023-08-11,21:29:47,2023,8,159.99,68,1,0.0,159.99,91.99,57.5,Marketplace,PIX,Completed,Leandro
2231,ORD00876,PRD047,Corsair RM650 Modular,PSU,Corsair,CUS0422,2023-08-11,21:29:47,2023,8,89.99,38,1,0.05,85.49,49.39,57.8,Phone,Credit Card,Completed,Leandro
2232,ORD00877,PRD052,Thermaltake Toughpower 1000W,PSU,Thermaltake,CUS0263,2022-11-30,17:32:12,2022,11,189.99,81,1,0.1,170.99,98.09,57.4,Phone,Bank Transfer,Completed,Sergio
2233,ORD00877,PRD014,Corsair Vengeance 16GB DDR4,Memory,Corsair,CUS0263,2022-11-30,17:32:12,2022,11,59.99,25,1,0.2,47.99,27.99,58.3,Phone,Debit Card,Completed,Sergio
2234,ORD00878,PRD021,ASUS ROG Strix B550-F,Motherboard,ASUS,CUS0357,2024-08-17,20:10:07,2024,8,219.99,94,3,0.0,659.97,377.97,57.3,In-Store,Boleto,Completed,Fabio
2235,ORD00878,PRD011,Seagate Barracuda 2TB,Storage,Seagate,CUS0357,2024-08-17,20:10:07,2024,8,54.99,23,1,0.0,54.99,31.99,58.2,Marketplace,Bank Transfer,Completed,Fabio
2236,ORD00878,PRD041,NVIDIA RTX 4060 8GB,GPU,NVIDIA,CUS0357,2024-08-17,20:10:07,2024,8,299.99,129,1,0.15,254.99,145.34,57.0,Marketplace,Boleto,Completed,Fabio
2237,ORD00879,PRD046,AMD RX 7900 XTX 24GB,GPU,AMD,CUS0113,2024-03-01,18:58:01,2024,3,999.99,430,1,0.0,999.99,569.99,57.0,Phone,Bank Transfer,Completed,Priscila
2238,ORD00879,PRD008,Samsung 970 EVO 2TB,Storage,Samsung,CUS0113,2024-03-01,18:58:01,2024,3,219.99,94,1,0.1,197.99,113.39,57.3,Online,Boleto,Completed,Priscila
2239,ORD00879,PRD023,ASUS TUF Gaming B660M,Motherboard,ASUS,CUS0113,2024-03-01,18:58:01,2024,3,159.99,68,1,0.0,159.99,91.99,57.5,Phone,Debit Card,Completed,Priscila
2240,ORD00879,PRD024,MSI MAG B550M MORTAR,Motherboard,MSI,CUS0113,2024-03-01,18:58:01,2024,3,129.99,55,3,0.0,389.97,224.97,57.7,Reseller,Cash,Completed,Priscila
2241,ORD00880,PRD018,G.Skill Trident Z5 64GB DDR5,Memory,G.Skill,CUS0367,2024-09-02,22:00:39,2024,9,289.99,124,3,0.05,826.47,473.07,57.2,Marketplace,Boleto,Completed,Monica
2242,ORD00881,PRD057,NZXT Kraken X73 360mm,Cooler,NZXT,CUS0191,2022-03-06,21:11:02,2022,3,189.99,81,1,0.1,170.99,98.09,57.4,Online,Boleto,Completed,Ana
2243,ORD00881,PRD051,be quiet! Straight Power 850W,PSU,be quiet!,CUS0191,2022-03-06,21:11:02,2022,3,169.99,73,1,0.0,169.99,96.99,57.1,In-Store,Boleto,Completed,Ana
2244,ORD00882,PRD007,Samsung 970 EVO 1TB,Storage,Samsung,CUS0396,2023-08-23,17:03:52,2023,8,119.99,51,1,0.0,119.99,68.99,57.5,Online,Bank Transfer,Completed,Matheus
2245,ORD00883,PRD007,Samsung 970 EVO 1TB,Storage,Samsung,CUS0381,2023-12-10,19:23:02,2023,12,119.99,51,1,0.05,113.99,65.54,57.5,Reseller,Bank Transfer,Completed,Matheus
2246,ORD00884,PRD014,Corsair Vengeance 16GB DDR4,Memory,Corsair,CUS0264,2024-06-05,12:07:32,2024,6,59.99,25,1,0.0,59.99,34.99,58.3,In-Store,Boleto,Completed,Juliana
2247,ORD00884,PRD036,AMD Ryzen 9 5900X,Processor,AMD,CUS0264,2024-06-05,12:07:32,2024,6,449.99,193,1,0.05,427.49,244.14,57.1,Reseller,Cash,Completed,Juliana
2248,ORD00884,PRD038,NVIDIA RTX 3060 12GB,GPU,NVIDIA,CUS0264,2024-06-05,12:07:32,2024,6,329.99,141,1,0.0,329.99,188.99,57.3,Phone,Cash,Completed,Juliana
2249,ORD00884,PRD027,Gigabyte Z790 AORUS Master,Motherboard,Gigabyte,CUS0264,2024-06-05,12:07:32,2024,6,449.99,193,1,0.2,359.99,205.59,57.1,In-Store,Bank Transfer,Completed,Juliana
2250,ORD00885,PRD035,AMD Ryzen 7 5800X3D,Processor,AMD,CUS0493,2024-08-20,11:18:47,2024,8,349.99,150,1,0.0,349.99,199.99,57.1,Phone,PIX,Completed,Sandra
2251,ORD00885,PRD007,Samsung 970 EVO 1TB,Storage,Samsung,CUS0493,2024-08-20,11:18:47,2024,8,119.99,51,1,0.0,119.99,68.99,57.5,Phone,Boleto,Completed,Sandra
2252,ORD00885,PRD022,ASUS ROG Strix Z690-A,Motherboard,ASUS,CUS0493,2024-08-20,11:18:47,2024,8,319.99,137,2,0.0,639.98,365.98,57.2,Online,Cash,Completed,Sandra
2253,ORD00885,PRD058,DeepCool AK620,Cooler,DeepCool,CUS0493,2024-08-20,11:18:47,2024,8,54.99,23,1,0.1,49.49,28.79,58.2,In-Store,PIX,Completed,Sandra
2254,ORD00886,PRD011,Seagate Barracuda 2TB,Storage,Seagate,CUS0346,2022-07-27,15:33:49,2022,7,54.99,23,3,0.05,156.72,91.17,58.2,Reseller,Boleto,Completed,Fabio
2255,ORD00886,PRD042,NVIDIA RTX 4070 12GB,GPU,NVIDIA,CUS0346,2022-07-27,15:33:49,2022,7,599.99,258,2,0.05,1139.98,649.78,57.0,Reseller,Bank Transfer,Completed,Fabio
2256,ORD00887,PRD045,AMD RX 6700 XT 12GB,GPU,AMD,CUS0327,2024-02-11,22:00:02,2024,2,399.99,172,2,0.0,799.98,455.98,57.0,Phone,Debit Card,Completed,Pedro
2257,ORD00888,PRD028,Intel Core i3-12100,Processor,Intel,CUS0331,2024-12-15,16:20:46,2024,12,119.99,51,1,0.05,113.99,65.54,57.5,Online,Cash,Completed,Juliana
2258,ORD00889,PRD050,EVGA SuperNOVA 650W,PSU,EVGA,CUS0240,2022-02-12,22:13:52,2022,2,89.99,38,2,0.05,170.98,98.78,57.8,Phone,Bank Transfer,Completed,Cristina
2259,ORD00889,PRD026,Gigabyte B550 AORUS Elite,Motherboard,Gigabyte,CUS0240,2022-02-12,22:13:52,2022,2,169.99,72,1,0.05,161.49,93.09,57.6,Marketplace,Debit Card,Completed,Cristina
2260,ORD00889,PRD009,WD Black SN850 1TB,Storage,WD,CUS0240,2022-02-12,22:13:52,2022,2,109.99,47,2,0.0,219.98,125.98,57.3,Online,Cash,Completed,Cristina
2261,ORD00889,PRD043,NVIDIA RTX 4080 16GB,GPU,NVIDIA,CUS0240,2022-02-12,22:13:52,2022,2,1199.99,516,1,0.1,1079.99,615.59,57.0,Marketplace,PIX,Completed,Cristina
2262,ORD00890,PRD011,Seagate Barracuda 2TB,Storage,Seagate,CUS0115,2022-04-03,20:49:40,2022,4,54.99,23,1,0.0,54.99,31.99,58.2,Reseller,Bank Transfer,Completed,Alexandre
2263,ORD00890,PRD039,NVIDIA RTX 3070 8GB,GPU,NVIDIA,CUS0115,2022-04-03,20:49:40,2022,4,499.99,215,2,0.1,899.98,512.98,57.0,Phone,Credit Card,Completed,Alexandre
2264,ORD00891,PRD045,AMD RX 6700 XT 12GB,GPU,AMD,CUS0462,2023-08-16,15:12:20,2023,8,399.99,172,1,0.0,399.99,227.99,57.0,Phone,Debit Card,Completed,Felipe
2265,ORD00891,PRD024,MSI MAG B550M MORTAR,Motherboard,MSI,CUS0462,2023-08-16,15:12:20,2023,8,129.99,55,1,0.15,110.49,63.74,57.7,Phone,Cash,Completed,Felipe
2266,ORD00891,PRD040,NVIDIA RTX 3080 10GB,GPU,NVIDIA,CUS0462,2023-08-16,15:12:20,2023,8,699.99,301,1,0.2,559.99,319.19,57.0,Online,Debit Card,Completed,Felipe
2267,ORD00892,PRD010,WD Blue 1TB HDD,Storage,WD,CUS0498,2023-01-27,08:13:59,2023,1,44.99,19,2,0.05,85.48,49.38,57.8,Online,Debit Card,Completed,Patricia
2268,ORD00892,PRD027,Gigabyte Z790 AORUS Master,Motherboard,Gigabyte,CUS0498,2023-01-27,08:13:59,2023,1,449.99,193,2,0.1,809.98,462.58,57.1,In-Store,Boleto,Completed,Patricia
2269,ORD00892,PRD030,Intel Core i5-13600K,Processor,Intel,CUS0498,2023-01-27,08:13:59,2023,1,279.99,120,1,0.1,251.99,143.99,57.1,In-Store,Credit Card,Completed,Patricia
2270,ORD00893,PRD053,Noctua NH-D15,Cooler,Noctua,CUS0339,2023-06-20,10:12:53,2023,6,99.99,43,1,0.1,89.99,51.29,57.0,Marketplace,Boleto,Completed,André
2271,ORD00893,PRD043,NVIDIA RTX 4080 16GB,GPU,NVIDIA,CUS0339,2023-06-20,10:12:53,2023,6,1199.99,516,3,0.1,3239.97,1846.77,57.0,Phone,Bank Transfer,Completed,André
2272,ORD00893,PRD026,Gigabyte B550 AORUS Elite,Motherboard,Gigabyte,CUS0339,2023-06-20,10:12:53,2023,6,169.99,72,2,0.05,322.98,186.18,57.6,Reseller,Debit Card,Completed,André
2273,ORD00894,PRD006,Samsung 970 EVO 500GB,Storage,Samsung,CUS0385,2024-06-24,20:11:15,2024,6,69.99,29,1,0.05,66.49,38.94,58.6,Phone,PIX,Completed,Mariana
2274,ORD00894,PRD053,Noctua NH-D15,Cooler,Noctua,CUS0385,2024-06-24,20:11:15,2024,6,99.99,43,2,0.05,189.98,108.28,57.0,In-Store,Debit Card,Completed,Mariana
2275,ORD00894,PRD024,MSI MAG B550M MORTAR,Motherboard,MSI,CUS0385,2024-06-24,20:11:15,2024,6,129.99,55,1,0.1,116.99,67.49,57.7,Online,Boleto,Completed,Mariana
2276,ORD00895,PRD019,Kingston Fury Beast 16GB DDR4,Memory,Kingston,CUS0437,2023-09-24,13:57:40,2023,9,54.99,23,1,0.05,52.24,30.39,58.2,Reseller,Bank Transfer,Completed,Beatriz
2277,ORD00895,PRD011,Seagate Barracuda 2TB,Storage,Seagate,CUS0437,2023-09-24,13:57:40,2023,9,54.99,23,1,0.0,54.99,31.99,58.2,Online,PIX,Completed,Beatriz
2278,ORD00895,PRD037,AMD Ryzen 9 7900X,Processor,AMD,CUS0437,2023-09-24,13:57:40,2023,9,549.99,236,1,0.2,439.99,251.19,57.1,Reseller,Cash,Completed,Beatriz
2279,ORD00896,PRD012,Seagate Barracuda 4TB,Storage,Seagate,CUS0129,2022-05-25,21:44:04,2022,5,89.99,38,1,0.1,80.99,46.79,57.8,Marketplace,Credit Card,Completed,Leticia
2280,ORD00897,PRD010,WD Blue 1TB HDD,Storage,WD,CUS0168,2024-11-01,16:08:34,2024,11,44.99,19,1,0.25,33.74,19.49,57.8,Marketplace,Credit Card,Completed,Natalia
2281,ORD00897,PRD023,ASUS TUF Gaming B660M,Motherboard,ASUS,CUS0168,2024-11-01,16:08:34,2024,11,159.99,68,3,0.0,479.97,275.97,57.5,Online,Boleto,Completed,Natalia
2282,ORD00897,PRD058,DeepCool AK620,Cooler,DeepCool,CUS0168,2024-11-01,16:08:34,2024,11,54.99,23,1,0.0,54.99,31.99,58.2,Reseller,Credit Card,Completed,Natalia
2283,ORD00897,PRD041,NVIDIA RTX 4060 8GB,GPU,NVIDIA,CUS0168,2024-11-01,16:08:34,2024,11,299.99,129,1,0.0,299.99,170.99,57.0,Marketplace,Debit Card,Completed,Natalia
2284,ORD00898,PRD053,Noctua NH-D15,Cooler,Noctua,CUS0489,2023-06-22,10:50:08,2023,6,99.99,43,1,0.0,99.99,56.99,57.0,Online,Credit Card,Completed,Carlos
2285,ORD00898,PRD041,NVIDIA RTX 4060 8GB,GPU,NVIDIA,CUS0489,2023-06-22,10:50:08,2023,6,299.99,129,2,0.1,539.98,307.78,57.0,In-Store,Debit Card,Completed,Carlos
2286,ORD00899,PRD054,Noctua NH-U12S,Cooler,Noctua,CUS0495,2024-05-17,11:56:00,2024,5,69.99,30,1,0.0,69.99,39.99,57.1,Marketplace,Cash,Completed,Pedro
2287,ORD00899,PRD026,Gigabyte B550 AORUS Elite,Motherboard,Gigabyte,CUS0495,2024-05-17,11:56:00,2024,5,169.99,72,2,0.1,305.98,176.38,57.6,Online,PIX,Completed,Pedro
2288,ORD00899,PRD011,Seagate Barracuda 2TB,Storage,Seagate,CUS0495,2024-05-17,11:56:00,2024,5,54.99,23,1,0.0,54.99,31.99,58.2,In-Store,Bank Transfer,Completed,Pedro
2289,ORD00899,PRD060,Thermaltake UX200 ARGB,Cooler,Thermaltake,CUS0495,2024-05-17,11:56:00,2024,5,34.99,15,1,0.1,31.49,17.99,57.1,Online,PIX,Completed,Pedro
2290,ORD00900,PRD040,NVIDIA RTX 3080 10GB,GPU,NVIDIA,CUS0229,2022-09-05,14:05:42,2022,9,699.99,301,1,0.15,594.99,339.14,57.0,In-Store,Credit Card,Completed,Daniela
2291,ORD00900,PRD012,Seagate Barracuda 4TB,Storage,Seagate,CUS0229,2022-09-05,14:05:42,2022,9,89.99,38,1,0.0,89.99,51.99,57.8,Reseller,Credit Card,Completed,Daniela
2292,ORD00900,PRD001,Kingston A400 240GB,Storage,Kingston,CUS0229,2022-09-05,14:05:42,2022,9,29.99,13,2,0.05,56.98,32.28,56.7,Marketplace,Credit Card,Completed,Daniela
2293,ORD00901,PRD049,Corsair RM850 Modular,PSU,Corsair,CUS0416,2024-06-24,18:17:14,2024,6,139.99,60,1,0.05,132.99,75.99,57.1,In-Store,Cash,Completed,Carlos
2294,ORD00901,PRD006,Samsung 970 EVO 500GB,Storage,Samsung,CUS0416,2024-06-24,18:17:14,2024,6,69.99,29,2,0.0,139.98,81.98,58.6,Reseller,PIX,Completed,Carlos
2295,ORD00901,PRD018,G.Skill Trident Z5 64GB DDR5,Memory,G.Skill,CUS0416,2024-06-24,18:17:14,2024,6,289.99,124,1,0.05,275.49,157.69,57.2,Online,Bank Transfer,Completed,Carlos
2296,ORD00901,PRD003,Kingston A400 960GB,Storage,Kingston,CUS0416,2024-06-24,18:17:14,2024,6,89.99,38,1,0.0,89.99,51.99,57.8,Online,Debit Card,Completed,Carlos
2297,ORD00902,PRD011,Seagate Barracuda 2TB,Storage,Seagate,CUS0042,2022-06-27,18:21:39,2022,6,54.99,23,1,0.0,54.99,31.99,58.2,Online,PIX,Completed,Juliana
2298,ORD00902,PRD026,Gigabyte B550 AORUS Elite,Motherboard,Gigabyte,CUS0042,2022-06-27,18:21:39,2022,6,169.99,72,1,0.05,161.49,93.09,57.6,In-Store,Boleto,Completed,Juliana
2299,ORD00903,PRD042,NVIDIA RTX 4070 12GB,GPU,NVIDIA,CUS0091,2023-01-05,10:30:13,2023,1,599.99,258,2,0.0,1199.98,683.98,57.0,Reseller,Boleto,Completed,Mariana
2300,ORD00903,PRD024,MSI MAG B550M MORTAR,Motherboard,MSI,CUS0091,2023-01-05,10:30:13,2023,1,129.99,55,1,0.15,110.49,63.74,57.7,Online,Bank Transfer,Completed,Mariana
2301,ORD00903,PRD032,Intel Core i9-12900K,Processor,Intel,CUS0091,2023-01-05,10:30:13,2023,1,569.99,245,1,0.05,541.49,308.74,57.0,Phone,Boleto,Completed,Mariana
2302,ORD00904,PRD049,Corsair RM850 Modular,PSU,Corsair,CUS0056,2024-10-21,12:08:46,2024,10,139.99,60,3,0.0,419.97,239.97,57.1,Online,Boleto,Completed,Marcelo
2303,ORD00905,PRD046,AMD RX 7900 XTX 24GB,GPU,AMD,CUS0114,2023-12-22,13:19:27,2023,12,999.99,430,4,0.0,3999.96,2279.96,57.0,Online,Cash,Completed,Paulo
2304,ORD00906,PRD055,Corsair H100i RGB 240mm,Cooler,Corsair,CUS0078,2024-11-05,22:41:28,2024,11,129.99,56,1,0.05,123.49,70.29,56.9,In-Store,Boleto,Completed,Daniela
2305,ORD00906,PRD042,NVIDIA RTX 4070 12GB,GPU,NVIDIA,CUS0078,2024-11-05,22:41:28,2024,11,599.99,258,2,0.0,1199.98,683.98,57.0,In-Store,Cash,Completed,Daniela
2306,ORD00907,PRD058,DeepCool AK620,Cooler,DeepCool,CUS0172,2024-12-23,08:45:34,2024,12,54.99,23,1,0.0,54.99,31.99,58.2,Phone,Boleto,Completed,Natalia
2307,ORD00907,PRD003,Kingston A400 960GB,Storage,Kingston,CUS0172,2024-12-23,08:45:34,2024,12,89.99,38,1,0.0,89.99,51.99,57.8,Marketplace,Credit Card,Completed,Natalia
2308,ORD00907,PRD009,WD Black SN850 1TB,Storage,WD,CUS0172,2024-12-23,08:45:34,2024,12,109.99,47,1,0.0,109.99,62.99,57.3,In-Store,Cash,Completed,Natalia
2309,ORD00908,PRD026,Gigabyte B550 AORUS Elite,Motherboard,Gigabyte,CUS0453,2023-10-21,10:23:14,2023,10,169.99,72,4,0.0,679.96,391.96,57.6,Online,Boleto,Completed,Rafael
2310,ORD00909,PRD056,Corsair H150i Elite 360mm,Cooler,Corsair,CUS0048,2023-03-06,16:36:17,2023,3,169.99,73,1,0.2,135.99,77.59,57.1,Reseller,Debit Card,Completed,Tatiana
2311,ORD00909,PRD039,NVIDIA RTX 3070 8GB,GPU,NVIDIA,CUS0048,2023-03-06,16:36:17,2023,3,499.99,215,1,0.0,499.99,284.99,57.0,In-Store,Debit Card,Completed,Tatiana
2312,ORD00909,PRD034,AMD Ryzen 5 7600X,Processor,AMD,CUS0048,2023-03-06,16:36:17,2023,3,249.99,107,1,0.05,237.49,135.84,57.2,Phone,Cash,Completed,Tatiana
2313,ORD00910,PRD014,Corsair Vengeance 16GB DDR4,Memory,Corsair,CUS0358,2022-10-14,17:41:54,2022,10,59.99,25,2,0.0,119.98,69.98,58.3,In-Store,Cash,Completed,Eduardo
2314,ORD00911,PRD057,NZXT Kraken X73 360mm,Cooler,NZXT,CUS0035,2024-11-15,19:38:05,2024,11,189.99,81,1,0.1,170.99,98.09,57.4,In-Store,Credit Card,Completed,Roberto
2315,ORD00912,PRD013,Corsair Vengeance 8GB DDR4,Memory,Corsair,CUS0177,2024-05-30,08:32:10,2024,5,29.99,12,1,0.0,29.99,17.99,60.0,Online,Boleto,Completed,Eduardo
2316,ORD00912,PRD043,NVIDIA RTX 4080 16GB,GPU,NVIDIA,CUS0177,2024-05-30,08:32:10,2024,5,1199.99,516,1,0.05,1139.99,649.79,57.0,Online,Credit Card,Completed,Eduardo
2317,ORD00913,PRD030,Intel Core i5-13600K,Processor,Intel,CUS0400,2022-02-16,09:35:00,2022,2,279.99,120,1,0.1,251.99,143.99,57.1,Online,Boleto,Completed,Diego
2318,ORD00913,PRD045,AMD RX 6700 XT 12GB,GPU,AMD,CUS0400,2022-02-16,09:35:00,2022,2,399.99,172,4,0.05,1519.96,866.36,57.0,Marketplace,Debit Card,Completed,Diego
2319,ORD00913,PRD018,G.Skill Trident Z5 64GB DDR5,Memory,G.Skill,CUS0400,2022-02-16,09:35:00,2022,2,289.99,124,1,0.05,275.49,157.69,57.2,Online,Credit Card,Completed,Diego
2320,ORD00913,PRD006,Samsung 970 EVO 500GB,Storage,Samsung,CUS0400,2022-02-16,09:35:00,2022,2,69.99,29,2,0.25,104.98,61.48,58.6,Marketplace,Boleto,Completed,Diego
2321,ORD00914,PRD015,Corsair Vengeance 32GB DDR4,Memory,Corsair,CUS0342,2024-11-20,10:50:04,2024,11,109.99,47,3,0.0,329.97,188.97,57.3,Reseller,Boleto,Completed,Eduardo
2322,ORD00915,PRD026,Gigabyte B550 AORUS Elite,Motherboard,Gigabyte,CUS0253,2022-11-02,12:52:04,2022,11,169.99,72,2,0.05,322.98,186.18,57.6,Reseller,Debit Card,Completed,Natalia
2323,ORD00915,PRD017,G.Skill Trident Z5 32GB DDR5,Memory,G.Skill,CUS0253,2022-11-02,12:52:04,2022,11,149.99,64,1,0.0,149.99,85.99,57.3,Online,Cash,Completed,Natalia
2324,ORD00915,PRD059,Cooler Master Hyper 212,Cooler,Cooler Master,CUS0253,2022-11-02,12:52:04,2022,11,39.99,17,3,0.05,113.97,65.52,57.5,Online,Bank Transfer,Completed,Natalia
2325,ORD00916,PRD058,DeepCool AK620,Cooler,DeepCool,CUS0039,2022-12-31,20:33:08,2022,12,54.99,23,1,0.0,54.99,31.99,58.2,Marketplace,Credit Card,Completed,Carlos
2326,ORD00917,PRD001,Kingston A400 240GB,Storage,Kingston,CUS0123,2022-06-01,15:32:11,2022,6,29.99,13,1,0.0,29.99,16.99,56.7,Phone,Cash,Completed,Viviane
2327,ORD00917,PRD022,ASUS ROG Strix Z690-A,Motherboard,ASUS,CUS0123,2022-06-01,15:32:11,2022,6,319.99,137,1,0.0,319.99,182.99,57.2,Online,Credit Card,Completed,Viviane
2328,ORD00918,PRD017,G.Skill Trident Z5 32GB DDR5,Memory,G.Skill,CUS0365,2022-05-08,20:41:00,2022,5,149.99,64,1,0.0,149.99,85.99,57.3,Phone,Bank Transfer,Completed,Gabriel
2329,ORD00919,PRD030,Intel Core i5-13600K,Processor,Intel,CUS0027,2023-11-08,09:05:44,2023,11,279.99,120,1,0.0,279.99,159.99,57.1,In-Store,Debit Card,Completed,Roberto
2330,ORD00919,PRD023,ASUS TUF Gaming B660M,Motherboard,ASUS,CUS0027,2023-11-08,09:05:44,2023,11,159.99,68,4,0.2,511.97,294.37,57.5,Reseller,Credit Card,Completed,Roberto
2331,ORD00919,PRD027,Gigabyte Z790 AORUS Master,Motherboard,Gigabyte,CUS0027,2023-11-08,09:05:44,2023,11,449.99,193,1,0.05,427.49,244.14,57.1,Phone,Bank Transfer,Completed,Roberto
2332,ORD00919,PRD034,AMD Ryzen 5 7600X,Processor,AMD,CUS0027,2023-11-08,09:05:44,2023,11,249.99,107,2,0.1,449.98,257.38,57.2,Marketplace,PIX,Completed,Roberto
2333,ORD00920,PRD037,AMD Ryzen 9 7900X,Processor,AMD,CUS0226,2023-11-07,14:35:31,2023,11,549.99,236,4,0.0,2199.96,1255.96,57.1,Online,Credit Card,Completed,João
2334,ORD00921,PRD017,G.Skill Trident Z5 32GB DDR5,Memory,G.Skill,CUS0451,2024-08-04,14:47:20,2024,8,149.99,64,3,0.1,404.97,232.17,57.3,Marketplace,Credit Card,Completed,Ricardo
2335,ORD00922,PRD002,Kingston A400 480GB,Storage,Kingston,CUS0442,2023-08-05,16:58:19,2023,8,49.99,21,4,0.1,179.96,104.36,58.0,Reseller,Credit Card,Completed,Monica
2336,ORD00922,PRD017,G.Skill Trident Z5 32GB DDR5,Memory,G.Skill,CUS0442,2023-08-05,16:58:19,2023,8,149.99,64,1,0.2,119.99,68.79,57.3,Reseller,PIX,Completed,Monica
2337,ORD00922,PRD054,Noctua NH-U12S,Cooler,Noctua,CUS0442,2023-08-05,16:58:19,2023,8,69.99,30,1,0.0,69.99,39.99,57.1,Phone,Boleto,Completed,Monica
2338,ORD00923,PRD015,Corsair Vengeance 32GB DDR4,Memory,Corsair,CUS0214,2023-08-15,16:19:23,2023,8,109.99,47,1,0.15,93.49,53.54,57.3,Online,PIX,Completed,Beatriz
2339,ORD00923,PRD012,Seagate Barracuda 4TB,Storage,Seagate,CUS0214,2023-08-15,16:19:23,2023,8,89.99,38,1,0.05,85.49,49.39,57.8,Phone,Cash,Completed,Beatriz
2340,ORD00923,PRD004,Samsung 870 EVO 500GB,Storage,Samsung,CUS0214,2023-08-15,16:19:23,2023,8,79.99,34,3,0.2,191.98,110.38,57.5,Phone,Cash,Completed,Beatriz
2341,ORD00923,PRD049,Corsair RM850 Modular,PSU,Corsair,CUS0214,2023-08-15,16:19:23,2023,8,139.99,60,1,0.05,132.99,75.99,57.1,In-Store,Credit Card,Completed,Beatriz
2342,ORD00924,PRD050,EVGA SuperNOVA 650W,PSU,EVGA,CUS0458,2023-01-26,20:59:36,2023,1,89.99,38,1,0.0,89.99,51.99,57.8,Reseller,Debit Card,Completed,Aline
2343,ORD00924,PRD054,Noctua NH-U12S,Cooler,Noctua,CUS0458,2023-01-26,20:59:36,2023,1,69.99,30,1,0.0,69.99,39.99,57.1,Phone,Credit Card,Completed,Aline
2344,ORD00924,PRD014,Corsair Vengeance 16GB DDR4,Memory,Corsair,CUS0458,2023-01-26,20:59:36,2023,1,59.99,25,4,0.05,227.96,132.96,58.3,Marketplace,Cash,Completed,Aline
2345,ORD00925,PRD034,AMD Ryzen 5 7600X,Processor,AMD,CUS0193,2023-01-19,08:09:38,2023,1,249.99,107,1,0.1,224.99,128.69,57.2,Online,Boleto,Completed,Adriana
2346,ORD00925,PRD019,Kingston Fury Beast 16GB DDR4,Memory,Kingston,CUS0193,2023-01-19,08:09:38,2023,1,54.99,23,1,0.1,49.49,28.79,58.2,Phone,PIX,Completed,Adriana
2347,ORD00926,PRD049,Corsair RM850 Modular,PSU,Corsair,CUS0384,2024-06-10,09:35:15,2024,6,139.99,60,1,0.15,118.99,67.99,57.1,Reseller,Credit Card,Completed,Lucas
2348,ORD00926,PRD019,Kingston Fury Beast 16GB DDR4,Memory,Kingston,CUS0384,2024-06-10,09:35:15,2024,6,54.99,23,1,0.0,54.99,31.99,58.2,In-Store,Debit Card,Completed,Lucas
2349,ORD00926,PRD056,Corsair H150i Elite 360mm,Cooler,Corsair,CUS0384,2024-06-10,09:35:15,2024,6,169.99,73,1,0.05,161.49,92.14,57.1,In-Store,Credit Card,Completed,Lucas
2350,ORD00926,PRD024,MSI MAG B550M MORTAR,Motherboard,MSI,CUS0384,2024-06-10,09:35:15,2024,6,129.99,55,4,0.15,441.97,254.97,57.7,Reseller,Boleto,Completed,Lucas
2351,ORD00927,PRD043,NVIDIA RTX 4080 16GB,GPU,NVIDIA,CUS0218,2022-06-30,14:41:59,2022,6,1199.99,516,1,0.2,959.99,547.19,57.0,Phone,Credit Card,Completed,Alexandre
2352,ORD00927,PRD007,Samsung 970 EVO 1TB,Storage,Samsung,CUS0218,2022-06-30,14:41:59,2022,6,119.99,51,1,0.0,119.99,68.99,57.5,In-Store,PIX,Completed,Alexandre
2353,ORD00927,PRD030,Intel Core i5-13600K,Processor,Intel,CUS0218,2022-06-30,14:41:59,2022,6,279.99,120,1,0.2,223.99,127.99,57.1,In-Store,Cash,Completed,Alexandre
2354,ORD00928,PRD018,G.Skill Trident Z5 64GB DDR5,Memory,G.Skill,CUS0305,2022-01-18,14:00:12,2022,1,289.99,124,1,0.0,289.99,165.99,57.2,Phone,Cash,Completed,Natalia
2355,ORD00928,PRD043,NVIDIA RTX 4080 16GB,GPU,NVIDIA,CUS0305,2022-01-18,14:00:12,2022,1,1199.99,516,1,0.0,1199.99,683.99,57.0,Marketplace,PIX,Completed,Natalia
2356,ORD00929,PRD015,Corsair Vengeance 32GB DDR4,Memory,Corsair,CUS0177,2023-12-01,22:22:58,2023,12,109.99,47,1,0.0,109.99,62.99,57.3,Online,Debit Card,Completed,Eduardo
2357,ORD00929,PRD057,NZXT Kraken X73 360mm,Cooler,NZXT,CUS0177,2023-12-01,22:22:58,2023,12,189.99,81,1,0.05,180.49,103.54,57.4,Marketplace,Credit Card,Completed,Eduardo
2358,ORD00929,PRD011,Seagate Barracuda 2TB,Storage,Seagate,CUS0177,2023-12-01,22:22:58,2023,12,54.99,23,2,0.0,109.98,63.98,58.2,Online,Debit Card,Completed,Eduardo
2359,ORD00930,PRD018,G.Skill Trident Z5 64GB DDR5,Memory,G.Skill,CUS0159,2022-12-29,09:16:42,2022,12,289.99,124,1,0.25,217.49,124.49,57.2,In-Store,Credit Card,Completed,Alexandre
2360,ORD00930,PRD004,Samsung 870 EVO 500GB,Storage,Samsung,CUS0159,2022-12-29,09:16:42,2022,12,79.99,34,4,0.0,319.96,183.96,57.5,Online,Cash,Completed,Alexandre
2361,ORD00930,PRD059,Cooler Master Hyper 212,Cooler,Cooler Master,CUS0159,2022-12-29,09:16:42,2022,12,39.99,17,1,0.0,39.99,22.99,57.5,Online,PIX,Completed,Alexandre
2362,ORD00930,PRD036,AMD Ryzen 9 5900X,Processor,AMD,CUS0159,2022-12-29,09:16:42,2022,12,449.99,193,3,0.05,1282.47,732.42,57.1,Online,Debit Card,Completed,Alexandre
2363,ORD00931,PRD059,Cooler Master Hyper 212,Cooler,Cooler Master,CUS0138,2023-12-07,21:07:23,2023,12,39.99,17,3,0.05,113.97,65.52,57.5,Marketplace,Credit Card,Completed,João
2364,ORD00931,PRD012,Seagate Barracuda 4TB,Storage,Seagate,CUS0138,2023-12-07,21:07:23,2023,12,89.99,38,1,0.2,71.99,41.59,57.8,In-Store,Credit Card,Completed,João
2365,ORD00931,PRD054,Noctua NH-U12S,Cooler,Noctua,CUS0138,2023-12-07,21:07:23,2023,12,69.99,30,1,0.05,66.49,37.99,57.1,Phone,Boleto,Completed,João
2366,ORD00932,PRD059,Cooler Master Hyper 212,Cooler,Cooler Master,CUS0163,2023-05-31,22:52:30,2023,5,39.99,17,1,0.05,37.99,21.84,57.5,Marketplace,PIX,Completed,Beatriz
2367,ORD00932,PRD005,Samsung 870 EVO 1TB,Storage,Samsung,CUS0163,2023-05-31,22:52:30,2023,5,129.99,56,1,0.15,110.49,62.89,56.9,In-Store,Credit Card,Completed,Beatriz
2368,ORD00933,PRD044,AMD RX 6600 8GB,GPU,AMD,CUS0157,2022-08-15,13:25:49,2022,8,289.99,124,1,0.1,260.99,149.39,57.2,Phone,PIX,Completed,Fabio
2369,ORD00934,PRD027,Gigabyte Z790 AORUS Master,Motherboard,Gigabyte,CUS0428,2023-05-06,16:12:13,2023,5,449.99,193,1,0.0,449.99,256.99,57.1,Phone,Cash,Completed,Alexandre
2370,ORD00934,PRD053,Noctua NH-D15,Cooler,Noctua,CUS0428,2023-05-06,16:12:13,2023,5,99.99,43,3,0.15,254.97,145.32,57.0,Phone,Credit Card,Completed,Alexandre
2371,ORD00935,PRD024,MSI MAG B550M MORTAR,Motherboard,MSI,CUS0457,2022-05-26,16:28:46,2022,5,129.99,55,1,0.15,110.49,63.74,57.7,Reseller,Bank Transfer,Completed,Aline
2372,ORD00936,PRD007,Samsung 970 EVO 1TB,Storage,Samsung,CUS0228,2023-04-08,12:38:33,2023,4,119.99,51,1,0.0,119.99,68.99,57.5,Online,Debit Card,Completed,Eduardo
2373,ORD00936,PRD032,Intel Core i9-12900K,Processor,Intel,CUS0228,2023-04-08,12:38:33,2023,4,569.99,245,1,0.05,541.49,308.74,57.0,Marketplace,Credit Card,Completed,Eduardo
2374,ORD00936,PRD036,AMD Ryzen 9 5900X,Processor,AMD,CUS0228,2023-04-08,12:38:33,2023,4,449.99,193,1,0.1,404.99,231.29,57.1,Phone,Boleto,Completed,Eduardo
2375,ORD00937,PRD031,Intel Core i7-12700K,Processor,Intel,CUS0397,2023-01-13,15:15:39,2023,1,369.99,159,3,0.0,1109.97,632.97,57.0,Reseller,Bank Transfer,Completed,André
2376,ORD00937,PRD055,Corsair H100i RGB 240mm,Cooler,Corsair,CUS0397,2023-01-13,15:15:39,2023,1,129.99,56,2,0.1,233.98,133.18,56.9,Marketplace,Credit Card,Completed,André
2377,ORD00937,PRD008,Samsung 970 EVO 2TB,Storage,Samsung,CUS0397,2023-01-13,15:15:39,2023,1,219.99,94,1,0.0,219.99,125.99,57.3,Online,PIX,Completed,André
2378,ORD00937,PRD037,AMD Ryzen 9 7900X,Processor,AMD,CUS0397,2023-01-13,15:15:39,2023,1,549.99,236,1,0.0,549.99,313.99,57.1,In-Store,Bank Transfer,Completed,André
2379,ORD00938,PRD044,AMD RX 6600 8GB,GPU,AMD,CUS0425,2024-02-04,18:10:21,2024,2,289.99,124,1,0.0,289.99,165.99,57.2,Phone,Credit Card,Completed,Leandro
2380,ORD00938,PRD049,Corsair RM850 Modular,PSU,Corsair,CUS0425,2024-02-04,18:10:21,2024,2,139.99,60,1,0.0,139.99,79.99,57.1,Online,Boleto,Completed,Leandro
2381,ORD00939,PRD023,ASUS TUF Gaming B660M,Motherboard,ASUS,CUS0376,2023-05-17,15:11:57,2023,5,159.99,68,3,0.2,383.98,220.78,57.5,Reseller,Debit Card,Completed,Viviane
2382,ORD00939,PRD032,Intel Core i9-12900K,Processor,Intel,CUS0376,2023-05-17,15:11:57,2023,5,569.99,245,1,0.1,512.99,292.49,57.0,Marketplace,PIX,Completed,Viviane
2383,ORD00939,PRD058,DeepCool AK620,Cooler,DeepCool,CUS0376,2023-05-17,15:11:57,2023,5,54.99,23,1,0.05,52.24,30.39,58.2,In-Store,Credit Card,Completed,Viviane
2384,ORD00940,PRD002,Kingston A400 480GB,Storage,Kingston,CUS0255,2024-10-25,12:01:19,2024,10,49.99,21,1,0.15,42.49,24.64,58.0,Online,Credit Card,Completed,Monica
2385,ORD00940,PRD050,EVGA SuperNOVA 650W,PSU,EVGA,CUS0255,2024-10-25,12:01:19,2024,10,89.99,38,3,0.1,242.97,140.37,57.8,Online,Debit Card,Completed,Monica
2386,ORD00941,PRD011,Seagate Barracuda 2TB,Storage,Seagate,CUS0434,2024-03-16,08:21:26,2024,3,54.99,23,1,0.0,54.99,31.99,58.2,Phone,Debit Card,Completed,Adriana
2387,ORD00941,PRD028,Intel Core i3-12100,Processor,Intel,CUS0434,2024-03-16,08:21:26,2024,3,119.99,51,1,0.0,119.99,68.99,57.5,Phone,Credit Card,Completed,Adriana
2388,ORD00941,PRD033,AMD Ryzen 5 5600X,Processor,AMD,CUS0434,2024-03-16,08:21:26,2024,3,229.99,98,1,0.0,229.99,131.99,57.4,Marketplace,Credit Card,Completed,Adriana
2389,ORD00941,PRD046,AMD RX 7900 XTX 24GB,GPU,AMD,CUS0434,2024-03-16,08:21:26,2024,3,999.99,430,3,0.2,2399.98,1367.98,57.0,In-Store,PIX,Completed,Adriana
2390,ORD00942,PRD059,Cooler Master Hyper 212,Cooler,Cooler Master,CUS0452,2023-12-02,08:40:14,2023,12,39.99,17,4,0.0,159.96,91.96,57.5,Online,PIX,Completed,Cristina
2391,ORD00942,PRD053,Noctua NH-D15,Cooler,Noctua,CUS0452,2023-12-02,08:40:14,2023,12,99.99,43,1,0.0,99.99,56.99,57.0,Phone,Boleto,Completed,Cristina
2392,ORD00942,PRD039,NVIDIA RTX 3070 8GB,GPU,NVIDIA,CUS0452,2023-12-02,08:40:14,2023,12,499.99,215,1,0.1,449.99,256.49,57.0,Reseller,Debit Card,Completed,Cristina
2393,ORD00942,PRD033,AMD Ryzen 5 5600X,Processor,AMD,CUS0452,2023-12-02,08:40:14,2023,12,229.99,98,1,0.0,229.99,131.99,57.4,In-Store,Cash,Completed,Cristina
2394,ORD00943,PRD038,NVIDIA RTX 3060 12GB,GPU,NVIDIA,CUS0408,2024-01-07,13:30:03,2024,1,329.99,141,1,0.05,313.49,179.54,57.3,Marketplace,Bank Transfer,Completed,Claudia
2395,ORD00943,PRD015,Corsair Vengeance 32GB DDR4,Memory,Corsair,CUS0408,2024-01-07,13:30:03,2024,1,109.99,47,2,0.0,219.98,125.98,57.3,Reseller,PIX,Completed,Claudia
2396,ORD00943,PRD011,Seagate Barracuda 2TB,Storage,Seagate,CUS0408,2024-01-07,13:30:03,2024,1,54.99,23,1,0.1,49.49,28.79,58.2,Phone,PIX,Completed,Claudia
2397,ORD00944,PRD045,AMD RX 6700 XT 12GB,GPU,AMD,CUS0404,2023-03-25,12:20:53,2023,3,399.99,172,1,0.15,339.99,193.79,57.0,Online,Debit Card,Completed,Leticia
2398,ORD00944,PRD051,be quiet! Straight Power 850W,PSU,be quiet!,CUS0404,2023-03-25,12:20:53,2023,3,169.99,73,2,0.2,271.98,155.18,57.1,Phone,Credit Card,Completed,Leticia
2399,ORD00945,PRD022,ASUS ROG Strix Z690-A,Motherboard,ASUS,CUS0117,2022-12-22,14:58:34,2022,12,319.99,137,2,0.1,575.98,329.38,57.2,Marketplace,PIX,Completed,Vanessa
2400,ORD00946,PRD020,Kingston Fury Beast 32GB DDR4,Memory,Kingston,CUS0215,2024-12-18,16:17:07,2024,12,99.99,43,3,0.05,284.97,162.42,57.0,Reseller,Credit Card,Completed,Juliana
2401,ORD00946,PRD014,Corsair Vengeance 16GB DDR4,Memory,Corsair,CUS0215,2024-12-18,16:17:07,2024,12,59.99,25,2,0.25,89.98,52.48,58.3,In-Store,Bank Transfer,Completed,Juliana
2402,ORD00946,PRD053,Noctua NH-D15,Cooler,Noctua,CUS0215,2024-12-18,16:17:07,2024,12,99.99,43,1,0.0,99.99,56.99,57.0,Reseller,Boleto,Completed,Juliana
2403,ORD00947,PRD051,be quiet! Straight Power 850W,PSU,be quiet!,CUS0005,2024-01-25,15:41:05,2024,1,169.99,73,1,0.0,169.99,96.99,57.1,Online,Debit Card,Completed,João
2404,ORD00947,PRD041,NVIDIA RTX 4060 8GB,GPU,NVIDIA,CUS0005,2024-01-25,15:41:05,2024,1,299.99,129,1,0.0,299.99,170.99,57.0,Marketplace,Boleto,Completed,João
2405,ORD00947,PRD037,AMD Ryzen 9 7900X,Processor,AMD,CUS0005,2024-01-25,15:41:05,2024,1,549.99,236,1,0.05,522.49,298.29,57.1,In-Store,Boleto,Completed,João
2406,ORD00947,PRD006,Samsung 970 EVO 500GB,Storage,Samsung,CUS0005,2024-01-25,15:41:05,2024,1,69.99,29,1,0.15,59.49,34.84,58.6,Online,Bank Transfer,Completed,João
2407,ORD00948,PRD057,NZXT Kraken X73 360mm,Cooler,NZXT,CUS0412,2023-09-06,17:23:34,2023,9,189.99,81,1,0.1,170.99,98.09,57.4,Marketplace,Bank Transfer,Completed,Sergio
2408,ORD00948,PRD001,Kingston A400 240GB,Storage,Kingston,CUS0412,2023-09-06,17:23:34,2023,9,29.99,13,2,0.05,56.98,32.28,56.7,In-Store,Boleto,Completed,Sergio
2409,ORD00948,PRD028,Intel Core i3-12100,Processor,Intel,CUS0412,2023-09-06,17:23:34,2023,9,119.99,51,1,0.0,119.99,68.99,57.5,Phone,Credit Card,Completed,Sergio
2410,ORD00949,PRD022,ASUS ROG Strix Z690-A,Motherboard,ASUS,CUS0038,2023-09-24,14:53:28,2023,9,319.99,137,1,0.0,319.99,182.99,57.2,In-Store,Debit Card,Completed,Leonardo
2411,ORD00950,PRD031,Intel Core i7-12700K,Processor,Intel,CUS0121,2022-05-03,10:39:26,2022,5,369.99,159,2,0.15,628.98,358.68,57.0,Marketplace,Debit Card,Completed,Fernanda
2412,ORD00951,PRD036,AMD Ryzen 9 5900X,Processor,AMD,CUS0055,2023-06-25,22:27:53,2023,6,449.99,193,3,0.0,1349.97,770.97,57.1,Online,Credit Card,Completed,Carla
2413,ORD00951,PRD025,MSI PRO Z690-A,Motherboard,MSI,CUS0055,2023-06-25,22:27:53,2023,6,189.99,81,1,0.0,189.99,108.99,57.4,Online,PIX,Completed,Carla
2414,ORD00952,PRD004,Samsung 870 EVO 500GB,Storage,Samsung,CUS0391,2023-11-21,22:13:54,2023,11,79.99,34,1,0.15,67.99,39.09,57.5,Online,Debit Card,Completed,Matheus
2415,ORD00952,PRD007,Samsung 970 EVO 1TB,Storage,Samsung,CUS0391,2023-11-21,22:13:54,2023,11,119.99,51,1,0.0,119.99,68.99,57.5,Reseller,Debit Card,Completed,Matheus
2416,ORD00952,PRD021,ASUS ROG Strix B550-F,Motherboard,ASUS,CUS0391,2023-11-21,22:13:54,2023,11,219.99,94,4,0.1,791.96,453.56,57.3,Reseller,PIX,Completed,Matheus
2417,ORD00953,PRD001,Kingston A400 240GB,Storage,Kingston,CUS0081,2024-07-16,08:25:03,2024,7,29.99,13,1,0.0,29.99,16.99,56.7,Marketplace,Cash,Completed,Carla
2418,ORD00953,PRD030,Intel Core i5-13600K,Processor,Intel,CUS0081,2024-07-16,08:25:03,2024,7,279.99,120,1,0.0,279.99,159.99,57.1,Marketplace,Debit Card,Completed,Carla
2419,ORD00954,PRD059,Cooler Master Hyper 212,Cooler,Cooler Master,CUS0181,2023-12-27,13:04:13,2023,12,39.99,17,2,0.15,67.98,39.08,57.5,Reseller,Cash,Completed,Cristina
2420,ORD00954,PRD026,Gigabyte B550 AORUS Elite,Motherboard,Gigabyte,CUS0181,2023-12-27,13:04:13,2023,12,169.99,72,2,0.0,339.98,195.98,57.6,Online,Debit Card,Completed,Cristina
2421,ORD00955,PRD032,Intel Core i9-12900K,Processor,Intel,CUS0201,2023-07-14,08:44:28,2023,7,569.99,245,2,0.15,968.98,552.48,57.0,In-Store,Debit Card,Completed,Bruno
2422,ORD00956,PRD006,Samsung 970 EVO 500GB,Storage,Samsung,CUS0011,2023-03-07,11:40:47,2023,3,69.99,29,1,0.25,52.49,30.74,58.6,Reseller,Boleto,Completed,Juliana
2423,ORD00956,PRD048,Corsair RM750 Modular,PSU,Corsair,CUS0011,2023-03-07,11:40:47,2023,3,109.99,47,1,0.15,93.49,53.54,57.3,Reseller,Cash,Completed,Juliana
2424,ORD00957,PRD012,Seagate Barracuda 4TB,Storage,Seagate,CUS0013,2022-03-01,08:26:08,2022,3,89.99,38,1,0.05,85.49,49.39,57.8,Marketplace,Debit Card,Completed,Marcelo
2425,ORD00957,PRD056,Corsair H150i Elite 360mm,Cooler,Corsair,CUS0013,2022-03-01,08:26:08,2022,3,169.99,73,1,0.1,152.99,87.29,57.1,Online,PIX,Completed,Marcelo
2426,ORD00957,PRD044,AMD RX 6600 8GB,GPU,AMD,CUS0013,2022-03-01,08:26:08,2022,3,289.99,124,1,0.0,289.99,165.99,57.2,Online,Cash,Completed,Marcelo
2427,ORD00957,PRD023,ASUS TUF Gaming B660M,Motherboard,ASUS,CUS0013,2022-03-01,08:26:08,2022,3,159.99,68,1,0.1,143.99,82.79,57.5,Marketplace,Cash,Completed,Marcelo
2428,ORD00958,PRD057,NZXT Kraken X73 360mm,Cooler,NZXT,CUS0199,2023-11-14,08:52:59,2023,11,189.99,81,2,0.2,303.98,174.38,57.4,Reseller,Credit Card,Completed,Leonardo
2429,ORD00958,PRD017,G.Skill Trident Z5 32GB DDR5,Memory,G.Skill,CUS0199,2023-11-14,08:52:59,2023,11,149.99,64,1,0.0,149.99,85.99,57.3,Reseller,PIX,Completed,Leonardo
2430,ORD00958,PRD050,EVGA SuperNOVA 650W,PSU,EVGA,CUS0199,2023-11-14,08:52:59,2023,11,89.99,38,4,0.1,323.96,187.16,57.8,Phone,Credit Card,Completed,Leonardo
2431,ORD00958,PRD059,Cooler Master Hyper 212,Cooler,Cooler Master,CUS0199,2023-11-14,08:52:59,2023,11,39.99,17,1,0.1,35.99,20.69,57.5,Phone,Boleto,Completed,Leonardo
2432,ORD00959,PRD037,AMD Ryzen 9 7900X,Processor,AMD,CUS0156,2024-05-22,08:36:55,2024,5,549.99,236,1,0.15,467.49,266.89,57.1,Online,Debit Card,Completed,Alexandre
2433,ORD00959,PRD013,Corsair Vengeance 8GB DDR4,Memory,Corsair,CUS0156,2024-05-22,08:36:55,2024,5,29.99,12,1,0.1,26.99,16.19,60.0,Phone,Debit Card,Completed,Alexandre
2434,ORD00959,PRD055,Corsair H100i RGB 240mm,Cooler,Corsair,CUS0156,2024-05-22,08:36:55,2024,5,129.99,56,1,0.0,129.99,73.99,56.9,Phone,Credit Card,Completed,Alexandre
2435,ORD00959,PRD016,G.Skill Trident Z5 16GB DDR5,Memory,G.Skill,CUS0156,2024-05-22,08:36:55,2024,5,79.99,34,1,0.0,79.99,45.99,57.5,Phone,Credit Card,Completed,Alexandre
2436,ORD00960,PRD037,AMD Ryzen 9 7900X,Processor,AMD,CUS0409,2024-12-21,09:26:22,2024,12,549.99,236,1,0.0,549.99,313.99,57.1,Marketplace,Boleto,Completed,Tatiana
2437,ORD00960,PRD016,G.Skill Trident Z5 16GB DDR5,Memory,G.Skill,CUS0409,2024-12-21,09:26:22,2024,12,79.99,34,1,0.0,79.99,45.99,57.5,In-Store,Cash,Completed,Tatiana
2438,ORD00960,PRD050,EVGA SuperNOVA 650W,PSU,EVGA,CUS0409,2024-12-21,09:26:22,2024,12,89.99,38,1,0.1,80.99,46.79,57.8,Reseller,Credit Card,Completed,Tatiana
2439,ORD00961,PRD060,Thermaltake UX200 ARGB,Cooler,Thermaltake,CUS0421,2024-07-30,20:49:24,2024,7,34.99,15,1,0.05,33.24,18.99,57.1,Marketplace,Bank Transfer,Completed,Felipe
2440,ORD00961,PRD027,Gigabyte Z790 AORUS Master,Motherboard,Gigabyte,CUS0421,2024-07-30,20:49:24,2024,7,449.99,193,1,0.0,449.99,256.99,57.1,In-Store,Bank Transfer,Completed,Felipe
2441,ORD00961,PRD042,NVIDIA RTX 4070 12GB,GPU,NVIDIA,CUS0421,2024-07-30,20:49:24,2024,7,599.99,258,2,0.0,1199.98,683.98,57.0,Reseller,Boleto,Completed,Felipe
2442,ORD00962,PRD003,Kingston A400 960GB,Storage,Kingston,CUS0414,2024-05-06,09:09:31,2024,5,89.99,38,1,0.0,89.99,51.99,57.8,Online,Bank Transfer,Completed,Juliana
2443,ORD00962,PRD052,Thermaltake Toughpower 1000W,PSU,Thermaltake,CUS0414,2024-05-06,09:09:31,2024,5,189.99,81,1,0.0,189.99,108.99,57.4,Marketplace,Boleto,Completed,Juliana
2444,ORD00963,PRD058,DeepCool AK620,Cooler,DeepCool,CUS0278,2022-04-08,09:48:27,2022,4,54.99,23,1,0.0,54.99,31.99,58.2,Phone,Boleto,Completed,Matheus
2445,ORD00963,PRD043,NVIDIA RTX 4080 16GB,GPU,NVIDIA,CUS0278,2022-04-08,09:48:27,2022,4,1199.99,516,1,0.25,899.99,512.99,57.0,In-Store,Boleto,Completed,Matheus
2446,ORD00963,PRD047,Corsair RM650 Modular,PSU,Corsair,CUS0278,2022-04-08,09:48:27,2022,4,89.99,38,2,0.2,143.98,83.18,57.8,Online,Debit Card,Completed,Matheus
2447,ORD00964,PRD054,Noctua NH-U12S,Cooler,Noctua,CUS0432,2024-02-17,19:25:58,2024,2,69.99,30,3,0.0,209.97,119.97,57.1,Reseller,Bank Transfer,Completed,Maria
2448,ORD00964,PRD020,Kingston Fury Beast 32GB DDR4,Memory,Kingston,CUS0432,2024-02-17,19:25:58,2024,2,99.99,43,1,0.0,99.99,56.99,57.0,Marketplace,Debit Card,Completed,Maria
2449,ORD00965,PRD029,Intel Core i5-12400,Processor,Intel,CUS0386,2022-07-31,16:45:06,2022,7,199.99,86,2,0.05,379.98,216.58,57.0,In-Store,Cash,Completed,Mariana
2450,ORD00965,PRD015,Corsair Vengeance 32GB DDR4,Memory,Corsair,CUS0386,2022-07-31,16:45:06,2022,7,109.99,47,1,0.0,109.99,62.99,57.3,Marketplace,Credit Card,Completed,Mariana
2451,ORD00965,PRD011,Seagate Barracuda 2TB,Storage,Seagate,CUS0386,2022-07-31,16:45:06,2022,7,54.99,23,1,0.25,41.24,23.99,58.2,Marketplace,PIX,Completed,Mariana
2452,ORD00966,PRD036,AMD Ryzen 9 5900X,Processor,AMD,CUS0003,2022-10-13,16:25:56,2022,10,449.99,193,1,0.05,427.49,244.14,57.1,Phone,Debit Card,Completed,Priscila
2453,ORD00966,PRD017,G.Skill Trident Z5 32GB DDR5,Memory,G.Skill,CUS0003,2022-10-13,16:25:56,2022,10,149.99,64,2,0.0,299.98,171.98,57.3,Online,Cash,Completed,Priscila
2454,ORD00966,PRD014,Corsair Vengeance 16GB DDR4,Memory,Corsair,CUS0003,2022-10-13,16:25:56,2022,10,59.99,25,2,0.0,119.98,69.98,58.3,Online,Debit Card,Completed,Priscila
2455,ORD00967,PRD024,MSI MAG B550M MORTAR,Motherboard,MSI,CUS0434,2023-04-10,18:12:26,2023,4,129.99,55,3,0.2,311.98,179.98,57.7,Phone,Cash,Completed,Adriana
2456,ORD00968,PRD053,Noctua NH-D15,Cooler,Noctua,CUS0077,2023-03-06,11:12:05,2023,3,99.99,43,1,0.15,84.99,48.44,57.0,In-Store,Bank Transfer,Completed,Alexandre
2457,ORD00968,PRD025,MSI PRO Z690-A,Motherboard,MSI,CUS0077,2023-03-06,11:12:05,2023,3,189.99,81,2,0.0,379.98,217.98,57.4,Marketplace,Cash,Completed,Alexandre
2458,ORD00968,PRD052,Thermaltake Toughpower 1000W,PSU,Thermaltake,CUS0077,2023-03-06,11:12:05,2023,3,189.99,81,3,0.0,569.97,326.97,57.4,Online,Credit Card,Completed,Alexandre
2459,ORD00969,PRD036,AMD Ryzen 9 5900X,Processor,AMD,CUS0211,2022-03-18,16:49:18,2022,3,449.99,193,1,0.15,382.49,218.44,57.1,In-Store,PIX,Completed,Matheus
2460,ORD00969,PRD028,Intel Core i3-12100,Processor,Intel,CUS0211,2022-03-18,16:49:18,2022,3,119.99,51,1,0.0,119.99,68.99,57.5,Online,Debit Card,Completed,Matheus
2461,ORD00969,PRD003,Kingston A400 960GB,Storage,Kingston,CUS0211,2022-03-18,16:49:18,2022,3,89.99,38,2,0.0,179.98,103.98,57.8,Reseller,PIX,Completed,Matheus
2462,ORD00970,PRD035,AMD Ryzen 7 5800X3D,Processor,AMD,CUS0387,2024-04-26,17:46:24,2024,4,349.99,150,1,0.15,297.49,169.99,57.1,Marketplace,Credit Card,Completed,Adriana
2463,ORD00970,PRD055,Corsair H100i RGB 240mm,Cooler,Corsair,CUS0387,2024-04-26,17:46:24,2024,4,129.99,56,1,0.0,129.99,73.99,56.9,Reseller,PIX,Completed,Adriana
2464,ORD00970,PRD040,NVIDIA RTX 3080 10GB,GPU,NVIDIA,CUS0387,2024-04-26,17:46:24,2024,4,699.99,301,1,0.05,664.99,379.04,57.0,Reseller,Debit Card,Completed,Adriana
2465,ORD00971,PRD051,be quiet! Straight Power 850W,PSU,be quiet!,CUS0477,2022-08-28,20:51:06,2022,8,169.99,73,1,0.1,152.99,87.29,57.1,Phone,Bank Transfer,Completed,Patricia
2466,ORD00971,PRD014,Corsair Vengeance 16GB DDR4,Memory,Corsair,CUS0477,2022-08-28,20:51:06,2022,8,59.99,25,2,0.2,95.98,55.98,58.3,Marketplace,Debit Card,Completed,Patricia
2467,ORD00971,PRD006,Samsung 970 EVO 500GB,Storage,Samsung,CUS0477,2022-08-28,20:51:06,2022,8,69.99,29,1,0.0,69.99,40.99,58.6,Reseller,Boleto,Completed,Patricia
2468,ORD00972,PRD004,Samsung 870 EVO 500GB,Storage,Samsung,CUS0017,2024-04-06,21:39:02,2024,4,79.99,34,1,0.0,79.99,45.99,57.5,Reseller,Bank Transfer,Completed,Mariana
2469,ORD00972,PRD031,Intel Core i7-12700K,Processor,Intel,CUS0017,2024-04-06,21:39:02,2024,4,369.99,159,1,0.1,332.99,189.89,57.0,Reseller,Debit Card,Completed,Mariana
2470,ORD00972,PRD043,NVIDIA RTX 4080 16GB,GPU,NVIDIA,CUS0017,2024-04-06,21:39:02,2024,4,1199.99,516,1,0.0,1199.99,683.99,57.0,Phone,Debit Card,Completed,Mariana
2471,ORD00973,PRD047,Corsair RM650 Modular,PSU,Corsair,CUS0061,2022-03-23,09:16:07,2022,3,89.99,38,1,0.0,89.99,51.99,57.8,Reseller,Debit Card,Completed,Marcelo
2472,ORD00973,PRD010,WD Blue 1TB HDD,Storage,WD,CUS0061,2022-03-23,09:16:07,2022,3,44.99,19,1,0.05,42.74,24.69,57.8,Reseller,Credit Card,Completed,Marcelo
2473,ORD00973,PRD034,AMD Ryzen 5 7600X,Processor,AMD,CUS0061,2022-03-23,09:16:07,2022,3,249.99,107,1,0.0,249.99,142.99,57.2,Online,Cash,Completed,Marcelo
2474,ORD00973,PRD040,NVIDIA RTX 3080 10GB,GPU,NVIDIA,CUS0061,2022-03-23,09:16:07,2022,3,699.99,301,2,0.1,1259.98,718.18,57.0,In-Store,Credit Card,Completed,Marcelo
2475,ORD00974,PRD033,AMD Ryzen 5 5600X,Processor,AMD,CUS0320,2022-12-09,08:33:23,2022,12,229.99,98,1,0.0,229.99,131.99,57.4,Reseller,Bank Transfer,Completed,Alexandre
2476,ORD00974,PRD040,NVIDIA RTX 3080 10GB,GPU,NVIDIA,CUS0320,2022-12-09,08:33:23,2022,12,699.99,301,1,0.0,699.99,398.99,57.0,Marketplace,Cash,Completed,Alexandre
2477,ORD00974,PRD014,Corsair Vengeance 16GB DDR4,Memory,Corsair,CUS0320,2022-12-09,08:33:23,2022,12,59.99,25,1,0.0,59.99,34.99,58.3,Phone,Credit Card,Completed,Alexandre
2478,ORD00974,PRD054,Noctua NH-U12S,Cooler,Noctua,CUS0320,2022-12-09,08:33:23,2022,12,69.99,30,3,0.0,209.97,119.97,57.1,Reseller,Debit Card,Completed,Alexandre
2479,ORD00975,PRD039,NVIDIA RTX 3070 8GB,GPU,NVIDIA,CUS0491,2023-09-15,20:07:49,2023,9,499.99,215,1,0.05,474.99,270.74,57.0,Phone,Boleto,Completed,Ana
2480,ORD00975,PRD030,Intel Core i5-13600K,Processor,Intel,CUS0491,2023-09-15,20:07:49,2023,9,279.99,120,2,0.0,559.98,319.98,57.1,Online,Credit Card,Completed,Ana
2481,ORD00975,PRD005,Samsung 870 EVO 1TB,Storage,Samsung,CUS0491,2023-09-15,20:07:49,2023,9,129.99,56,1,0.0,129.99,73.99,56.9,Phone,Boleto,Completed,Ana
2482,ORD00975,PRD035,AMD Ryzen 7 5800X3D,Processor,AMD,CUS0491,2023-09-15,20:07:49,2023,9,349.99,150,3,0.0,1049.97,599.97,57.1,Online,PIX,Completed,Ana
2483,ORD00976,PRD053,Noctua NH-D15,Cooler,Noctua,CUS0445,2023-11-20,09:14:51,2023,11,99.99,43,1,0.0,99.99,56.99,57.0,Marketplace,PIX,Completed,Leandro
2484,ORD00976,PRD037,AMD Ryzen 9 7900X,Processor,AMD,CUS0445,2023-11-20,09:14:51,2023,11,549.99,236,1,0.1,494.99,282.59,57.1,Online,Bank Transfer,Completed,Leandro
2485,ORD00976,PRD032,Intel Core i9-12900K,Processor,Intel,CUS0445,2023-11-20,09:14:51,2023,11,569.99,245,1,0.0,569.99,324.99,57.0,Marketplace,Bank Transfer,Completed,Leandro
2486,ORD00976,PRD045,AMD RX 6700 XT 12GB,GPU,AMD,CUS0445,2023-11-20,09:14:51,2023,11,399.99,172,2,0.0,799.98,455.98,57.0,Marketplace,Boleto,Completed,Leandro
2487,ORD00977,PRD032,Intel Core i9-12900K,Processor,Intel,CUS0334,2022-10-02,17:25:11,2022,10,569.99,245,1,0.0,569.99,324.99,57.0,Marketplace,PIX,Completed,Gustavo
2488,ORD00977,PRD035,AMD Ryzen 7 5800X3D,Processor,AMD,CUS0334,2022-10-02,17:25:11,2022,10,349.99,150,1,0.0,349.99,199.99,57.1,Phone,Boleto,Completed,Gustavo
2489,ORD00977,PRD016,G.Skill Trident Z5 16GB DDR5,Memory,G.Skill,CUS0334,2022-10-02,17:25:11,2022,10,79.99,34,1,0.25,59.99,34.49,57.5,Phone,Boleto,Completed,Gustavo
2490,ORD00978,PRD029,Intel Core i5-12400,Processor,Intel,CUS0079,2024-09-12,19:26:15,2024,9,199.99,86,1,0.05,189.99,108.29,57.0,Phone,Debit Card,Completed,Isabela
2491,ORD00978,PRD049,Corsair RM850 Modular,PSU,Corsair,CUS0079,2024-09-12,19:26:15,2024,9,139.99,60,1,0.05,132.99,75.99,57.1,Marketplace,Cash,Completed,Isabela
2492,ORD00978,PRD043,NVIDIA RTX 4080 16GB,GPU,NVIDIA,CUS0079,2024-09-12,19:26:15,2024,9,1199.99,516,1,0.0,1199.99,683.99,57.0,Online,Debit Card,Completed,Isabela
2493,ORD00978,PRD020,Kingston Fury Beast 32GB DDR4,Memory,Kingston,CUS0079,2024-09-12,19:26:15,2024,9,99.99,43,2,0.0,199.98,113.98,57.0,In-Store,Cash,Completed,Isabela
2494,ORD00979,PRD007,Samsung 970 EVO 1TB,Storage,Samsung,CUS0102,2023-09-19,17:30:31,2023,9,119.99,51,1,0.1,107.99,62.09,57.5,Phone,Credit Card,Completed,João
2495,ORD00980,PRD015,Corsair Vengeance 32GB DDR4,Memory,Corsair,CUS0366,2024-01-28,10:53:22,2024,1,109.99,47,4,0.0,439.96,251.96,57.3,Marketplace,Cash,Completed,Camila
2496,ORD00981,PRD052,Thermaltake Toughpower 1000W,PSU,Thermaltake,CUS0286,2024-07-23,21:38:58,2024,7,189.99,81,1,0.0,189.99,108.99,57.4,In-Store,Cash,Completed,Ana
2497,ORD00981,PRD029,Intel Core i5-12400,Processor,Intel,CUS0286,2024-07-23,21:38:58,2024,7,199.99,86,2,0.0,399.98,227.98,57.0,Phone,Boleto,Completed,Ana
2498,ORD00981,PRD010,WD Blue 1TB HDD,Storage,WD,CUS0286,2024-07-23,21:38:58,2024,7,44.99,19,1,0.0,44.99,25.99,57.8,Marketplace,Cash,Completed,Ana
2499,ORD00982,PRD001,Kingston A400 240GB,Storage,Kingston,CUS0062,2022-11-04,13:48:23,2022,11,29.99,13,1,0.1,26.99,15.29,56.7,Phone,Cash,Completed,Isabela
2500,ORD00982,PRD038,NVIDIA RTX 3060 12GB,GPU,NVIDIA,CUS0062,2022-11-04,13:48:23,2022,11,329.99,141,1,0.1,296.99,170.09,57.3,Online,Boleto,Completed,Isabela
2501,ORD00983,PRD045,AMD RX 6700 XT 12GB,GPU,AMD,CUS0387,2022-04-12,16:02:34,2022,4,399.99,172,3,0.05,1139.97,649.77,57.0,Reseller,Boleto,Completed,Adriana
2502,ORD00983,PRD015,Corsair Vengeance 32GB DDR4,Memory,Corsair,CUS0387,2022-04-12,16:02:34,2022,4,109.99,47,2,0.0,219.98,125.98,57.3,Online,Cash,Completed,Adriana
2503,ORD00983,PRD058,DeepCool AK620,Cooler,DeepCool,CUS0387,2022-04-12,16:02:34,2022,4,54.99,23,1,0.0,54.99,31.99,58.2,In-Store,Bank Transfer,Completed,Adriana
2504,ORD00983,PRD059,Cooler Master Hyper 212,Cooler,Cooler Master,CUS0387,2022-04-12,16:02:34,2022,4,39.99,17,3,0.05,113.97,65.52,57.5,Reseller,Bank Transfer,Completed,Adriana
2505,ORD00984,PRD015,Corsair Vengeance 32GB DDR4,Memory,Corsair,CUS0095,2022-12-06,20:37:44,2022,12,109.99,47,1,0.0,109.99,62.99,57.3,Phone,Debit Card,Completed,Rafael
2506,ORD00984,PRD014,Corsair Vengeance 16GB DDR4,Memory,Corsair,CUS0095,2022-12-06,20:37:44,2022,12,59.99,25,1,0.15,50.99,29.74,58.3,In-Store,Cash,Completed,Rafael
2507,ORD00984,PRD037,AMD Ryzen 9 7900X,Processor,AMD,CUS0095,2022-12-06,20:37:44,2022,12,549.99,236,1,0.05,522.49,298.29,57.1,In-Store,Bank Transfer,Completed,Rafael
2508,ORD00985,PRD050,EVGA SuperNOVA 650W,PSU,EVGA,CUS0409,2023-06-28,13:01:05,2023,6,89.99,38,1,0.0,89.99,51.99,57.8,Online,Boleto,Completed,Tatiana
2509,ORD00985,PRD059,Cooler Master Hyper 212,Cooler,Cooler Master,CUS0409,2023-06-28,13:01:05,2023,6,39.99,17,2,0.1,71.98,41.38,57.5,Phone,Credit Card,Completed,Tatiana
2510,ORD00985,PRD057,NZXT Kraken X73 360mm,Cooler,NZXT,CUS0409,2023-06-28,13:01:05,2023,6,189.99,81,1,0.0,189.99,108.99,57.4,Online,Bank Transfer,Completed,Tatiana
2511,ORD00985,PRD030,Intel Core i5-13600K,Processor,Intel,CUS0409,2023-06-28,13:01:05,2023,6,279.99,120,1,0.15,237.99,135.99,57.1,Online,Boleto,Completed,Tatiana
2512,ORD00986,PRD032,Intel Core i9-12900K,Processor,Intel,CUS0307,2023-08-26,14:41:10,2023,8,569.99,245,2,0.05,1082.98,617.48,57.0,Phone,Boleto,Completed,Mariana
2513,ORD00987,PRD033,AMD Ryzen 5 5600X,Processor,AMD,CUS0068,2022-02-28,21:19:53,2022,2,229.99,98,3,0.0,689.97,395.97,57.4,Reseller,Bank Transfer,Completed,Roberto
2514,ORD00987,PRD034,AMD Ryzen 5 7600X,Processor,AMD,CUS0068,2022-02-28,21:19:53,2022,2,249.99,107,1,0.05,237.49,135.84,57.2,Online,Credit Card,Completed,Roberto
2515,ORD00988,PRD037,AMD Ryzen 9 7900X,Processor,AMD,CUS0105,2024-03-01,11:26:53,2024,3,549.99,236,1,0.0,549.99,313.99,57.1,Reseller,Debit Card,Completed,Paulo
2516,ORD00989,PRD025,MSI PRO Z690-A,Motherboard,MSI,CUS0421,2023-03-05,17:00:53,2023,3,189.99,81,1,0.0,189.99,108.99,57.4,Marketplace,Boleto,Completed,Felipe
2517,ORD00990,PRD023,ASUS TUF Gaming B660M,Motherboard,ASUS,CUS0103,2023-11-18,18:15:24,2023,11,159.99,68,1,0.15,135.99,78.19,57.5,Reseller,Credit Card,Completed,Paulo
2518,ORD00990,PRD029,Intel Core i5-12400,Processor,Intel,CUS0103,2023-11-18,18:15:24,2023,11,199.99,86,1,0.1,179.99,102.59,57.0,In-Store,Bank Transfer,Completed,Paulo
2519,ORD00991,PRD030,Intel Core i5-13600K,Processor,Intel,CUS0401,2023-07-13,17:36:47,2023,7,279.99,120,1,0.2,223.99,127.99,57.1,Online,Debit Card,Completed,Isabela
2520,ORD00992,PRD003,Kingston A400 960GB,Storage,Kingston,CUS0250,2023-11-03,12:50:25,2023,11,89.99,38,1,0.15,76.49,44.19,57.8,Phone,Boleto,Completed,Fernanda
2521,ORD00992,PRD019,Kingston Fury Beast 16GB DDR4,Memory,Kingston,CUS0250,2023-11-03,12:50:25,2023,11,54.99,23,1,0.05,52.24,30.39,58.2,In-Store,PIX,Completed,Fernanda
2522,ORD00992,PRD011,Seagate Barracuda 2TB,Storage,Seagate,CUS0250,2023-11-03,12:50:25,2023,11,54.99,23,3,0.0,164.97,95.97,58.2,Phone,PIX,Completed,Fernanda
2523,ORD00993,PRD043,NVIDIA RTX 4080 16GB,GPU,NVIDIA,CUS0333,2023-06-18,17:54:18,2023,6,1199.99,516,3,0.0,3599.97,2051.97,57.0,Phone,PIX,Completed,Juliana
2524,ORD00993,PRD015,Corsair Vengeance 32GB DDR4,Memory,Corsair,CUS0333,2023-06-18,17:54:18,2023,6,109.99,47,1,0.0,109.99,62.99,57.3,Online,Bank Transfer,Completed,Juliana
2525,ORD00993,PRD059,Cooler Master Hyper 212,Cooler,Cooler Master,CUS0333,2023-06-18,17:54:18,2023,6,39.99,17,1,0.0,39.99,22.99,57.5,Marketplace,Boleto,Completed,Juliana
2526,ORD00994,PRD028,Intel Core i3-12100,Processor,Intel,CUS0259,2024-09-16,17:33:59,2024,9,119.99,51,2,0.0,239.98,137.98,57.5,Online,Cash,Completed,Mariana
2527,ORD00995,PRD049,Corsair RM850 Modular,PSU,Corsair,CUS0162,2023-10-20,13:32:58,2023,10,139.99,60,1,0.0,139.99,79.99,57.1,Online,PIX,Completed,Larissa
2528,ORD00996,PRD023,ASUS TUF Gaming B660M,Motherboard,ASUS,CUS0212,2022-02-13,17:59:24,2022,2,159.99,68,2,0.0,319.98,183.98,57.5,Online,Credit Card,Completed,Matheus
2529,ORD00996,PRD047,Corsair RM650 Modular,PSU,Corsair,CUS0212,2022-02-13,17:59:24,2022,2,89.99,38,3,0.15,229.47,132.57,57.8,In-Store,Cash,Completed,Matheus
2530,ORD00996,PRD018,G.Skill Trident Z5 64GB DDR5,Memory,G.Skill,CUS0212,2022-02-13,17:59:24,2022,2,289.99,124,1,0.1,260.99,149.39,57.2,Reseller,Bank Transfer,Completed,Matheus
2531,ORD00996,PRD008,Samsung 970 EVO 2TB,Storage,Samsung,CUS0212,2022-02-13,17:59:24,2022,2,219.99,94,2,0.15,373.98,214.18,57.3,Phone,PIX,Completed,Matheus
2532,ORD00997,PRD034,AMD Ryzen 5 7600X,Processor,AMD,CUS0400,2023-06-05,21:05:22,2023,6,249.99,107,1,0.0,249.99,142.99,57.2,Marketplace,Boleto,Completed,Diego
2533,ORD00997,PRD015,Corsair Vengeance 32GB DDR4,Memory,Corsair,CUS0400,2023-06-05,21:05:22,2023,6,109.99,47,2,0.05,208.98,119.68,57.3,Marketplace,Bank Transfer,Completed,Diego
2534,ORD00997,PRD024,MSI MAG B550M MORTAR,Motherboard,MSI,CUS0400,2023-06-05,21:05:22,2023,6,129.99,55,1,0.05,123.49,71.24,57.7,Reseller,PIX,Completed,Diego
2535,ORD00998,PRD028,Intel Core i3-12100,Processor,Intel,CUS0371,2023-02-25,10:30:15,2023,2,119.99,51,1,0.0,119.99,68.99,57.5,Phone,Bank Transfer,Completed,Leandro
2536,ORD00998,PRD054,Noctua NH-U12S,Cooler,Noctua,CUS0371,2023-02-25,10:30:15,2023,2,69.99,30,2,0.0,139.98,79.98,57.1,Reseller,Cash,Completed,Leandro
2537,ORD00998,PRD037,AMD Ryzen 9 7900X,Processor,AMD,CUS0371,2023-02-25,10:30:15,2023,2,549.99,236,3,0.0,1649.97,941.97,57.1,Marketplace,PIX,Completed,Leandro
2538,ORD00998,PRD003,Kingston A400 960GB,Storage,Kingston,CUS0371,2023-02-25,10:30:15,2023,2,89.99,38,2,0.0,179.98,103.98,57.8,Reseller,Bank Transfer,Completed,Leandro
2539,ORD00999,PRD039,NVIDIA RTX 3070 8GB,GPU,NVIDIA,CUS0231,2024-10-27,12:03:04,2024,10,499.99,215,1,0.0,499.99,284.99,57.0,In-Store,Credit Card,Completed,Gabriel
2540,ORD00999,PRD014,Corsair Vengeance 16GB DDR4,Memory,Corsair,CUS0231,2024-10-27,12:03:04,2024,10,59.99,25,1,0.0,59.99,34.99,58.3,Marketplace,PIX,Completed,Gabriel
2541,ORD00999,PRD008,Samsung 970 EVO 2TB,Storage,Samsung,CUS0231,2024-10-27,12:03:04,2024,10,219.99,94,1,0.0,219.99,125.99,57.3,Online,Bank Transfer,Completed,Gabriel
2542,ORD01000,PRD008,Samsung 970 EVO 2TB,Storage,Samsung,CUS0302,2023-01-29,19:13:57,2023,1,219.99,94,1,0.0,219.99,125.99,57.3,Online,Bank Transfer,Completed,Natalia
2543,ORD01000,PRD004,Samsung 870 EVO 500GB,Storage,Samsung,CUS0302,2023-01-29,19:13:57,2023,1,79.99,34,1,0.25,59.99,34.49,57.5,Reseller,PIX,Completed,Natalia
2544,ORD01000,PRD005,Samsung 870 EVO 1TB,Storage,Samsung,CUS0302,2023-01-29,19:13:57,2023,1,129.99,56,1,0.05,123.49,70.29,56.9,Reseller,Credit Card,Completed,Natalia
2545,ORD01000,PRD058,DeepCool AK620,Cooler,DeepCool,CUS0302,2023-01-29,19:13:57,2023,1,54.99,23,1,0.2,43.99,25.59,58.2,Marketplace,Boleto,Completed,Natalia
2546,ORD01001,PRD055,Corsair H100i RGB 240mm,Cooler,Corsair,CUS0046,2024-10-17,16:00:00,2024,10,129.99,56,4,0.1,467.96,266.36,56.9,Phone,Boleto,Completed,Fernanda
2547,ORD01001,PRD008,Samsung 970 EVO 2TB,Storage,Samsung,CUS0046,2024-10-17,16:00:00,2024,10,219.99,94,1,0.25,164.99,94.49,57.3,Reseller,Debit Card,Completed,Fernanda
2548,ORD01001,PRD024,MSI MAG B550M MORTAR,Motherboard,MSI,CUS0046,2024-10-17,16:00:00,2024,10,129.99,55,1,0.15,110.49,63.74,57.7,Phone,PIX,Completed,Fernanda
2549,ORD01002,PRD041,NVIDIA RTX 4060 8GB,GPU,NVIDIA,CUS0019,2023-12-30,10:40:00,2023,12,299.99,129,2,0.0,599.98,341.98,57.0,Online,Debit Card,Completed,Diego
2550,ORD01002,PRD018,G.Skill Trident Z5 64GB DDR5,Memory,G.Skill,CUS0019,2023-12-30,10:40:00,2023,12,289.99,124,2,0.0,579.98,331.98,57.2,Marketplace,Credit Card,Completed,Diego
2551,ORD01002,PRD014,Corsair Vengeance 16GB DDR4,Memory,Corsair,CUS0019,2023-12-30,10:40:00,2023,12,59.99,25,1,0.0,59.99,34.99,58.3,In-Store,Debit Card,Completed,Diego
2552,ORD01003,PRD015,Corsair Vengeance 32GB DDR4,Memory,Corsair,CUS0054,2024-10-06,09:32:40,2024,10,109.99,47,3,0.0,329.97,188.97,57.3,Marketplace,Debit Card,Completed,Renata
2553,ORD01003,PRD046,AMD RX 7900 XTX 24GB,GPU,AMD,CUS0054,2024-10-06,09:32:40,2024,10,999.99,430,1,0.05,949.99,541.49,57.0,Online,Boleto,Completed,Renata
2554,ORD01003,PRD016,G.Skill Trident Z5 16GB DDR5,Memory,G.Skill,CUS0054,2024-10-06,09:32:40,2024,10,79.99,34,1,0.1,71.99,41.39,57.5,Marketplace,Credit Card,Completed,Renata
2555,ORD01003,PRD013,Corsair Vengeance 8GB DDR4,Memory,Corsair,CUS0054,2024-10-06,09:32:40,2024,10,29.99,12,1,0.1,26.99,16.19,60.0,In-Store,PIX,Completed,Renata
2556,ORD01004,PRD057,NZXT Kraken X73 360mm,Cooler,NZXT,CUS0462,2022-08-11,21:02:45,2022,8,189.99,81,3,0.0,569.97,326.97,57.4,Reseller,Cash,Completed,Felipe
2557,ORD01005,PRD057,NZXT Kraken X73 360mm,Cooler,NZXT,CUS0103,2024-01-28,17:40:24,2024,1,189.99,81,1,0.0,189.99,108.99,57.4,Phone,Boleto,Completed,Paulo
2558,ORD01005,PRD014,Corsair Vengeance 16GB DDR4,Memory,Corsair,CUS0103,2024-01-28,17:40:24,2024,1,59.99,25,1,0.25,44.99,26.24,58.3,In-Store,Debit Card,Completed,Paulo
2559,ORD01005,PRD019,Kingston Fury Beast 16GB DDR4,Memory,Kingston,CUS0103,2024-01-28,17:40:24,2024,1,54.99,23,1,0.15,46.74,27.19,58.2,Reseller,Credit Card,Completed,Paulo
2560,ORD01006,PRD012,Seagate Barracuda 4TB,Storage,Seagate,CUS0239,2023-12-07,21:55:28,2023,12,89.99,38,1,0.0,89.99,51.99,57.8,In-Store,Credit Card,Completed,Leticia
2561,ORD01006,PRD016,G.Skill Trident Z5 16GB DDR5,Memory,G.Skill,CUS0239,2023-12-07,21:55:28,2023,12,79.99,34,1,0.05,75.99,43.69,57.5,In-Store,PIX,Completed,Leticia
2562,ORD01007,PRD009,WD Black SN850 1TB,Storage,WD,CUS0188,2022-08-22,18:31:26,2022,8,109.99,47,1,0.05,104.49,59.84,57.3,Phone,Cash,Completed,Maria
2563,ORD01007,PRD032,Intel Core i9-12900K,Processor,Intel,CUS0188,2022-08-22,18:31:26,2022,8,569.99,245,2,0.0,1139.98,649.98,57.0,Marketplace,Debit Card,Completed,Maria
2564,ORD01008,PRD020,Kingston Fury Beast 32GB DDR4,Memory,Kingston,CUS0280,2024-12-12,10:51:53,2024,12,99.99,43,1,0.1,89.99,51.29,57.0,Marketplace,Credit Card,Completed,Viviane
2565,ORD01008,PRD053,Noctua NH-D15,Cooler,Noctua,CUS0280,2024-12-12,10:51:53,2024,12,99.99,43,3,0.0,299.97,170.97,57.0,In-Store,Boleto,Completed,Viviane
2566,ORD01008,PRD003,Kingston A400 960GB,Storage,Kingston,CUS0280,2024-12-12,10:51:53,2024,12,89.99,38,3,0.15,229.47,132.57,57.8,In-Store,Bank Transfer,Completed,Viviane
2567,ORD01009,PRD040,NVIDIA RTX 3080 10GB,GPU,NVIDIA,CUS0091,2024-12-18,18:58:10,2024,12,699.99,301,1,0.15,594.99,339.14,57.0,Marketplace,Debit Card,Completed,Mariana
2568,ORD01009,PRD038,NVIDIA RTX 3060 12GB,GPU,NVIDIA,CUS0091,2024-12-18,18:58:10,2024,12,329.99,141,3,0.0,989.97,566.97,57.3,Phone,Cash,Completed,Mariana
2569,ORD01010,PRD021,ASUS ROG Strix B550-F,Motherboard,ASUS,CUS0360,2024-01-17,08:38:30,2024,1,219.99,94,1,0.05,208.99,119.69,57.3,Reseller,Boleto,Completed,Vanessa
2570,ORD01011,PRD011,Seagate Barracuda 2TB,Storage,Seagate,CUS0292,2023-11-25,11:30:13,2023,11,54.99,23,2,0.0,109.98,63.98,58.2,Marketplace,Bank Transfer,Completed,Daniela
2571,ORD01011,PRD008,Samsung 970 EVO 2TB,Storage,Samsung,CUS0292,2023-11-25,11:30:13,2023,11,219.99,94,4,0.05,835.96,478.76,57.3,Online,Debit Card,Completed,Daniela
2572,ORD01011,PRD004,Samsung 870 EVO 500GB,Storage,Samsung,CUS0292,2023-11-25,11:30:13,2023,11,79.99,34,1,0.0,79.99,45.99,57.5,In-Store,Bank Transfer,Completed,Daniela
2573,ORD01012,PRD002,Kingston A400 480GB,Storage,Kingston,CUS0193,2024-11-24,18:33:10,2024,11,49.99,21,2,0.0,99.98,57.98,58.0,Reseller,Bank Transfer,Completed,Adriana
2574,ORD01012,PRD040,NVIDIA RTX 3080 10GB,GPU,NVIDIA,CUS0193,2024-11-24,18:33:10,2024,11,699.99,301,3,0.0,2099.97,1196.97,57.0,Marketplace,PIX,Completed,Adriana
2575,ORD01013,PRD046,AMD RX 7900 XTX 24GB,GPU,AMD,CUS0434,2024-06-09,10:23:38,2024,6,999.99,430,2,0.15,1699.98,968.98,57.0,Marketplace,Boleto,Completed,Adriana
2576,ORD01013,PRD060,Thermaltake UX200 ARGB,Cooler,Thermaltake,CUS0434,2024-06-09,10:23:38,2024,6,34.99,15,2,0.0,69.98,39.98,57.1,Reseller,Boleto,Completed,Adriana
2577,ORD01013,PRD050,EVGA SuperNOVA 650W,PSU,EVGA,CUS0434,2024-06-09,10:23:38,2024,6,89.99,38,2,0.15,152.98,88.38,57.8,In-Store,Bank Transfer,Completed,Adriana
2578,ORD01013,PRD021,ASUS ROG Strix B550-F,Motherboard,ASUS,CUS0434,2024-06-09,10:23:38,2024,6,219.99,94,1,0.0,219.99,125.99,57.3,Phone,Debit Card,Completed,Adriana
2579,ORD01014,PRD031,Intel Core i7-12700K,Processor,Intel,CUS0147,2024-01-31,13:41:30,2024,1,369.99,159,1,0.0,369.99,210.99,57.0,Online,Debit Card,Completed,Maria
2580,ORD01014,PRD037,AMD Ryzen 9 7900X,Processor,AMD,CUS0147,2024-01-31,13:41:30,2024,1,549.99,236,2,0.1,989.98,565.18,57.1,Marketplace,Boleto,Completed,Maria
2581,ORD01014,PRD032,Intel Core i9-12900K,Processor,Intel,CUS0147,2024-01-31,13:41:30,2024,1,569.99,245,1,0.0,569.99,324.99,57.0,Marketplace,Cash,Completed,Maria
2582,ORD01014,PRD013,Corsair Vengeance 8GB DDR4,Memory,Corsair,CUS0147,2024-01-31,13:41:30,2024,1,29.99,12,1,0.0,29.99,17.99,60.0,Online,Credit Card,Completed,Maria
2583,ORD01015,PRD022,ASUS ROG Strix Z690-A,Motherboard,ASUS,CUS0092,2024-08-29,14:12:28,2024,8,319.99,137,1,0.0,319.99,182.99,57.2,Marketplace,Boleto,Completed,Paulo
2584,ORD01015,PRD048,Corsair RM750 Modular,PSU,Corsair,CUS0092,2024-08-29,14:12:28,2024,8,109.99,47,1,0.0,109.99,62.99,57.3,Marketplace,Boleto,Completed,Paulo
2585,ORD01016,PRD020,Kingston Fury Beast 32GB DDR4,Memory,Kingston,CUS0158,2023-01-21,16:11:21,2023,1,99.99,43,1,0.1,89.99,51.29,57.0,Reseller,Bank Transfer,Completed,Aline
2586,ORD01016,PRD003,Kingston A400 960GB,Storage,Kingston,CUS0158,2023-01-21,16:11:21,2023,1,89.99,38,1,0.1,80.99,46.79,57.8,Marketplace,Credit Card,Completed,Aline
2587,ORD01016,PRD060,Thermaltake UX200 ARGB,Cooler,Thermaltake,CUS0158,2023-01-21,16:11:21,2023,1,34.99,15,1,0.15,29.74,16.99,57.1,Phone,PIX,Completed,Aline
2588,ORD01017,PRD010,WD Blue 1TB HDD,Storage,WD,CUS0479,2022-09-19,15:45:29,2022,9,44.99,19,1,0.0,44.99,25.99,57.8,Reseller,Cash,Completed,Alexandre
2589,ORD01017,PRD039,NVIDIA RTX 3070 8GB,GPU,NVIDIA,CUS0479,2022-09-19,15:45:29,2022,9,499.99,215,1,0.2,399.99,227.99,57.0,Online,PIX,Completed,Alexandre
2590,ORD01017,PRD053,Noctua NH-D15,Cooler,Noctua,CUS0479,2022-09-19,15:45:29,2022,9,99.99,43,2,0.05,189.98,108.28,57.0,Marketplace,Debit Card,Completed,Alexandre
2591,ORD01017,PRD037,AMD Ryzen 9 7900X,Processor,AMD,CUS0479,2022-09-19,15:45:29,2022,9,549.99,236,1,0.1,494.99,282.59,57.1,In-Store,Credit Card,Completed,Alexandre
2592,ORD01018,PRD007,Samsung 970 EVO 1TB,Storage,Samsung,CUS0084,2023-08-17,15:55:10,2023,8,119.99,51,2,0.0,239.98,137.98,57.5,In-Store,Cash,Completed,Henrique
2593,ORD01018,PRD049,Corsair RM850 Modular,PSU,Corsair,CUS0084,2023-08-17,15:55:10,2023,8,139.99,60,1,0.2,111.99,63.99,57.1,Online,Credit Card,Completed,Henrique
2594,ORD01019,PRD043,NVIDIA RTX 4080 16GB,GPU,NVIDIA,CUS0162,2022-12-20,17:40:38,2022,12,1199.99,516,4,0.0,4799.96,2735.96,57.0,Marketplace,Debit Card,Completed,Larissa
2595,ORD01019,PRD003,Kingston A400 960GB,Storage,Kingston,CUS0162,2022-12-20,17:40:38,2022,12,89.99,38,2,0.2,143.98,83.18,57.8,Reseller,Cash,Completed,Larissa
2596,ORD01019,PRD053,Noctua NH-D15,Cooler,Noctua,CUS0162,2022-12-20,17:40:38,2022,12,99.99,43,1,0.0,99.99,56.99,57.0,Reseller,Boleto,Completed,Larissa
2597,ORD01019,PRD031,Intel Core i7-12700K,Processor,Intel,CUS0162,2022-12-20,17:40:38,2022,12,369.99,159,1,0.0,369.99,210.99,57.0,Phone,PIX,Completed,Larissa
2598,ORD01020,PRD039,NVIDIA RTX 3070 8GB,GPU,NVIDIA,CUS0224,2024-02-05,08:11:37,2024,2,499.99,215,3,0.05,1424.97,812.22,57.0,In-Store,Boleto,Completed,Ana
2599,ORD01020,PRD044,AMD RX 6600 8GB,GPU,AMD,CUS0224,2024-02-05,08:11:37,2024,2,289.99,124,1,0.15,246.49,141.09,57.2,Online,Bank Transfer,Completed,Ana
2600,ORD01021,PRD054,Noctua NH-U12S,Cooler,Noctua,CUS0070,2023-09-08,21:55:04,2023,9,69.99,30,1,0.2,55.99,31.99,57.1,Online,Debit Card,Completed,Rafael
2601,ORD01021,PRD051,be quiet! Straight Power 850W,PSU,be quiet!,CUS0070,2023-09-08,21:55:04,2023,9,169.99,73,1,0.0,169.99,96.99,57.1,In-Store,Debit Card,Completed,Rafael
2602,ORD01022,PRD043,NVIDIA RTX 4080 16GB,GPU,NVIDIA,CUS0487,2022-06-28,15:48:16,2022,6,1199.99,516,1,0.05,1139.99,649.79,57.0,Online,Debit Card,Completed,Roberto
2603,ORD01023,PRD023,ASUS TUF Gaming B660M,Motherboard,ASUS,CUS0158,2022-01-08,22:36:29,2022,1,159.99,68,2,0.1,287.98,165.58,57.5,In-Store,Credit Card,Completed,Aline
2604,ORD01024,PRD037,AMD Ryzen 9 7900X,Processor,AMD,CUS0473,2022-07-15,21:46:50,2022,7,549.99,236,1,0.2,439.99,251.19,57.1,Reseller,Credit Card,Completed,Carlos
2605,ORD01024,PRD049,Corsair RM850 Modular,PSU,Corsair,CUS0473,2022-07-15,21:46:50,2022,7,139.99,60,1,0.05,132.99,75.99,57.1,Reseller,Boleto,Completed,Carlos
2606,ORD01025,PRD004,Samsung 870 EVO 500GB,Storage,Samsung,CUS0032,2023-06-22,20:50:46,2023,6,79.99,34,1,0.1,71.99,41.39,57.5,Online,Cash,Completed,Leticia
2607,ORD01025,PRD015,Corsair Vengeance 32GB DDR4,Memory,Corsair,CUS0032,2023-06-22,20:50:46,2023,6,109.99,47,2,0.1,197.98,113.38,57.3,Phone,Boleto,Completed,Leticia
2608,ORD01026,PRD030,Intel Core i5-13600K,Processor,Intel,CUS0381,2022-09-09,20:02:40,2022,9,279.99,120,1,0.0,279.99,159.99,57.1,Phone,Boleto,Completed,Matheus
2609,ORD01026,PRD017,G.Skill Trident Z5 32GB DDR5,Memory,G.Skill,CUS0381,2022-09-09,20:02:40,2022,9,149.99,64,1,0.0,149.99,85.99,57.3,Marketplace,Debit Card,Completed,Matheus
2610,ORD01027,PRD023,ASUS TUF Gaming B660M,Motherboard,ASUS,CUS0471,2024-04-11,08:22:17,2024,4,159.99,68,3,0.0,479.97,275.97,57.5,Online,Boleto,Completed,Larissa
2611,ORD01027,PRD041,NVIDIA RTX 4060 8GB,GPU,NVIDIA,CUS0471,2024-04-11,08:22:17,2024,4,299.99,129,1,0.0,299.99,170.99,57.0,Phone,Credit Card,Completed,Larissa
2612,ORD01027,PRD057,NZXT Kraken X73 360mm,Cooler,NZXT,CUS0471,2024-04-11,08:22:17,2024,4,189.99,81,3,0.0,569.97,326.97,57.4,Reseller,Bank Transfer,Completed,Larissa
2613,ORD01028,PRD002,Kingston A400 480GB,Storage,Kingston,CUS0200,2022-08-12,21:18:14,2022,8,49.99,21,1,0.0,49.99,28.99,58.0,Marketplace,PIX,Completed,Claudia
2614,ORD01028,PRD052,Thermaltake Toughpower 1000W,PSU,Thermaltake,CUS0200,2022-08-12,21:18:14,2022,8,189.99,81,3,0.05,541.47,310.62,57.4,Reseller,Bank Transfer,Completed,Claudia
2615,ORD01028,PRD050,EVGA SuperNOVA 650W,PSU,EVGA,CUS0200,2022-08-12,21:18:14,2022,8,89.99,38,2,0.25,134.98,77.98,57.8,Phone,Debit Card,Completed,Claudia
2616,ORD01028,PRD007,Samsung 970 EVO 1TB,Storage,Samsung,CUS0200,2022-08-12,21:18:14,2022,8,119.99,51,1,0.0,119.99,68.99,57.5,Phone,Cash,Completed,Claudia
2617,ORD01029,PRD016,G.Skill Trident Z5 16GB DDR5,Memory,G.Skill,CUS0138,2024-01-31,21:42:35,2024,1,79.99,34,1,0.05,75.99,43.69,57.5,Phone,Boleto,Completed,João
2618,ORD01029,PRD006,Samsung 970 EVO 500GB,Storage,Samsung,CUS0138,2024-01-31,21:42:35,2024,1,69.99,29,1,0.25,52.49,30.74,58.6,Marketplace,Debit Card,Completed,João
2619,ORD01030,PRD029,Intel Core i5-12400,Processor,Intel,CUS0128,2024-11-02,09:20:34,2024,11,199.99,86,1,0.0,199.99,113.99,57.0,In-Store,Bank Transfer,Completed,Camila
2620,ORD01030,PRD012,Seagate Barracuda 4TB,Storage,Seagate,CUS0128,2024-11-02,09:20:34,2024,11,89.99,38,1,0.2,71.99,41.59,57.8,Phone,Cash,Completed,Camila
2621,ORD01030,PRD013,Corsair Vengeance 8GB DDR4,Memory,Corsair,CUS0128,2024-11-02,09:20:34,2024,11,29.99,12,1,0.0,29.99,17.99,60.0,Online,Debit Card,Completed,Camila
2622,ORD01030,PRD052,Thermaltake Toughpower 1000W,PSU,Thermaltake,CUS0128,2024-11-02,09:20:34,2024,11,189.99,81,1,0.1,170.99,98.09,57.4,In-Store,Credit Card,Completed,Camila
2623,ORD01031,PRD010,WD Blue 1TB HDD,Storage,WD,CUS0383,2024-10-01,20:25:06,2024,10,44.99,19,1,0.05,42.74,24.69,57.8,Marketplace,Cash,Completed,Larissa
2624,ORD01031,PRD018,G.Skill Trident Z5 64GB DDR5,Memory,G.Skill,CUS0383,2024-10-01,20:25:06,2024,10,289.99,124,1,0.25,217.49,124.49,57.2,Marketplace,Debit Card,Completed,Larissa
2625,ORD01031,PRD050,EVGA SuperNOVA 650W,PSU,EVGA,CUS0383,2024-10-01,20:25:06,2024,10,89.99,38,1,0.05,85.49,49.39,57.8,Online,Debit Card,Completed,Larissa
2626,ORD01032,PRD051,be quiet! Straight Power 850W,PSU,be quiet!,CUS0174,2022-03-24,18:27:39,2022,3,169.99,73,3,0.0,509.97,290.97,57.1,Reseller,Boleto,Completed,Sandra
2627,ORD01032,PRD013,Corsair Vengeance 8GB DDR4,Memory,Corsair,CUS0174,2022-03-24,18:27:39,2022,3,29.99,12,2,0.15,50.98,30.58,60.0,Marketplace,Debit Card,Completed,Sandra
2628,ORD01032,PRD033,AMD Ryzen 5 5600X,Processor,AMD,CUS0174,2022-03-24,18:27:39,2022,3,229.99,98,1,0.05,218.49,125.39,57.4,In-Store,Credit Card,Completed,Sandra
2629,ORD01032,PRD022,ASUS ROG Strix Z690-A,Motherboard,ASUS,CUS0174,2022-03-24,18:27:39,2022,3,319.99,137,2,0.0,639.98,365.98,57.2,Reseller,Bank Transfer,Completed,Sandra
2630,ORD01033,PRD045,AMD RX 6700 XT 12GB,GPU,AMD,CUS0163,2022-11-08,08:30:50,2022,11,399.99,172,1,0.05,379.99,216.59,57.0,Marketplace,Bank Transfer,Completed,Beatriz
2631,ORD01033,PRD042,NVIDIA RTX 4070 12GB,GPU,NVIDIA,CUS0163,2022-11-08,08:30:50,2022,11,599.99,258,2,0.0,1199.98,683.98,57.0,In-Store,Credit Card,Completed,Beatriz
2632,ORD01033,PRD037,AMD Ryzen 9 7900X,Processor,AMD,CUS0163,2022-11-08,08:30:50,2022,11,549.99,236,1,0.0,549.99,313.99,57.1,Phone,Bank Transfer,Completed,Beatriz
2633,ORD01034,PRD007,Samsung 970 EVO 1TB,Storage,Samsung,CUS0323,2022-03-17,10:18:59,2022,3,119.99,51,1,0.05,113.99,65.54,57.5,Reseller,PIX,Completed,Leandro
2634,ORD01034,PRD003,Kingston A400 960GB,Storage,Kingston,CUS0323,2022-03-17,10:18:59,2022,3,89.99,38,3,0.0,269.97,155.97,57.8,In-Store,Cash,Completed,Leandro
2635,ORD01035,PRD007,Samsung 970 EVO 1TB,Storage,Samsung,CUS0050,2023-10-02,11:15:29,2023,10,119.99,51,1,0.1,107.99,62.09,57.5,Phone,Cash,Completed,Viviane
2636,ORD01036,PRD034,AMD Ryzen 5 7600X,Processor,AMD,CUS0100,2023-07-17,22:19:09,2023,7,249.99,107,1,0.0,249.99,142.99,57.2,Phone,Boleto,Completed,Rafael
2637,ORD01036,PRD010,WD Blue 1TB HDD,Storage,WD,CUS0100,2023-07-17,22:19:09,2023,7,44.99,19,1,0.2,35.99,20.79,57.8,Phone,Credit Card,Completed,Rafael
2638,ORD01036,PRD037,AMD Ryzen 9 7900X,Processor,AMD,CUS0100,2023-07-17,22:19:09,2023,7,549.99,236,1,0.05,522.49,298.29,57.1,Phone,Credit Card,Completed,Rafael
2639,ORD01036,PRD051,be quiet! Straight Power 850W,PSU,be quiet!,CUS0100,2023-07-17,22:19:09,2023,7,169.99,73,1,0.15,144.49,82.44,57.1,Phone,Debit Card,Completed,Rafael
2640,ORD01037,PRD010,WD Blue 1TB HDD,Storage,WD,CUS0020,2024-08-21,17:27:04,2024,8,44.99,19,1,0.05,42.74,24.69,57.8,In-Store,Boleto,Completed,Juliana
2641,ORD01037,PRD013,Corsair Vengeance 8GB DDR4,Memory,Corsair,CUS0020,2024-08-21,17:27:04,2024,8,29.99,12,3,0.0,89.97,53.97,60.0,Phone,PIX,Completed,Juliana
2642,ORD01037,PRD042,NVIDIA RTX 4070 12GB,GPU,NVIDIA,CUS0020,2024-08-21,17:27:04,2024,8,599.99,258,1,0.0,599.99,341.99,57.0,Reseller,Boleto,Completed,Juliana
2643,ORD01037,PRD036,AMD Ryzen 9 5900X,Processor,AMD,CUS0020,2024-08-21,17:27:04,2024,8,449.99,193,1,0.05,427.49,244.14,57.1,Online,Credit Card,Completed,Juliana
2644,ORD01038,PRD052,Thermaltake Toughpower 1000W,PSU,Thermaltake,CUS0493,2022-03-11,21:25:01,2022,3,189.99,81,3,0.05,541.47,310.62,57.4,Reseller,Credit Card,Completed,Sandra
2645,ORD01039,PRD011,Seagate Barracuda 2TB,Storage,Seagate,CUS0215,2023-11-30,09:23:52,2023,11,54.99,23,2,0.0,109.98,63.98,58.2,Phone,Cash,Completed,Juliana
2646,ORD01040,PRD046,AMD RX 7900 XTX 24GB,GPU,AMD,CUS0291,2023-04-10,13:43:51,2023,4,999.99,430,1,0.05,949.99,541.49,57.0,Reseller,Cash,Completed,Pedro
2647,ORD01040,PRD060,Thermaltake UX200 ARGB,Cooler,Thermaltake,CUS0291,2023-04-10,13:43:51,2023,4,34.99,15,1,0.0,34.99,19.99,57.1,Reseller,Credit Card,Completed,Pedro
2648,ORD01040,PRD051,be quiet! Straight Power 850W,PSU,be quiet!,CUS0291,2023-04-10,13:43:51,2023,4,169.99,73,1,0.15,144.49,82.44,57.1,Online,Debit Card,Completed,Pedro
2649,ORD01041,PRD044,AMD RX 6600 8GB,GPU,AMD,CUS0235,2024-12-29,13:16:55,2024,12,289.99,124,1,0.0,289.99,165.99,57.2,Phone,Bank Transfer,Completed,Gabriel
2650,ORD01041,PRD040,NVIDIA RTX 3080 10GB,GPU,NVIDIA,CUS0235,2024-12-29,13:16:55,2024,12,699.99,301,1,0.0,699.99,398.99,57.0,Marketplace,PIX,Completed,Gabriel
2651,ORD01041,PRD001,Kingston A400 240GB,Storage,Kingston,CUS0235,2024-12-29,13:16:55,2024,12,29.99,13,1,0.2,23.99,13.59,56.7,In-Store,Bank Transfer,Completed,Gabriel
2652,ORD01042,PRD004,Samsung 870 EVO 500GB,Storage,Samsung,CUS0059,2023-10-02,20:03:44,2023,10,79.99,34,2,0.0,159.98,91.98,57.5,Phone,PIX,Completed,Carla
2653,ORD01042,PRD024,MSI MAG B550M MORTAR,Motherboard,MSI,CUS0059,2023-10-02,20:03:44,2023,10,129.99,55,1,0.1,116.99,67.49,57.7,In-Store,Cash,Completed,Carla
2654,ORD01043,PRD057,NZXT Kraken X73 360mm,Cooler,NZXT,CUS0377,2024-09-19,14:41:46,2024,9,189.99,81,1,0.0,189.99,108.99,57.4,Reseller,Debit Card,Completed,Leonardo
2655,ORD01044,PRD001,Kingston A400 240GB,Storage,Kingston,CUS0222,2023-11-15,20:10:22,2023,11,29.99,13,2,0.0,59.98,33.98,56.7,Online,PIX,Completed,Sergio
2656,ORD01044,PRD035,AMD Ryzen 7 5800X3D,Processor,AMD,CUS0222,2023-11-15,20:10:22,2023,11,349.99,150,2,0.05,664.98,379.98,57.1,In-Store,Credit Card,Completed,Sergio
2657,ORD01044,PRD039,NVIDIA RTX 3070 8GB,GPU,NVIDIA,CUS0222,2023-11-15,20:10:22,2023,11,499.99,215,1,0.2,399.99,227.99,57.0,Online,Bank Transfer,Completed,Sergio
2658,ORD01044,PRD025,MSI PRO Z690-A,Motherboard,MSI,CUS0222,2023-11-15,20:10:22,2023,11,189.99,81,1,0.0,189.99,108.99,57.4,Online,Cash,Completed,Sergio
2659,ORD01045,PRD006,Samsung 970 EVO 500GB,Storage,Samsung,CUS0309,2023-01-25,18:12:09,2023,1,69.99,29,1,0.2,55.99,32.79,58.6,Marketplace,Cash,Completed,Ana
2660,ORD01045,PRD059,Cooler Master Hyper 212,Cooler,Cooler Master,CUS0309,2023-01-25,18:12:09,2023,1,39.99,17,2,0.0,79.98,45.98,57.5,Reseller,PIX,Completed,Ana
2661,ORD01045,PRD001,Kingston A400 240GB,Storage,Kingston,CUS0309,2023-01-25,18:12:09,2023,1,29.99,13,1,0.0,29.99,16.99,56.7,In-Store,Cash,Completed,Ana
2662,ORD01045,PRD026,Gigabyte B550 AORUS Elite,Motherboard,Gigabyte,CUS0309,2023-01-25,18:12:09,2023,1,169.99,72,1,0.0,169.99,97.99,57.6,In-Store,Boleto,Completed,Ana
2663,ORD01046,PRD010,WD Blue 1TB HDD,Storage,WD,CUS0271,2024-03-04,17:06:18,2024,3,44.99,19,1,0.0,44.99,25.99,57.8,Phone,Debit Card,Completed,Thiago
2664,ORD01047,PRD033,AMD Ryzen 5 5600X,Processor,AMD,CUS0478,2024-10-25,22:05:52,2024,10,229.99,98,2,0.15,390.98,224.38,57.4,Reseller,Bank Transfer,Completed,Natalia
2665,ORD01047,PRD047,Corsair RM650 Modular,PSU,Corsair,CUS0478,2024-10-25,22:05:52,2024,10,89.99,38,1,0.0,89.99,51.99,57.8,Online,Credit Card,Completed,Natalia
2666,ORD01047,PRD042,NVIDIA RTX 4070 12GB,GPU,NVIDIA,CUS0478,2024-10-25,22:05:52,2024,10,599.99,258,1,0.0,599.99,341.99,57.0,Marketplace,Debit Card,Completed,Natalia
2667,ORD01048,PRD027,Gigabyte Z790 AORUS Master,Motherboard,Gigabyte,CUS0387,2023-11-04,10:17:06,2023,11,449.99,193,1,0.2,359.99,205.59,57.1,Online,Bank Transfer,Completed,Adriana
2668,ORD01048,PRD002,Kingston A400 480GB,Storage,Kingston,CUS0387,2023-11-04,10:17:06,2023,11,49.99,21,2,0.0,99.98,57.98,58.0,Marketplace,PIX,Completed,Adriana
2669,ORD01048,PRD039,NVIDIA RTX 3070 8GB,GPU,NVIDIA,CUS0387,2023-11-04,10:17:06,2023,11,499.99,215,1,0.25,374.99,213.74,57.0,In-Store,Debit Card,Completed,Adriana
2670,ORD01048,PRD053,Noctua NH-D15,Cooler,Noctua,CUS0387,2023-11-04,10:17:06,2023,11,99.99,43,1,0.0,99.99,56.99,57.0,In-Store,Boleto,Completed,Adriana
2671,ORD01049,PRD024,MSI MAG B550M MORTAR,Motherboard,MSI,CUS0253,2023-02-12,17:57:15,2023,2,129.99,55,1,0.0,129.99,74.99,57.7,Reseller,Bank Transfer,Completed,Natalia
2672,ORD01049,PRD050,EVGA SuperNOVA 650W,PSU,EVGA,CUS0253,2023-02-12,17:57:15,2023,2,89.99,38,1,0.05,85.49,49.39,57.8,Phone,Debit Card,Completed,Natalia
2673,ORD01049,PRD060,Thermaltake UX200 ARGB,Cooler,Thermaltake,CUS0253,2023-02-12,17:57:15,2023,2,34.99,15,1,0.05,33.24,18.99,57.1,In-Store,Debit Card,Completed,Natalia
2674,ORD01049,PRD028,Intel Core i3-12100,Processor,Intel,CUS0253,2023-02-12,17:57:15,2023,2,119.99,51,2,0.1,215.98,124.18,57.5,Marketplace,Bank Transfer,Completed,Natalia
2675,ORD01050,PRD036,AMD Ryzen 9 5900X,Processor,AMD,CUS0404,2023-01-20,13:34:56,2023,1,449.99,193,2,0.0,899.98,513.98,57.1,Marketplace,Debit Card,Completed,Leticia
2676,ORD01051,PRD027,Gigabyte Z790 AORUS Master,Motherboard,Gigabyte,CUS0404,2023-12-16,12:56:23,2023,12,449.99,193,3,0.05,1282.47,732.42,57.1,Marketplace,Boleto,Completed,Leticia
2677,ORD01052,PRD006,Samsung 970 EVO 500GB,Storage,Samsung,CUS0500,2023-08-27,22:24:21,2023,8,69.99,29,1,0.0,69.99,40.99,58.6,Phone,Debit Card,Completed,Rodrigo
2678,ORD01053,PRD005,Samsung 870 EVO 1TB,Storage,Samsung,CUS0408,2024-06-07,12:49:03,2024,6,129.99,56,1,0.0,129.99,73.99,56.9,Online,Credit Card,Completed,Claudia
2679,ORD01053,PRD006,Samsung 970 EVO 500GB,Storage,Samsung,CUS0408,2024-06-07,12:49:03,2024,6,69.99,29,2,0.0,139.98,81.98,58.6,In-Store,PIX,Completed,Claudia
2680,ORD01054,PRD047,Corsair RM650 Modular,PSU,Corsair,CUS0135,2024-03-26,16:09:52,2024,3,89.99,38,2,0.0,179.98,103.98,57.8,In-Store,Bank Transfer,Completed,Daniela
2681,ORD01054,PRD028,Intel Core i3-12100,Processor,Intel,CUS0135,2024-03-26,16:09:52,2024,3,119.99,51,1,0.05,113.99,65.54,57.5,Marketplace,Credit Card,Completed,Daniela
2682,ORD01055,PRD054,Noctua NH-U12S,Cooler,Noctua,CUS0494,2022-10-08,20:54:26,2022,10,69.99,30,1,0.0,69.99,39.99,57.1,In-Store,Credit Card,Completed,Carlos
2683,ORD01055,PRD044,AMD RX 6600 8GB,GPU,AMD,CUS0494,2022-10-08,20:54:26,2022,10,289.99,124,1,0.0,289.99,165.99,57.2,Phone,PIX,Completed,Carlos
2684,ORD01055,PRD031,Intel Core i7-12700K,Processor,Intel,CUS0494,2022-10-08,20:54:26,2022,10,369.99,159,1,0.0,369.99,210.99,57.0,Online,PIX,Completed,Carlos
2685,ORD01056,PRD043,NVIDIA RTX 4080 16GB,GPU,NVIDIA,CUS0286,2022-04-13,08:31:29,2022,4,1199.99,516,1,0.1,1079.99,615.59,57.0,Online,Credit Card,Completed,Ana
2686,ORD01056,PRD013,Corsair Vengeance 8GB DDR4,Memory,Corsair,CUS0286,2022-04-13,08:31:29,2022,4,29.99,12,1,0.05,28.49,17.09,60.0,Online,Boleto,Completed,Ana
2687,ORD01057,PRD037,AMD Ryzen 9 7900X,Processor,AMD,CUS0137,2024-10-25,13:17:35,2024,10,549.99,236,1,0.15,467.49,266.89,57.1,Online,Cash,Completed,Leonardo
2688,ORD01057,PRD052,Thermaltake Toughpower 1000W,PSU,Thermaltake,CUS0137,2024-10-25,13:17:35,2024,10,189.99,81,2,0.0,379.98,217.98,57.4,Marketplace,Debit Card,Completed,Leonardo
2689,ORD01057,PRD033,AMD Ryzen 5 5600X,Processor,AMD,CUS0137,2024-10-25,13:17:35,2024,10,229.99,98,3,0.15,586.47,336.57,57.4,In-Store,Boleto,Completed,Leonardo
2690,ORD01058,PRD022,ASUS ROG Strix Z690-A,Motherboard,ASUS,CUS0060,2024-06-11,08:34:23,2024,6,319.99,137,2,0.05,607.98,347.68,57.2,Phone,Cash,Completed,Thiago
2691,ORD01058,PRD023,ASUS TUF Gaming B660M,Motherboard,ASUS,CUS0060,2024-06-11,08:34:23,2024,6,159.99,68,3,0.0,479.97,275.97,57.5,Reseller,Boleto,Completed,Thiago
2692,ORD01058,PRD038,NVIDIA RTX 3060 12GB,GPU,NVIDIA,CUS0060,2024-06-11,08:34:23,2024,6,329.99,141,4,0.0,1319.96,755.96,57.3,Phone,Credit Card,Completed,Thiago
2693,ORD01058,PRD036,AMD Ryzen 9 5900X,Processor,AMD,CUS0060,2024-06-11,08:34:23,2024,6,449.99,193,1,0.05,427.49,244.14,57.1,Online,Bank Transfer,Completed,Thiago
2694,ORD01059,PRD012,Seagate Barracuda 4TB,Storage,Seagate,CUS0136,2022-11-18,20:40:12,2022,11,89.99,38,1,0.05,85.49,49.39,57.8,In-Store,Credit Card,Completed,Henrique
2695,ORD01059,PRD002,Kingston A400 480GB,Storage,Kingston,CUS0136,2022-11-18,20:40:12,2022,11,49.99,21,1,0.0,49.99,28.99,58.0,Marketplace,Debit Card,Completed,Henrique
2696,ORD01060,PRD020,Kingston Fury Beast 32GB DDR4,Memory,Kingston,CUS0070,2022-07-13,12:06:27,2022,7,99.99,43,2,0.05,189.98,108.28,57.0,Phone,PIX,Completed,Rafael
2697,ORD01061,PRD002,Kingston A400 480GB,Storage,Kingston,CUS0243,2024-09-23,14:00:18,2024,9,49.99,21,2,0.15,84.98,49.28,58.0,Reseller,Credit Card,Completed,Daniela
2698,ORD01061,PRD003,Kingston A400 960GB,Storage,Kingston,CUS0243,2024-09-23,14:00:18,2024,9,89.99,38,1,0.0,89.99,51.99,57.8,In-Store,Cash,Completed,Daniela
2699,ORD01062,PRD008,Samsung 970 EVO 2TB,Storage,Samsung,CUS0463,2023-07-20,18:10:05,2023,7,219.99,94,1,0.0,219.99,125.99,57.3,Marketplace,PIX,Completed,Pedro
2700,ORD01062,PRD039,NVIDIA RTX 3070 8GB,GPU,NVIDIA,CUS0463,2023-07-20,18:10:05,2023,7,499.99,215,1,0.05,474.99,270.74,57.0,Reseller,Debit Card,Completed,Pedro
2701,ORD01062,PRD029,Intel Core i5-12400,Processor,Intel,CUS0463,2023-07-20,18:10:05,2023,7,199.99,86,1,0.15,169.99,96.89,57.0,Phone,PIX,Completed,Pedro
2702,ORD01063,PRD035,AMD Ryzen 7 5800X3D,Processor,AMD,CUS0311,2024-10-26,11:22:59,2024,10,349.99,150,3,0.1,944.97,539.97,57.1,Reseller,Bank Transfer,Completed,Viviane
2703,ORD01064,PRD021,ASUS ROG Strix B550-F,Motherboard,ASUS,CUS0322,2023-04-30,18:59:25,2023,4,219.99,94,1,0.0,219.99,125.99,57.3,Phone,Bank Transfer,Completed,Carlos
2704,ORD01064,PRD002,Kingston A400 480GB,Storage,Kingston,CUS0322,2023-04-30,18:59:25,2023,4,49.99,21,1,0.1,44.99,26.09,58.0,Reseller,Boleto,Completed,Carlos
2705,ORD01064,PRD037,AMD Ryzen 9 7900X,Processor,AMD,CUS0322,2023-04-30,18:59:25,2023,4,549.99,236,1,0.1,494.99,282.59,57.1,In-Store,PIX,Completed,Carlos
2706,ORD01064,PRD056,Corsair H150i Elite 360mm,Cooler,Corsair,CUS0322,2023-04-30,18:59:25,2023,4,169.99,73,3,0.2,407.98,232.78,57.1,In-Store,PIX,Completed,Carlos
2707,ORD01065,PRD007,Samsung 970 EVO 1TB,Storage,Samsung,CUS0482,2023-01-30,09:17:35,2023,1,119.99,51,1,0.15,101.99,58.64,57.5,Online,Bank Transfer,Completed,Felipe
2708,ORD01065,PRD014,Corsair Vengeance 16GB DDR4,Memory,Corsair,CUS0482,2023-01-30,09:17:35,2023,1,59.99,25,1,0.0,59.99,34.99,58.3,Online,Cash,Completed,Felipe
2709,ORD01065,PRD017,G.Skill Trident Z5 32GB DDR5,Memory,G.Skill,CUS0482,2023-01-30,09:17:35,2023,1,149.99,64,1,0.0,149.99,85.99,57.3,Reseller,Credit Card,Completed,Felipe
2710,ORD01065,PRD042,NVIDIA RTX 4070 12GB,GPU,NVIDIA,CUS0482,2023-01-30,09:17:35,2023,1,599.99,258,3,0.0,1799.97,1025.97,57.0,Marketplace,Credit Card,Completed,Felipe
2711,ORD01066,PRD027,Gigabyte Z790 AORUS Master,Motherboard,Gigabyte,CUS0459,2024-04-19,11:27:42,2024,4,449.99,193,1,0.0,449.99,256.99,57.1,Marketplace,Cash,Completed,Maria
2712,ORD01066,PRD039,NVIDIA RTX 3070 8GB,GPU,NVIDIA,CUS0459,2024-04-19,11:27:42,2024,4,499.99,215,2,0.15,849.98,484.48,57.0,In-Store,Cash,Completed,Maria
2713,ORD01066,PRD019,Kingston Fury Beast 16GB DDR4,Memory,Kingston,CUS0459,2024-04-19,11:27:42,2024,4,54.99,23,2,0.05,104.48,60.78,58.2,In-Store,Debit Card,Completed,Maria
2714,ORD01067,PRD035,AMD Ryzen 7 5800X3D,Processor,AMD,CUS0023,2022-12-06,12:34:08,2022,12,349.99,150,1,0.25,262.49,149.99,57.1,Online,Cash,Completed,Cristina
2715,ORD01067,PRD001,Kingston A400 240GB,Storage,Kingston,CUS0023,2022-12-06,12:34:08,2022,12,29.99,13,1,0.15,25.49,14.44,56.7,Marketplace,PIX,Completed,Cristina
2716,ORD01067,PRD021,ASUS ROG Strix B550-F,Motherboard,ASUS,CUS0023,2022-12-06,12:34:08,2022,12,219.99,94,1,0.05,208.99,119.69,57.3,Online,PIX,Completed,Cristina
2717,ORD01068,PRD016,G.Skill Trident Z5 16GB DDR5,Memory,G.Skill,CUS0477,2023-03-15,14:19:26,2023,3,79.99,34,1,0.05,75.99,43.69,57.5,In-Store,Credit Card,Completed,Patricia
2718,ORD01068,PRD039,NVIDIA RTX 3070 8GB,GPU,NVIDIA,CUS0477,2023-03-15,14:19:26,2023,3,499.99,215,1,0.1,449.99,256.49,57.0,Marketplace,Boleto,Completed,Patricia
2719,ORD01069,PRD060,Thermaltake UX200 ARGB,Cooler,Thermaltake,CUS0204,2023-03-06,18:12:41,2023,3,34.99,15,2,0.0,69.98,39.98,57.1,Phone,Cash,Completed,Pedro
2720,ORD01069,PRD010,WD Blue 1TB HDD,Storage,WD,CUS0204,2023-03-06,18:12:41,2023,3,44.99,19,3,0.05,128.22,74.07,57.8,Phone,Debit Card,Completed,Pedro
2721,ORD01070,PRD059,Cooler Master Hyper 212,Cooler,Cooler Master,CUS0248,2022-12-09,14:14:11,2022,12,39.99,17,1,0.0,39.99,22.99,57.5,In-Store,Credit Card,Completed,Eduardo
2722,ORD01070,PRD051,be quiet! Straight Power 850W,PSU,be quiet!,CUS0248,2022-12-09,14:14:11,2022,12,169.99,73,1,0.2,135.99,77.59,57.1,Marketplace,Cash,Completed,Eduardo
2723,ORD01070,PRD031,Intel Core i7-12700K,Processor,Intel,CUS0248,2022-12-09,14:14:11,2022,12,369.99,159,1,0.05,351.49,200.44,57.0,Marketplace,Boleto,Completed,Eduardo
2724,ORD01071,PRD011,Seagate Barracuda 2TB,Storage,Seagate,CUS0180,2024-09-09,20:32:51,2024,9,54.99,23,1,0.1,49.49,28.79,58.2,Marketplace,Boleto,Completed,Larissa
2725,ORD01072,PRD040,NVIDIA RTX 3080 10GB,GPU,NVIDIA,CUS0361,2022-05-02,19:21:20,2022,5,699.99,301,2,0.0,1399.98,797.98,57.0,In-Store,Cash,Completed,Renata
2726,ORD01072,PRD024,MSI MAG B550M MORTAR,Motherboard,MSI,CUS0361,2022-05-02,19:21:20,2022,5,129.99,55,1,0.0,129.99,74.99,57.7,In-Store,Debit Card,Completed,Renata
2727,ORD01072,PRD055,Corsair H100i RGB 240mm,Cooler,Corsair,CUS0361,2022-05-02,19:21:20,2022,5,129.99,56,3,0.0,389.97,221.97,56.9,Reseller,Cash,Completed,Renata
2728,ORD01072,PRD036,AMD Ryzen 9 5900X,Processor,AMD,CUS0361,2022-05-02,19:21:20,2022,5,449.99,193,3,0.0,1349.97,770.97,57.1,In-Store,Bank Transfer,Completed,Renata
2729,ORD01073,PRD019,Kingston Fury Beast 16GB DDR4,Memory,Kingston,CUS0415,2024-01-02,16:18:05,2024,1,54.99,23,1,0.15,46.74,27.19,58.2,Online,PIX,Completed,Felipe
2730,ORD01073,PRD060,Thermaltake UX200 ARGB,Cooler,Thermaltake,CUS0415,2024-01-02,16:18:05,2024,1,34.99,15,1,0.15,29.74,16.99,57.1,Phone,Credit Card,Completed,Felipe
2731,ORD01073,PRD025,MSI PRO Z690-A,Motherboard,MSI,CUS0415,2024-01-02,16:18:05,2024,1,189.99,81,2,0.0,379.98,217.98,57.4,Phone,Debit Card,Completed,Felipe
2732,ORD01074,PRD045,AMD RX 6700 XT 12GB,GPU,AMD,CUS0098,2023-06-06,20:17:38,2023,6,399.99,172,1,0.05,379.99,216.59,57.0,Phone,Boleto,Completed,Larissa
2733,ORD01074,PRD049,Corsair RM850 Modular,PSU,Corsair,CUS0098,2023-06-06,20:17:38,2023,6,139.99,60,2,0.0,279.98,159.98,57.1,Reseller,Bank Transfer,Completed,Larissa
2734,ORD01074,PRD032,Intel Core i9-12900K,Processor,Intel,CUS0098,2023-06-06,20:17:38,2023,6,569.99,245,1,0.0,569.99,324.99,57.0,Marketplace,Debit Card,Completed,Larissa
2735,ORD01075,PRD018,G.Skill Trident Z5 64GB DDR5,Memory,G.Skill,CUS0321,2024-10-19,15:40:04,2024,10,289.99,124,1,0.2,231.99,132.79,57.2,In-Store,Bank Transfer,Completed,Lucas
2736,ORD01076,PRD011,Seagate Barracuda 2TB,Storage,Seagate,CUS0173,2022-01-20,18:14:59,2022,1,54.99,23,1,0.0,54.99,31.99,58.2,In-Store,Cash,Completed,Beatriz
2737,ORD01076,PRD028,Intel Core i3-12100,Processor,Intel,CUS0173,2022-01-20,18:14:59,2022,1,119.99,51,3,0.15,305.97,175.92,57.5,Marketplace,Boleto,Completed,Beatriz
2738,ORD01076,PRD021,ASUS ROG Strix B550-F,Motherboard,ASUS,CUS0173,2022-01-20,18:14:59,2022,1,219.99,94,1,0.0,219.99,125.99,57.3,Marketplace,Debit Card,Completed,Beatriz
2739,ORD01077,PRD015,Corsair Vengeance 32GB DDR4,Memory,Corsair,CUS0104,2022-11-16,22:39:04,2022,11,109.99,47,2,0.0,219.98,125.98,57.3,Phone,Cash,Completed,Claudia
2740,ORD01077,PRD047,Corsair RM650 Modular,PSU,Corsair,CUS0104,2022-11-16,22:39:04,2022,11,89.99,38,1,0.0,89.99,51.99,57.8,Marketplace,Bank Transfer,Completed,Claudia
2741,ORD01078,PRD042,NVIDIA RTX 4070 12GB,GPU,NVIDIA,CUS0222,2022-01-05,14:53:35,2022,1,599.99,258,2,0.15,1019.98,581.38,57.0,Phone,Debit Card,Completed,Sergio
2742,ORD01078,PRD024,MSI MAG B550M MORTAR,Motherboard,MSI,CUS0222,2022-01-05,14:53:35,2022,1,129.99,55,1,0.05,123.49,71.24,57.7,In-Store,PIX,Completed,Sergio
2743,ORD01078,PRD058,DeepCool AK620,Cooler,DeepCool,CUS0222,2022-01-05,14:53:35,2022,1,54.99,23,1,0.1,49.49,28.79,58.2,Marketplace,Boleto,Completed,Sergio
2744,ORD01079,PRD048,Corsair RM750 Modular,PSU,Corsair,CUS0176,2024-08-16,13:16:38,2024,8,109.99,47,2,0.0,219.98,125.98,57.3,Marketplace,PIX,Completed,Sergio
2745,ORD01079,PRD004,Samsung 870 EVO 500GB,Storage,Samsung,CUS0176,2024-08-16,13:16:38,2024,8,79.99,34,2,0.15,135.98,78.18,57.5,Online,Boleto,Completed,Sergio
2746,ORD01079,PRD020,Kingston Fury Beast 32GB DDR4,Memory,Kingston,CUS0176,2024-08-16,13:16:38,2024,8,99.99,43,1,0.15,84.99,48.44,57.0,Marketplace,Boleto,Completed,Sergio
2747,ORD01079,PRD028,Intel Core i3-12100,Processor,Intel,CUS0176,2024-08-16,13:16:38,2024,8,119.99,51,1,0.0,119.99,68.99,57.5,Phone,Credit Card,Completed,Sergio
2748,ORD01080,PRD004,Samsung 870 EVO 500GB,Storage,Samsung,CUS0241,2024-01-30,17:21:22,2024,1,79.99,34,1,0.0,79.99,45.99,57.5,In-Store,Credit Card,Completed,Monica
2749,ORD01081,PRD015,Corsair Vengeance 32GB DDR4,Memory,Corsair,CUS0449,2024-08-21,16:07:05,2024,8,109.99,47,2,0.2,175.98,100.78,57.3,Marketplace,PIX,Completed,Matheus
2750,ORD01081,PRD034,AMD Ryzen 5 7600X,Processor,AMD,CUS0449,2024-08-21,16:07:05,2024,8,249.99,107,1,0.0,249.99,142.99,57.2,Online,Cash,Completed,Matheus
2751,ORD01082,PRD047,Corsair RM650 Modular,PSU,Corsair,CUS0317,2023-12-03,10:38:30,2023,12,89.99,38,1,0.0,89.99,51.99,57.8,In-Store,Debit Card,Completed,Larissa
2752,ORD01083,PRD021,ASUS ROG Strix B550-F,Motherboard,ASUS,CUS0313,2022-11-28,17:29:42,2022,11,219.99,94,1,0.1,197.99,113.39,57.3,In-Store,Credit Card,Completed,Daniela
2753,ORD01083,PRD012,Seagate Barracuda 4TB,Storage,Seagate,CUS0313,2022-11-28,17:29:42,2022,11,89.99,38,1,0.0,89.99,51.99,57.8,Marketplace,Debit Card,Completed,Daniela
2754,ORD01083,PRD005,Samsung 870 EVO 1TB,Storage,Samsung,CUS0313,2022-11-28,17:29:42,2022,11,129.99,56,2,0.0,259.98,147.98,56.9,Marketplace,Credit Card,Completed,Daniela
2755,ORD01084,PRD030,Intel Core i5-13600K,Processor,Intel,CUS0260,2023-11-15,21:20:00,2023,11,279.99,120,1,0.2,223.99,127.99,57.1,In-Store,Credit Card,Completed,Ana
2756,ORD01085,PRD036,AMD Ryzen 9 5900X,Processor,AMD,CUS0115,2022-09-26,09:54:14,2022,9,449.99,193,1,0.0,449.99,256.99,57.1,Phone,Boleto,Completed,Alexandre
2757,ORD01085,PRD060,Thermaltake UX200 ARGB,Cooler,Thermaltake,CUS0115,2022-09-26,09:54:14,2022,9,34.99,15,1,0.15,29.74,16.99,57.1,Marketplace,Credit Card,Completed,Alexandre
2758,ORD01085,PRD032,Intel Core i9-12900K,Processor,Intel,CUS0115,2022-09-26,09:54:14,2022,9,569.99,245,1,0.0,569.99,324.99,57.0,Phone,Bank Transfer,Completed,Alexandre
2759,ORD01086,PRD007,Samsung 970 EVO 1TB,Storage,Samsung,CUS0051,2023-11-27,12:38:20,2023,11,119.99,51,1,0.0,119.99,68.99,57.5,Phone,PIX,Completed,Renata
2760,ORD01086,PRD010,WD Blue 1TB HDD,Storage,WD,CUS0051,2023-11-27,12:38:20,2023,11,44.99,19,1,0.0,44.99,25.99,57.8,In-Store,Cash,Completed,Renata
2761,ORD01086,PRD027,Gigabyte Z790 AORUS Master,Motherboard,Gigabyte,CUS0051,2023-11-27,12:38:20,2023,11,449.99,193,1,0.0,449.99,256.99,57.1,In-Store,Credit Card,Completed,Renata
2762,ORD01086,PRD003,Kingston A400 960GB,Storage,Kingston,CUS0051,2023-11-27,12:38:20,2023,11,89.99,38,1,0.0,89.99,51.99,57.8,Reseller,PIX,Completed,Renata
2763,ORD01087,PRD049,Corsair RM850 Modular,PSU,Corsair,CUS0259,2022-04-27,20:53:44,2022,4,139.99,60,1,0.0,139.99,79.99,57.1,Marketplace,PIX,Completed,Mariana
2764,ORD01088,PRD030,Intel Core i5-13600K,Processor,Intel,CUS0098,2023-09-02,18:51:46,2023,9,279.99,120,1,0.0,279.99,159.99,57.1,Reseller,Debit Card,Completed,Larissa
2765,ORD01089,PRD032,Intel Core i9-12900K,Processor,Intel,CUS0496,2022-06-30,18:53:27,2022,6,569.99,245,1,0.0,569.99,324.99,57.0,In-Store,Debit Card,Completed,Fernanda
2766,ORD01090,PRD036,AMD Ryzen 9 5900X,Processor,AMD,CUS0464,2022-12-25,13:01:07,2022,12,449.99,193,1,0.15,382.49,218.44,57.1,Marketplace,Debit Card,Completed,Aline
2767,ORD01090,PRD030,Intel Core i5-13600K,Processor,Intel,CUS0464,2022-12-25,13:01:07,2022,12,279.99,120,4,0.0,1119.96,639.96,57.1,Phone,PIX,Completed,Aline
2768,ORD01091,PRD037,AMD Ryzen 9 7900X,Processor,AMD,CUS0129,2023-03-11,19:49:29,2023,3,549.99,236,1,0.1,494.99,282.59,57.1,Phone,Boleto,Completed,Leticia
2769,ORD01091,PRD024,MSI MAG B550M MORTAR,Motherboard,MSI,CUS0129,2023-03-11,19:49:29,2023,3,129.99,55,3,0.0,389.97,224.97,57.7,Phone,Boleto,Completed,Leticia
2770,ORD01091,PRD049,Corsair RM850 Modular,PSU,Corsair,CUS0129,2023-03-11,19:49:29,2023,3,139.99,60,2,0.15,237.98,135.98,57.1,Online,Cash,Completed,Leticia
2771,ORD01091,PRD039,NVIDIA RTX 3070 8GB,GPU,NVIDIA,CUS0129,2023-03-11,19:49:29,2023,3,499.99,215,2,0.0,999.98,569.98,57.0,Reseller,Cash,Completed,Leticia
2772,ORD01092,PRD009,WD Black SN850 1TB,Storage,WD,CUS0205,2022-01-03,17:53:31,2022,1,109.99,47,1,0.05,104.49,59.84,57.3,Reseller,PIX,Completed,Leonardo
2773,ORD01092,PRD052,Thermaltake Toughpower 1000W,PSU,Thermaltake,CUS0205,2022-01-03,17:53:31,2022,1,189.99,81,1,0.1,170.99,98.09,57.4,Phone,PIX,Completed,Leonardo
2774,ORD01092,PRD011,Seagate Barracuda 2TB,Storage,Seagate,CUS0205,2022-01-03,17:53:31,2022,1,54.99,23,3,0.1,148.47,86.37,58.2,Reseller,Bank Transfer,Completed,Leonardo
2775,ORD01092,PRD040,NVIDIA RTX 3080 10GB,GPU,NVIDIA,CUS0205,2022-01-03,17:53:31,2022,1,699.99,301,1,0.0,699.99,398.99,57.0,In-Store,Debit Card,Completed,Leonardo
2776,ORD01093,PRD052,Thermaltake Toughpower 1000W,PSU,Thermaltake,CUS0313,2022-02-19,13:21:15,2022,2,189.99,81,1,0.0,189.99,108.99,57.4,Phone,Cash,Completed,Daniela
2777,ORD01093,PRD020,Kingston Fury Beast 32GB DDR4,Memory,Kingston,CUS0313,2022-02-19,13:21:15,2022,2,99.99,43,1,0.15,84.99,48.44,57.0,In-Store,Cash,Completed,Daniela
2778,ORD01093,PRD051,be quiet! Straight Power 850W,PSU,be quiet!,CUS0313,2022-02-19,13:21:15,2022,2,169.99,73,2,0.0,339.98,193.98,57.1,Online,Cash,Completed,Daniela
2779,ORD01094,PRD019,Kingston Fury Beast 16GB DDR4,Memory,Kingston,CUS0060,2022-05-21,09:54:40,2022,5,54.99,23,2,0.0,109.98,63.98,58.2,Online,PIX,Completed,Thiago
2780,ORD01094,PRD055,Corsair H100i RGB 240mm,Cooler,Corsair,CUS0060,2022-05-21,09:54:40,2022,5,129.99,56,1,0.0,129.99,73.99,56.9,Online,Cash,Completed,Thiago
2781,ORD01094,PRD038,NVIDIA RTX 3060 12GB,GPU,NVIDIA,CUS0060,2022-05-21,09:54:40,2022,5,329.99,141,1,0.0,329.99,188.99,57.3,Marketplace,Credit Card,Completed,Thiago
2782,ORD01094,PRD043,NVIDIA RTX 4080 16GB,GPU,NVIDIA,CUS0060,2022-05-21,09:54:40,2022,5,1199.99,516,1,0.05,1139.99,649.79,57.0,In-Store,Debit Card,Completed,Thiago
2783,ORD01095,PRD005,Samsung 870 EVO 1TB,Storage,Samsung,CUS0106,2023-01-16,08:38:00,2023,1,129.99,56,3,0.0,389.97,221.97,56.9,In-Store,PIX,Completed,Cristina
2784,ORD01095,PRD018,G.Skill Trident Z5 64GB DDR5,Memory,G.Skill,CUS0106,2023-01-16,08:38:00,2023,1,289.99,124,1,0.05,275.49,157.69,57.2,In-Store,PIX,Completed,Cristina
2785,ORD01096,PRD054,Noctua NH-U12S,Cooler,Noctua,CUS0383,2022-08-30,10:25:18,2022,8,69.99,30,2,0.0,139.98,79.98,57.1,In-Store,Debit Card,Completed,Larissa
2786,ORD01096,PRD022,ASUS ROG Strix Z690-A,Motherboard,ASUS,CUS0383,2022-08-30,10:25:18,2022,8,319.99,137,1,0.05,303.99,173.84,57.2,Reseller,Credit Card,Completed,Larissa
2787,ORD01097,PRD026,Gigabyte B550 AORUS Elite,Motherboard,Gigabyte,CUS0219,2022-09-07,08:22:46,2022,9,169.99,72,1,0.05,161.49,93.09,57.6,Marketplace,Boleto,Completed,Thiago
2788,ORD01098,PRD004,Samsung 870 EVO 500GB,Storage,Samsung,CUS0406,2022-04-03,13:49:23,2022,4,79.99,34,4,0.0,319.96,183.96,57.5,Phone,Debit Card,Completed,Fabio
2789,ORD01098,PRD044,AMD RX 6600 8GB,GPU,AMD,CUS0406,2022-04-03,13:49:23,2022,4,289.99,124,1,0.1,260.99,149.39,57.2,In-Store,Cash,Completed,Fabio
2790,ORD01098,PRD009,WD Black SN850 1TB,Storage,WD,CUS0406,2022-04-03,13:49:23,2022,4,109.99,47,1,0.0,109.99,62.99,57.3,In-Store,Bank Transfer,Completed,Fabio
2791,ORD01098,PRD039,NVIDIA RTX 3070 8GB,GPU,NVIDIA,CUS0406,2022-04-03,13:49:23,2022,4,499.99,215,1,0.0,499.99,284.99,57.0,Phone,Bank Transfer,Completed,Fabio
2792,ORD01099,PRD042,NVIDIA RTX 4070 12GB,GPU,NVIDIA,CUS0012,2024-10-31,11:56:08,2024,10,599.99,258,1,0.0,599.99,341.99,57.0,In-Store,Bank Transfer,Completed,Monica
2793,ORD01099,PRD024,MSI MAG B550M MORTAR,Motherboard,MSI,CUS0012,2024-10-31,11:56:08,2024,10,129.99,55,1,0.0,129.99,74.99,57.7,Marketplace,Credit Card,Completed,Monica
2794,ORD01100,PRD022,ASUS ROG Strix Z690-A,Motherboard,ASUS,CUS0069,2023-07-03,21:48:59,2023,7,319.99,137,1,0.1,287.99,164.69,57.2,Marketplace,PIX,Completed,Daniela
2795,ORD01100,PRD043,NVIDIA RTX 4080 16GB,GPU,NVIDIA,CUS0069,2023-07-03,21:48:59,2023,7,1199.99,516,1,0.0,1199.99,683.99,57.0,Phone,Bank Transfer,Completed,Daniela
2796,ORD01100,PRD058,DeepCool AK620,Cooler,DeepCool,CUS0069,2023-07-03,21:48:59,2023,7,54.99,23,1,0.1,49.49,28.79,58.2,Marketplace,Boleto,Completed,Daniela
2797,ORD01101,PRD001,Kingston A400 240GB,Storage,Kingston,CUS0127,2022-12-28,20:05:43,2022,12,29.99,13,1,0.2,23.99,13.59,56.7,Marketplace,Debit Card,Completed,Ana
2798,ORD01101,PRD005,Samsung 870 EVO 1TB,Storage,Samsung,CUS0127,2022-12-28,20:05:43,2022,12,129.99,56,1,0.0,129.99,73.99,56.9,Marketplace,PIX,Completed,Ana
2799,ORD01102,PRD050,EVGA SuperNOVA 650W,PSU,EVGA,CUS0420,2023-05-18,10:15:30,2023,5,89.99,38,3,0.0,269.97,155.97,57.8,Marketplace,PIX,Completed,Diego
2800,ORD01102,PRD015,Corsair Vengeance 32GB DDR4,Memory,Corsair,CUS0420,2023-05-18,10:15:30,2023,5,109.99,47,3,0.1,296.97,170.07,57.3,Online,Bank Transfer,Completed,Diego
2801,ORD01102,PRD002,Kingston A400 480GB,Storage,Kingston,CUS0420,2023-05-18,10:15:30,2023,5,49.99,21,2,0.0,99.98,57.98,58.0,In-Store,Boleto,Completed,Diego
2802,ORD01103,PRD001,Kingston A400 240GB,Storage,Kingston,CUS0466,2022-01-23,12:18:49,2022,1,29.99,13,3,0.0,89.97,50.97,56.7,Online,Cash,Completed,Natalia
2803,ORD01104,PRD035,AMD Ryzen 7 5800X3D,Processor,AMD,CUS0426,2024-08-25,08:57:16,2024,8,349.99,150,2,0.05,664.98,379.98,57.1,Reseller,Bank Transfer,Completed,João
2804,ORD01104,PRD050,EVGA SuperNOVA 650W,PSU,EVGA,CUS0426,2024-08-25,08:57:16,2024,8,89.99,38,1,0.0,89.99,51.99,57.8,Online,PIX,Completed,João
2805,ORD01104,PRD026,Gigabyte B550 AORUS Elite,Motherboard,Gigabyte,CUS0426,2024-08-25,08:57:16,2024,8,169.99,72,1,0.0,169.99,97.99,57.6,Online,Cash,Completed,João
2806,ORD01105,PRD013,Corsair Vengeance 8GB DDR4,Memory,Corsair,CUS0294,2024-07-25,18:28:58,2024,7,29.99,12,1,0.0,29.99,17.99,60.0,Phone,Credit Card,Completed,Rafael
2807,ORD01105,PRD016,G.Skill Trident Z5 16GB DDR5,Memory,G.Skill,CUS0294,2024-07-25,18:28:58,2024,7,79.99,34,1,0.0,79.99,45.99,57.5,In-Store,Boleto,Completed,Rafael
2808,ORD01106,PRD030,Intel Core i5-13600K,Processor,Intel,CUS0312,2022-04-08,16:03:10,2022,4,279.99,120,1,0.05,265.99,151.99,57.1,Marketplace,PIX,Completed,Daniela
2809,ORD01106,PRD040,NVIDIA RTX 3080 10GB,GPU,NVIDIA,CUS0312,2022-04-08,16:03:10,2022,4,699.99,301,1,0.0,699.99,398.99,57.0,Marketplace,Bank Transfer,Completed,Daniela
2810,ORD01106,PRD051,be quiet! Straight Power 850W,PSU,be quiet!,CUS0312,2022-04-08,16:03:10,2022,4,169.99,73,1,0.0,169.99,96.99,57.1,In-Store,Bank Transfer,Completed,Daniela
2811,ORD01106,PRD021,ASUS ROG Strix B550-F,Motherboard,ASUS,CUS0312,2022-04-08,16:03:10,2022,4,219.99,94,1,0.0,219.99,125.99,57.3,Phone,Credit Card,Completed,Daniela
2812,ORD01107,PRD027,Gigabyte Z790 AORUS Master,Motherboard,Gigabyte,CUS0195,2024-10-01,08:58:53,2024,10,449.99,193,2,0.2,719.98,411.18,57.1,In-Store,Cash,Completed,Paulo
2813,ORD01107,PRD031,Intel Core i7-12700K,Processor,Intel,CUS0195,2024-10-01,08:58:53,2024,10,369.99,159,1,0.05,351.49,200.44,57.0,Online,PIX,Completed,Paulo
2814,ORD01107,PRD014,Corsair Vengeance 16GB DDR4,Memory,Corsair,CUS0195,2024-10-01,08:58:53,2024,10,59.99,25,3,0.05,170.97,99.72,58.3,Marketplace,Credit Card,Completed,Paulo
2815,ORD01107,PRD008,Samsung 970 EVO 2TB,Storage,Samsung,CUS0195,2024-10-01,08:58:53,2024,10,219.99,94,1,0.0,219.99,125.99,57.3,Online,PIX,Completed,Paulo
2816,ORD01108,PRD043,NVIDIA RTX 4080 16GB,GPU,NVIDIA,CUS0039,2024-09-03,15:02:43,2024,9,1199.99,516,1,0.0,1199.99,683.99,57.0,In-Store,Credit Card,Completed,Carlos
2817,ORD01109,PRD003,Kingston A400 960GB,Storage,Kingston,CUS0243,2023-07-28,11:56:09,2023,7,89.99,38,1,0.0,89.99,51.99,57.8,In-Store,Cash,Completed,Daniela
2818,ORD01110,PRD015,Corsair Vengeance 32GB DDR4,Memory,Corsair,CUS0036,2022-01-14,14:18:59,2022,1,109.99,47,1,0.0,109.99,62.99,57.3,In-Store,PIX,Completed,Patricia
2819,ORD01110,PRD048,Corsair RM750 Modular,PSU,Corsair,CUS0036,2022-01-14,14:18:59,2022,1,109.99,47,2,0.1,197.98,113.38,57.3,Reseller,Boleto,Completed,Patricia
2820,ORD01111,PRD023,ASUS TUF Gaming B660M,Motherboard,ASUS,CUS0251,2023-07-06,08:38:29,2023,7,159.99,68,3,0.25,359.98,206.98,57.5,Online,Credit Card,Completed,Claudia
2821,ORD01111,PRD015,Corsair Vengeance 32GB DDR4,Memory,Corsair,CUS0251,2023-07-06,08:38:29,2023,7,109.99,47,1,0.1,98.99,56.69,57.3,Phone,Bank Transfer,Completed,Claudia
2822,ORD01111,PRD011,Seagate Barracuda 2TB,Storage,Seagate,CUS0251,2023-07-06,08:38:29,2023,7,54.99,23,1,0.0,54.99,31.99,58.2,Phone,Debit Card,Completed,Claudia
2823,ORD01111,PRD040,NVIDIA RTX 3080 10GB,GPU,NVIDIA,CUS0251,2023-07-06,08:38:29,2023,7,699.99,301,3,0.2,1679.98,957.58,57.0,Online,Cash,Completed,Claudia
2824,ORD01112,PRD006,Samsung 970 EVO 500GB,Storage,Samsung,CUS0413,2023-12-07,19:42:53,2023,12,69.99,29,1,0.0,69.99,40.99,58.6,Marketplace,PIX,Completed,Roberto
2825,ORD01112,PRD049,Corsair RM850 Modular,PSU,Corsair,CUS0413,2023-12-07,19:42:53,2023,12,139.99,60,1,0.0,139.99,79.99,57.1,Online,Cash,Completed,Roberto
2826,ORD01112,PRD036,AMD Ryzen 9 5900X,Processor,AMD,CUS0413,2023-12-07,19:42:53,2023,12,449.99,193,4,0.0,1799.96,1027.96,57.1,Reseller,Cash,Completed,Roberto
2827,ORD01113,PRD034,AMD Ryzen 5 7600X,Processor,AMD,CUS0227,2024-09-05,15:02:04,2024,9,249.99,107,1,0.0,249.99,142.99,57.2,Online,Credit Card,Completed,Daniela
2828,ORD01114,PRD026,Gigabyte B550 AORUS Elite,Motherboard,Gigabyte,CUS0491,2024-12-25,19:36:59,2024,12,169.99,72,1,0.1,152.99,88.19,57.6,Phone,Boleto,Completed,Ana
2829,ORD01114,PRD005,Samsung 870 EVO 1TB,Storage,Samsung,CUS0491,2024-12-25,19:36:59,2024,12,129.99,56,1,0.15,110.49,62.89,56.9,Phone,Debit Card,Completed,Ana
2830,ORD01115,PRD052,Thermaltake Toughpower 1000W,PSU,Thermaltake,CUS0499,2023-11-26,16:27:38,2023,11,189.99,81,3,0.05,541.47,310.62,57.4,Phone,Debit Card,Completed,Matheus
2831,ORD01115,PRD048,Corsair RM750 Modular,PSU,Corsair,CUS0499,2023-11-26,16:27:38,2023,11,109.99,47,1,0.1,98.99,56.69,57.3,Marketplace,Credit Card,Completed,Matheus
2832,ORD01116,PRD016,G.Skill Trident Z5 16GB DDR5,Memory,G.Skill,CUS0428,2022-08-28,22:25:44,2022,8,79.99,34,3,0.0,239.97,137.97,57.5,Reseller,Cash,Completed,Alexandre
2833,ORD01116,PRD008,Samsung 970 EVO 2TB,Storage,Samsung,CUS0428,2022-08-28,22:25:44,2022,8,219.99,94,1,0.05,208.99,119.69,57.3,Phone,Credit Card,Completed,Alexandre
2834,ORD01116,PRD047,Corsair RM650 Modular,PSU,Corsair,CUS0428,2022-08-28,22:25:44,2022,8,89.99,38,1,0.1,80.99,46.79,57.8,Marketplace,Boleto,Completed,Alexandre
2835,ORD01116,PRD006,Samsung 970 EVO 500GB,Storage,Samsung,CUS0428,2022-08-28,22:25:44,2022,8,69.99,29,1,0.0,69.99,40.99,58.6,Reseller,Bank Transfer,Completed,Alexandre
2836,ORD01117,PRD009,WD Black SN850 1TB,Storage,WD,CUS0113,2023-04-15,13:52:45,2023,4,109.99,47,1,0.0,109.99,62.99,57.3,Online,Bank Transfer,Completed,Priscila
2837,ORD01117,PRD017,G.Skill Trident Z5 32GB DDR5,Memory,G.Skill,CUS0113,2023-04-15,13:52:45,2023,4,149.99,64,3,0.1,404.97,232.17,57.3,Reseller,Credit Card,Completed,Priscila
2838,ORD01118,PRD002,Kingston A400 480GB,Storage,Kingston,CUS0487,2022-07-26,22:46:13,2022,7,49.99,21,1,0.0,49.99,28.99,58.0,Phone,Cash,Completed,Roberto
2839,ORD01118,PRD052,Thermaltake Toughpower 1000W,PSU,Thermaltake,CUS0487,2022-07-26,22:46:13,2022,7,189.99,81,3,0.0,569.97,326.97,57.4,Phone,PIX,Completed,Roberto
2840,ORD01119,PRD022,ASUS ROG Strix Z690-A,Motherboard,ASUS,CUS0190,2023-02-27,17:18:47,2023,2,319.99,137,1,0.1,287.99,164.69,57.2,Marketplace,Credit Card,Completed,Henrique
2841,ORD01119,PRD031,Intel Core i7-12700K,Processor,Intel,CUS0190,2023-02-27,17:18:47,2023,2,369.99,159,1,0.1,332.99,189.89,57.0,Online,Debit Card,Completed,Henrique
2842,ORD01119,PRD044,AMD RX 6600 8GB,GPU,AMD,CUS0190,2023-02-27,17:18:47,2023,2,289.99,124,2,0.0,579.98,331.98,57.2,Phone,Credit Card,Completed,Henrique
2843,ORD01120,PRD042,NVIDIA RTX 4070 12GB,GPU,NVIDIA,CUS0492,2024-09-20,14:54:53,2024,9,599.99,258,1,0.15,509.99,290.69,57.0,Online,Debit Card,Completed,Rafael
2844,ORD01120,PRD028,Intel Core i3-12100,Processor,Intel,CUS0492,2024-09-20,14:54:53,2024,9,119.99,51,1,0.0,119.99,68.99,57.5,Online,Boleto,Completed,Rafael
2845,ORD01120,PRD035,AMD Ryzen 7 5800X3D,Processor,AMD,CUS0492,2024-09-20,14:54:53,2024,9,349.99,150,1,0.0,349.99,199.99,57.1,Phone,PIX,Completed,Rafael
2846,ORD01121,PRD044,AMD RX 6600 8GB,GPU,AMD,CUS0439,2023-06-22,20:55:18,2023,6,289.99,124,2,0.05,550.98,315.38,57.2,In-Store,Bank Transfer,Completed,Alexandre
2847,ORD01121,PRD050,EVGA SuperNOVA 650W,PSU,EVGA,CUS0439,2023-06-22,20:55:18,2023,6,89.99,38,3,0.05,256.47,148.17,57.8,In-Store,Boleto,Completed,Alexandre
2848,ORD01121,PRD049,Corsair RM850 Modular,PSU,Corsair,CUS0439,2023-06-22,20:55:18,2023,6,139.99,60,1,0.1,125.99,71.99,57.1,Online,Bank Transfer,Completed,Alexandre
2849,ORD01121,PRD025,MSI PRO Z690-A,Motherboard,MSI,CUS0439,2023-06-22,20:55:18,2023,6,189.99,81,1,0.05,180.49,103.54,57.4,Marketplace,Boleto,Completed,Alexandre
2850,ORD01122,PRD025,MSI PRO Z690-A,Motherboard,MSI,CUS0011,2023-02-28,12:37:50,2023,2,189.99,81,2,0.0,379.98,217.98,57.4,Phone,Credit Card,Completed,Juliana
2851,ORD01122,PRD053,Noctua NH-D15,Cooler,Noctua,CUS0011,2023-02-28,12:37:50,2023,2,99.99,43,3,0.15,254.97,145.32,57.0,Phone,Bank Transfer,Completed,Juliana
2852,ORD01122,PRD032,Intel Core i9-12900K,Processor,Intel,CUS0011,2023-02-28,12:37:50,2023,2,569.99,245,1,0.0,569.99,324.99,57.0,Online,PIX,Completed,Juliana
2853,ORD01122,PRD035,AMD Ryzen 7 5800X3D,Processor,AMD,CUS0011,2023-02-28,12:37:50,2023,2,349.99,150,4,0.1,1259.96,719.96,57.1,Reseller,Bank Transfer,Completed,Juliana
2854,ORD01123,PRD015,Corsair Vengeance 32GB DDR4,Memory,Corsair,CUS0372,2022-05-12,21:55:22,2022,5,109.99,47,1,0.0,109.99,62.99,57.3,Online,Cash,Completed,Priscila
2855,ORD01123,PRD035,AMD Ryzen 7 5800X3D,Processor,AMD,CUS0372,2022-05-12,21:55:22,2022,5,349.99,150,3,0.0,1049.97,599.97,57.1,Marketplace,Debit Card,Completed,Priscila
2856,ORD01123,PRD037,AMD Ryzen 9 7900X,Processor,AMD,CUS0372,2022-05-12,21:55:22,2022,5,549.99,236,3,0.0,1649.97,941.97,57.1,Phone,Bank Transfer,Completed,Priscila
2857,ORD01124,PRD032,Intel Core i9-12900K,Processor,Intel,CUS0059,2023-10-17,17:52:38,2023,10,569.99,245,1,0.0,569.99,324.99,57.0,Phone,Cash,Completed,Carla
2858,ORD01125,PRD047,Corsair RM650 Modular,PSU,Corsair,CUS0302,2024-05-14,08:46:55,2024,5,89.99,38,1,0.05,85.49,49.39,57.8,Reseller,Boleto,Completed,Natalia
2859,ORD01125,PRD044,AMD RX 6600 8GB,GPU,AMD,CUS0302,2024-05-14,08:46:55,2024,5,289.99,124,1,0.0,289.99,165.99,57.2,Phone,Cash,Completed,Natalia
2860,ORD01125,PRD007,Samsung 970 EVO 1TB,Storage,Samsung,CUS0302,2024-05-14,08:46:55,2024,5,119.99,51,3,0.05,341.97,196.62,57.5,In-Store,PIX,Completed,Natalia
2861,ORD01126,PRD011,Seagate Barracuda 2TB,Storage,Seagate,CUS0359,2022-10-25,20:02:54,2022,10,54.99,23,2,0.0,109.98,63.98,58.2,In-Store,PIX,Completed,Natalia
2862,ORD01126,PRD034,AMD Ryzen 5 7600X,Processor,AMD,CUS0359,2022-10-25,20:02:54,2022,10,249.99,107,2,0.05,474.98,271.68,57.2,Reseller,Boleto,Completed,Natalia
2863,ORD01127,PRD054,Noctua NH-U12S,Cooler,Noctua,CUS0292,2024-03-27,10:48:14,2024,3,69.99,30,2,0.0,139.98,79.98,57.1,In-Store,Bank Transfer,Completed,Daniela
2864,ORD01127,PRD059,Cooler Master Hyper 212,Cooler,Cooler Master,CUS0292,2024-03-27,10:48:14,2024,3,39.99,17,1,0.15,33.99,19.54,57.5,Marketplace,Bank Transfer,Completed,Daniela
2865,ORD01127,PRD027,Gigabyte Z790 AORUS Master,Motherboard,Gigabyte,CUS0292,2024-03-27,10:48:14,2024,3,449.99,193,2,0.05,854.98,488.28,57.1,Phone,Boleto,Completed,Daniela
2866,ORD01128,PRD054,Noctua NH-U12S,Cooler,Noctua,CUS0205,2022-11-03,21:30:25,2022,11,69.99,30,1,0.0,69.99,39.99,57.1,Online,Bank Transfer,Completed,Leonardo
2867,ORD01128,PRD016,G.Skill Trident Z5 16GB DDR5,Memory,G.Skill,CUS0205,2022-11-03,21:30:25,2022,11,79.99,34,1,0.25,59.99,34.49,57.5,Online,Credit Card,Completed,Leonardo
2868,ORD01128,PRD057,NZXT Kraken X73 360mm,Cooler,NZXT,CUS0205,2022-11-03,21:30:25,2022,11,189.99,81,1,0.05,180.49,103.54,57.4,Online,Boleto,Completed,Leonardo
2869,ORD01129,PRD041,NVIDIA RTX 4060 8GB,GPU,NVIDIA,CUS0459,2024-05-28,19:48:17,2024,5,299.99,129,2,0.0,599.98,341.98,57.0,Reseller,Bank Transfer,Completed,Maria
2870,ORD01129,PRD054,Noctua NH-U12S,Cooler,Noctua,CUS0459,2024-05-28,19:48:17,2024,5,69.99,30,3,0.15,178.47,101.97,57.1,Reseller,Boleto,Completed,Maria
2871,ORD01129,PRD001,Kingston A400 240GB,Storage,Kingston,CUS0459,2024-05-28,19:48:17,2024,5,29.99,13,1,0.15,25.49,14.44,56.7,Marketplace,Credit Card,Completed,Maria
2872,ORD01130,PRD020,Kingston Fury Beast 32GB DDR4,Memory,Kingston,CUS0400,2023-05-04,20:56:10,2023,5,99.99,43,1,0.05,94.99,54.14,57.0,Reseller,Boleto,Completed,Diego
2873,ORD01130,PRD004,Samsung 870 EVO 500GB,Storage,Samsung,CUS0400,2023-05-04,20:56:10,2023,5,79.99,34,1,0.1,71.99,41.39,57.5,Online,Bank Transfer,Completed,Diego
2874,ORD01131,PRD051,be quiet! Straight Power 850W,PSU,be quiet!,CUS0304,2023-06-14,12:54:28,2023,6,169.99,73,1,0.0,169.99,96.99,57.1,Marketplace,Boleto,Completed,Juliana
2875,ORD01131,PRD011,Seagate Barracuda 2TB,Storage,Seagate,CUS0304,2023-06-14,12:54:28,2023,6,54.99,23,1,0.15,46.74,27.19,58.2,Online,Debit Card,Completed,Juliana
2876,ORD01131,PRD052,Thermaltake Toughpower 1000W,PSU,Thermaltake,CUS0304,2023-06-14,12:54:28,2023,6,189.99,81,1,0.15,161.49,92.64,57.4,Phone,Boleto,Completed,Juliana
2877,ORD01131,PRD002,Kingston A400 480GB,Storage,Kingston,CUS0304,2023-06-14,12:54:28,2023,6,49.99,21,1,0.15,42.49,24.64,58.0,Reseller,Bank Transfer,Completed,Juliana
2878,ORD01132,PRD046,AMD RX 7900 XTX 24GB,GPU,AMD,CUS0191,2024-07-25,22:25:13,2024,7,999.99,430,1,0.05,949.99,541.49,57.0,Phone,Boleto,Completed,Ana
2879,ORD01132,PRD053,Noctua NH-D15,Cooler,Noctua,CUS0191,2024-07-25,22:25:13,2024,7,99.99,43,4,0.05,379.96,216.56,57.0,Reseller,Boleto,Completed,Ana
2880,ORD01132,PRD020,Kingston Fury Beast 32GB DDR4,Memory,Kingston,CUS0191,2024-07-25,22:25:13,2024,7,99.99,43,1,0.15,84.99,48.44,57.0,In-Store,Credit Card,Completed,Ana
2881,ORD01132,PRD001,Kingston A400 240GB,Storage,Kingston,CUS0191,2024-07-25,22:25:13,2024,7,29.99,13,2,0.0,59.98,33.98,56.7,Marketplace,Credit Card,Completed,Ana
2882,ORD01133,PRD052,Thermaltake Toughpower 1000W,PSU,Thermaltake,CUS0337,2023-10-04,09:51:06,2023,10,189.99,81,1,0.0,189.99,108.99,57.4,Online,Cash,Completed,Ana
2883,ORD01133,PRD048,Corsair RM750 Modular,PSU,Corsair,CUS0337,2023-10-04,09:51:06,2023,10,109.99,47,1,0.0,109.99,62.99,57.3,In-Store,Cash,Completed,Ana
2884,ORD01133,PRD025,MSI PRO Z690-A,Motherboard,MSI,CUS0337,2023-10-04,09:51:06,2023,10,189.99,81,2,0.0,379.98,217.98,57.4,Phone,Debit Card,Completed,Ana
2885,ORD01134,PRD054,Noctua NH-U12S,Cooler,Noctua,CUS0402,2024-03-11,18:15:14,2024,3,69.99,30,1,0.0,69.99,39.99,57.1,Online,Debit Card,Completed,Ricardo
2886,ORD01135,PRD045,AMD RX 6700 XT 12GB,GPU,AMD,CUS0050,2023-05-25,14:52:18,2023,5,399.99,172,1,0.2,319.99,182.39,57.0,Reseller,Credit Card,Completed,Viviane
2887,ORD01135,PRD021,ASUS ROG Strix B550-F,Motherboard,ASUS,CUS0050,2023-05-25,14:52:18,2023,5,219.99,94,1,0.15,186.99,107.09,57.3,Reseller,Boleto,Completed,Viviane
2888,ORD01135,PRD017,G.Skill Trident Z5 32GB DDR5,Memory,G.Skill,CUS0050,2023-05-25,14:52:18,2023,5,149.99,64,1,0.1,134.99,77.39,57.3,Marketplace,Boleto,Completed,Viviane
2889,ORD01135,PRD011,Seagate Barracuda 2TB,Storage,Seagate,CUS0050,2023-05-25,14:52:18,2023,5,54.99,23,1,0.0,54.99,31.99,58.2,Reseller,Credit Card,Completed,Viviane
2890,ORD01136,PRD018,G.Skill Trident Z5 64GB DDR5,Memory,G.Skill,CUS0445,2023-04-20,08:42:24,2023,4,289.99,124,1,0.0,289.99,165.99,57.2,Phone,Cash,Completed,Leandro
2891,ORD01136,PRD052,Thermaltake Toughpower 1000W,PSU,Thermaltake,CUS0445,2023-04-20,08:42:24,2023,4,189.99,81,1,0.0,189.99,108.99,57.4,In-Store,Debit Card,Completed,Leandro
2892,ORD01137,PRD038,NVIDIA RTX 3060 12GB,GPU,NVIDIA,CUS0378,2022-11-25,21:14:01,2022,11,329.99,141,1,0.0,329.99,188.99,57.3,In-Store,PIX,Completed,Leonardo
2893,ORD01137,PRD024,MSI MAG B550M MORTAR,Motherboard,MSI,CUS0378,2022-11-25,21:14:01,2022,11,129.99,55,1,0.15,110.49,63.74,57.7,Reseller,Credit Card,Completed,Leonardo
2894,ORD01137,PRD011,Seagate Barracuda 2TB,Storage,Seagate,CUS0378,2022-11-25,21:14:01,2022,11,54.99,23,2,0.0,109.98,63.98,58.2,Phone,Credit Card,Completed,Leonardo
2895,ORD01137,PRD034,AMD Ryzen 5 7600X,Processor,AMD,CUS0378,2022-11-25,21:14:01,2022,11,249.99,107,1,0.0,249.99,142.99,57.2,Online,PIX,Completed,Leonardo
2896,ORD01138,PRD035,AMD Ryzen 7 5800X3D,Processor,AMD,CUS0220,2023-11-24,21:39:52,2023,11,349.99,150,1,0.0,349.99,199.99,57.1,In-Store,Bank Transfer,Completed,Felipe
2897,ORD01138,PRD033,AMD Ryzen 5 5600X,Processor,AMD,CUS0220,2023-11-24,21:39:52,2023,11,229.99,98,1,0.05,218.49,125.39,57.4,Online,Debit Card,Completed,Felipe
2898,ORD01138,PRD046,AMD RX 7900 XTX 24GB,GPU,AMD,CUS0220,2023-11-24,21:39:52,2023,11,999.99,430,1,0.05,949.99,541.49,57.0,Marketplace,Bank Transfer,Completed,Felipe
2899,ORD01139,PRD044,AMD RX 6600 8GB,GPU,AMD,CUS0466,2024-08-15,10:24:05,2024,8,289.99,124,1,0.0,289.99,165.99,57.2,Online,Debit Card,Completed,Natalia
2900,ORD01140,PRD002,Kingston A400 480GB,Storage,Kingston,CUS0257,2022-07-01,13:39:55,2022,7,49.99,21,1,0.15,42.49,24.64,58.0,In-Store,Bank Transfer,Completed,Leonardo
2901,ORD01141,PRD046,AMD RX 7900 XTX 24GB,GPU,AMD,CUS0023,2022-07-09,17:03:24,2022,7,999.99,430,1,0.05,949.99,541.49,57.0,Online,Cash,Completed,Cristina
2902,ORD01141,PRD047,Corsair RM650 Modular,PSU,Corsair,CUS0023,2022-07-09,17:03:24,2022,7,89.99,38,1,0.15,76.49,44.19,57.8,Online,Bank Transfer,Completed,Cristina
2903,ORD01141,PRD008,Samsung 970 EVO 2TB,Storage,Samsung,CUS0023,2022-07-09,17:03:24,2022,7,219.99,94,2,0.15,373.98,214.18,57.3,Reseller,Debit Card,Completed,Cristina
2904,ORD01142,PRD027,Gigabyte Z790 AORUS Master,Motherboard,Gigabyte,CUS0303,2024-10-05,14:59:27,2024,10,449.99,193,1,0.0,449.99,256.99,57.1,Reseller,Boleto,Completed,Gabriel
2905,ORD01143,PRD001,Kingston A400 240GB,Storage,Kingston,CUS0427,2022-06-10,15:27:29,2022,6,29.99,13,1,0.0,29.99,16.99,56.7,Online,Credit Card,Completed,Diego
2906,ORD01143,PRD047,Corsair RM650 Modular,PSU,Corsair,CUS0427,2022-06-10,15:27:29,2022,6,89.99,38,1,0.05,85.49,49.39,57.8,Phone,Boleto,Completed,Diego
2907,ORD01143,PRD019,Kingston Fury Beast 16GB DDR4,Memory,Kingston,CUS0427,2022-06-10,15:27:29,2022,6,54.99,23,1,0.15,46.74,27.19,58.2,In-Store,Debit Card,Completed,Diego
2908,ORD01143,PRD053,Noctua NH-D15,Cooler,Noctua,CUS0427,2022-06-10,15:27:29,2022,6,99.99,43,2,0.0,199.98,113.98,57.0,Online,Bank Transfer,Completed,Diego
2909,ORD01144,PRD034,AMD Ryzen 5 7600X,Processor,AMD,CUS0197,2024-09-22,17:49:11,2024,9,249.99,107,2,0.1,449.98,257.38,57.2,In-Store,Cash,Completed,Marcelo
2910,ORD01144,PRD044,AMD RX 6600 8GB,GPU,AMD,CUS0197,2024-09-22,17:49:11,2024,9,289.99,124,2,0.0,579.98,331.98,57.2,In-Store,Debit Card,Completed,Marcelo
2911,ORD01145,PRD053,Noctua NH-D15,Cooler,Noctua,CUS0037,2024-05-04,12:24:29,2024,5,99.99,43,1,0.2,79.99,45.59,57.0,In-Store,Boleto,Completed,Leandro
2912,ORD01145,PRD027,Gigabyte Z790 AORUS Master,Motherboard,Gigabyte,CUS0037,2024-05-04,12:24:29,2024,5,449.99,193,1,0.0,449.99,256.99,57.1,In-Store,Bank Transfer,Completed,Leandro
2913,ORD01145,PRD051,be quiet! Straight Power 850W,PSU,be quiet!,CUS0037,2024-05-04,12:24:29,2024,5,169.99,73,2,0.0,339.98,193.98,57.1,Reseller,Credit Card,Completed,Leandro
2914,ORD01145,PRD019,Kingston Fury Beast 16GB DDR4,Memory,Kingston,CUS0037,2024-05-04,12:24:29,2024,5,54.99,23,1,0.05,52.24,30.39,58.2,Online,Debit Card,Completed,Leandro
2915,ORD01146,PRD021,ASUS ROG Strix B550-F,Motherboard,ASUS,CUS0344,2022-08-22,11:21:18,2022,8,219.99,94,2,0.0,439.98,251.98,57.3,Marketplace,Cash,Completed,Isabela
2916,ORD01146,PRD053,Noctua NH-D15,Cooler,Noctua,CUS0344,2022-08-22,11:21:18,2022,8,99.99,43,3,0.1,269.97,153.87,57.0,Phone,PIX,Completed,Isabela
2917,ORD01146,PRD035,AMD Ryzen 7 5800X3D,Processor,AMD,CUS0344,2022-08-22,11:21:18,2022,8,349.99,150,1,0.0,349.99,199.99,57.1,In-Store,Cash,Completed,Isabela
2918,ORD01147,PRD002,Kingston A400 480GB,Storage,Kingston,CUS0200,2024-08-15,16:52:36,2024,8,49.99,21,4,0.0,199.96,115.96,58.0,Marketplace,Debit Card,Completed,Claudia
2919,ORD01148,PRD026,Gigabyte B550 AORUS Elite,Motherboard,Gigabyte,CUS0247,2023-01-04,22:54:19,2023,1,169.99,72,1,0.15,144.49,83.29,57.6,In-Store,Boleto,Completed,Patricia
2920,ORD01148,PRD030,Intel Core i5-13600K,Processor,Intel,CUS0247,2023-01-04,22:54:19,2023,1,279.99,120,1,0.0,279.99,159.99,57.1,Marketplace,Bank Transfer,Completed,Patricia
2921,ORD01148,PRD041,NVIDIA RTX 4060 8GB,GPU,NVIDIA,CUS0247,2023-01-04,22:54:19,2023,1,299.99,129,1,0.0,299.99,170.99,57.0,Phone,Bank Transfer,Completed,Patricia
2922,ORD01149,PRD022,ASUS ROG Strix Z690-A,Motherboard,ASUS,CUS0310,2024-10-12,17:50:45,2024,10,319.99,137,1,0.0,319.99,182.99,57.2,Reseller,Bank Transfer,Completed,Leonardo
2923,ORD01149,PRD014,Corsair Vengeance 16GB DDR4,Memory,Corsair,CUS0310,2024-10-12,17:50:45,2024,10,59.99,25,1,0.1,53.99,31.49,58.3,Phone,PIX,Completed,Leonardo
2924,ORD01149,PRD057,NZXT Kraken X73 360mm,Cooler,NZXT,CUS0310,2024-10-12,17:50:45,2024,10,189.99,81,1,0.0,189.99,108.99,57.4,Online,Bank Transfer,Completed,Leonardo
2925,ORD01150,PRD032,Intel Core i9-12900K,Processor,Intel,CUS0491,2022-06-30,08:36:41,2022,6,569.99,245,3,0.15,1453.47,828.72,57.0,In-Store,Cash,Completed,Ana
2926,ORD01150,PRD019,Kingston Fury Beast 16GB DDR4,Memory,Kingston,CUS0491,2022-06-30,08:36:41,2022,6,54.99,23,1,0.05,52.24,30.39,58.2,Reseller,Credit Card,Completed,Ana
2927,ORD01150,PRD035,AMD Ryzen 7 5800X3D,Processor,AMD,CUS0491,2022-06-30,08:36:41,2022,6,349.99,150,2,0.05,664.98,379.98,57.1,Reseller,Debit Card,Completed,Ana
2928,ORD01151,PRD021,ASUS ROG Strix B550-F,Motherboard,ASUS,CUS0116,2022-12-06,08:22:48,2022,12,219.99,94,4,0.0,879.96,503.96,57.3,Marketplace,Cash,Completed,Monica
2929,ORD01151,PRD006,Samsung 970 EVO 500GB,Storage,Samsung,CUS0116,2022-12-06,08:22:48,2022,12,69.99,29,2,0.0,139.98,81.98,58.6,In-Store,Debit Card,Completed,Monica
2930,ORD01151,PRD008,Samsung 970 EVO 2TB,Storage,Samsung,CUS0116,2022-12-06,08:22:48,2022,12,219.99,94,1,0.05,208.99,119.69,57.3,Online,Boleto,Completed,Monica
2931,ORD01152,PRD056,Corsair H150i Elite 360mm,Cooler,Corsair,CUS0448,2022-02-18,08:45:24,2022,2,169.99,73,2,0.1,305.98,174.58,57.1,Marketplace,Bank Transfer,Completed,Natalia
2932,ORD01152,PRD006,Samsung 970 EVO 500GB,Storage,Samsung,CUS0448,2022-02-18,08:45:24,2022,2,69.99,29,3,0.05,199.47,116.82,58.6,Reseller,Boleto,Completed,Natalia
2933,ORD01153,PRD047,Corsair RM650 Modular,PSU,Corsair,CUS0284,2023-01-22,10:45:28,2023,1,89.99,38,1,0.0,89.99,51.99,57.8,In-Store,PIX,Completed,João
2934,ORD01153,PRD010,WD Blue 1TB HDD,Storage,WD,CUS0284,2023-01-22,10:45:28,2023,1,44.99,19,1,0.2,35.99,20.79,57.8,Online,Cash,Completed,João
2935,ORD01153,PRD011,Seagate Barracuda 2TB,Storage,Seagate,CUS0284,2023-01-22,10:45:28,2023,1,54.99,23,4,0.1,197.96,115.16,58.2,Online,Boleto,Completed,João
2936,ORD01154,PRD059,Cooler Master Hyper 212,Cooler,Cooler Master,CUS0008,2024-12-22,11:29:52,2024,12,39.99,17,1,0.1,35.99,20.69,57.5,Marketplace,Debit Card,Completed,Fernanda
2937,ORD01154,PRD033,AMD Ryzen 5 5600X,Processor,AMD,CUS0008,2024-12-22,11:29:52,2024,12,229.99,98,2,0.25,344.99,197.99,57.4,Marketplace,PIX,Completed,Fernanda
2938,ORD01154,PRD037,AMD Ryzen 9 7900X,Processor,AMD,CUS0008,2024-12-22,11:29:52,2024,12,549.99,236,1,0.0,549.99,313.99,57.1,Online,Boleto,Completed,Fernanda
2939,ORD01155,PRD031,Intel Core i7-12700K,Processor,Intel,CUS0210,2022-09-22,17:14:08,2022,9,369.99,159,3,0.0,1109.97,632.97,57.0,In-Store,Credit Card,Completed,Gustavo
2940,ORD01155,PRD013,Corsair Vengeance 8GB DDR4,Memory,Corsair,CUS0210,2022-09-22,17:14:08,2022,9,29.99,12,2,0.0,59.98,35.98,60.0,Marketplace,Cash,Completed,Gustavo
2941,ORD01155,PRD052,Thermaltake Toughpower 1000W,PSU,Thermaltake,CUS0210,2022-09-22,17:14:08,2022,9,189.99,81,1,0.0,189.99,108.99,57.4,Online,Boleto,Completed,Gustavo
2942,ORD01155,PRD055,Corsair H100i RGB 240mm,Cooler,Corsair,CUS0210,2022-09-22,17:14:08,2022,9,129.99,56,1,0.0,129.99,73.99,56.9,Reseller,Credit Card,Completed,Gustavo
2943,ORD01156,PRD003,Kingston A400 960GB,Storage,Kingston,CUS0286,2022-09-05,18:22:47,2022,9,89.99,38,2,0.0,179.98,103.98,57.8,In-Store,Debit Card,Completed,Ana
2944,ORD01156,PRD053,Noctua NH-D15,Cooler,Noctua,CUS0286,2022-09-05,18:22:47,2022,9,99.99,43,1,0.0,99.99,56.99,57.0,Phone,Boleto,Completed,Ana
2945,ORD01156,PRD009,WD Black SN850 1TB,Storage,WD,CUS0286,2022-09-05,18:22:47,2022,9,109.99,47,1,0.0,109.99,62.99,57.3,In-Store,Debit Card,Completed,Ana
2946,ORD01157,PRD022,ASUS ROG Strix Z690-A,Motherboard,ASUS,CUS0136,2022-06-23,08:17:03,2022,6,319.99,137,1,0.05,303.99,173.84,57.2,Phone,PIX,Completed,Henrique
2947,ORD01157,PRD008,Samsung 970 EVO 2TB,Storage,Samsung,CUS0136,2022-06-23,08:17:03,2022,6,219.99,94,2,0.0,439.98,251.98,57.3,Reseller,Credit Card,Completed,Henrique
2948,ORD01158,PRD038,NVIDIA RTX 3060 12GB,GPU,NVIDIA,CUS0269,2023-08-25,10:13:55,2023,8,329.99,141,3,0.05,940.47,538.62,57.3,Phone,Debit Card,Completed,Bruno
2949,ORD01158,PRD027,Gigabyte Z790 AORUS Master,Motherboard,Gigabyte,CUS0269,2023-08-25,10:13:55,2023,8,449.99,193,2,0.0,899.98,513.98,57.1,In-Store,Credit Card,Completed,Bruno
2950,ORD01159,PRD047,Corsair RM650 Modular,PSU,Corsair,CUS0049,2023-12-30,15:08:57,2023,12,89.99,38,2,0.15,152.98,88.38,57.8,Phone,Bank Transfer,Completed,Leticia
2951,ORD01159,PRD060,Thermaltake UX200 ARGB,Cooler,Thermaltake,CUS0049,2023-12-30,15:08:57,2023,12,34.99,15,1,0.25,26.24,14.99,57.1,Reseller,Cash,Completed,Leticia
2952,ORD01160,PRD060,Thermaltake UX200 ARGB,Cooler,Thermaltake,CUS0379,2022-04-15,10:44:04,2022,4,34.99,15,1,0.0,34.99,19.99,57.1,Marketplace,Credit Card,Completed,Henrique
2953,ORD01160,PRD040,NVIDIA RTX 3080 10GB,GPU,NVIDIA,CUS0379,2022-04-15,10:44:04,2022,4,699.99,301,1,0.2,559.99,319.19,57.0,In-Store,PIX,Completed,Henrique
2954,ORD01160,PRD054,Noctua NH-U12S,Cooler,Noctua,CUS0379,2022-04-15,10:44:04,2022,4,69.99,30,1,0.1,62.99,35.99,57.1,In-Store,Debit Card,Completed,Henrique
2955,ORD01161,PRD001,Kingston A400 240GB,Storage,Kingston,CUS0305,2023-05-02,20:38:56,2023,5,29.99,13,2,0.05,56.98,32.28,56.7,Reseller,Cash,Completed,Natalia
2956,ORD01161,PRD014,Corsair Vengeance 16GB DDR4,Memory,Corsair,CUS0305,2023-05-02,20:38:56,2023,5,59.99,25,1,0.05,56.99,33.24,58.3,Phone,Debit Card,Completed,Natalia
2957,ORD01161,PRD032,Intel Core i9-12900K,Processor,Intel,CUS0305,2023-05-02,20:38:56,2023,5,569.99,245,3,0.0,1709.97,974.97,57.0,In-Store,Debit Card,Completed,Natalia
2958,ORD01161,PRD022,ASUS ROG Strix Z690-A,Motherboard,ASUS,CUS0305,2023-05-02,20:38:56,2023,5,319.99,137,1,0.0,319.99,182.99,57.2,In-Store,Credit Card,Completed,Natalia
2959,ORD01162,PRD012,Seagate Barracuda 4TB,Storage,Seagate,CUS0148,2024-07-11,15:37:44,2024,7,89.99,38,1,0.15,76.49,44.19,57.8,Online,Boleto,Completed,Fabio
2960,ORD01162,PRD003,Kingston A400 960GB,Storage,Kingston,CUS0148,2024-07-11,15:37:44,2024,7,89.99,38,2,0.05,170.98,98.78,57.8,In-Store,Debit Card,Completed,Fabio
2961,ORD01162,PRD038,NVIDIA RTX 3060 12GB,GPU,NVIDIA,CUS0148,2024-07-11,15:37:44,2024,7,329.99,141,2,0.1,593.98,340.18,57.3,In-Store,PIX,Completed,Fabio
2962,ORD01163,PRD051,be quiet! Straight Power 850W,PSU,be quiet!,CUS0278,2024-01-21,18:32:49,2024,1,169.99,73,3,0.2,407.98,232.78,57.1,Reseller,Cash,Completed,Matheus
2963,ORD01163,PRD029,Intel Core i5-12400,Processor,Intel,CUS0278,2024-01-21,18:32:49,2024,1,199.99,86,1,0.0,199.99,113.99,57.0,Reseller,Bank Transfer,Completed,Matheus
2964,ORD01163,PRD060,Thermaltake UX200 ARGB,Cooler,Thermaltake,CUS0278,2024-01-21,18:32:49,2024,1,34.99,15,1,0.05,33.24,18.99,57.1,Online,Boleto,Completed,Matheus
2965,ORD01163,PRD023,ASUS TUF Gaming B660M,Motherboard,ASUS,CUS0278,2024-01-21,18:32:49,2024,1,159.99,68,3,0.05,455.97,262.17,57.5,Online,Bank Transfer,Completed,Matheus
2966,ORD01164,PRD030,Intel Core i5-13600K,Processor,Intel,CUS0451,2022-04-29,11:27:10,2022,4,279.99,120,1,0.05,265.99,151.99,57.1,Online,Boleto,Completed,Ricardo
2967,ORD01164,PRD018,G.Skill Trident Z5 64GB DDR5,Memory,G.Skill,CUS0451,2022-04-29,11:27:10,2022,4,289.99,124,2,0.05,550.98,315.38,57.2,In-Store,Credit Card,Completed,Ricardo
2968,ORD01164,PRD052,Thermaltake Toughpower 1000W,PSU,Thermaltake,CUS0451,2022-04-29,11:27:10,2022,4,189.99,81,3,0.0,569.97,326.97,57.4,Phone,PIX,Completed,Ricardo
2969,ORD01165,PRD031,Intel Core i7-12700K,Processor,Intel,CUS0103,2023-06-28,17:47:45,2023,6,369.99,159,3,0.0,1109.97,632.97,57.0,Online,Cash,Completed,Paulo
2970,ORD01165,PRD039,NVIDIA RTX 3070 8GB,GPU,NVIDIA,CUS0103,2023-06-28,17:47:45,2023,6,499.99,215,1,0.0,499.99,284.99,57.0,Marketplace,Credit Card,Completed,Paulo
2971,ORD01165,PRD009,WD Black SN850 1TB,Storage,WD,CUS0103,2023-06-28,17:47:45,2023,6,109.99,47,1,0.1,98.99,56.69,57.3,Phone,Boleto,Completed,Paulo
2972,ORD01165,PRD047,Corsair RM650 Modular,PSU,Corsair,CUS0103,2023-06-28,17:47:45,2023,6,89.99,38,2,0.0,179.98,103.98,57.8,In-Store,Cash,Completed,Paulo
2973,ORD01166,PRD042,NVIDIA RTX 4070 12GB,GPU,NVIDIA,CUS0444,2023-09-06,13:38:58,2023,9,599.99,258,1,0.0,599.99,341.99,57.0,Marketplace,Bank Transfer,Completed,Juliana
2974,ORD01166,PRD027,Gigabyte Z790 AORUS Master,Motherboard,Gigabyte,CUS0444,2023-09-06,13:38:58,2023,9,449.99,193,1,0.0,449.99,256.99,57.1,Reseller,Credit Card,Completed,Juliana
2975,ORD01166,PRD008,Samsung 970 EVO 2TB,Storage,Samsung,CUS0444,2023-09-06,13:38:58,2023,9,219.99,94,1,0.05,208.99,119.69,57.3,Online,PIX,Completed,Juliana
2976,ORD01166,PRD012,Seagate Barracuda 4TB,Storage,Seagate,CUS0444,2023-09-06,13:38:58,2023,9,89.99,38,2,0.0,179.98,103.98,57.8,Phone,Boleto,Completed,Juliana
2977,ORD01167,PRD022,ASUS ROG Strix Z690-A,Motherboard,ASUS,CUS0088,2023-01-31,14:19:23,2023,1,319.99,137,3,0.0,959.97,548.97,57.2,In-Store,Debit Card,Completed,Tatiana
2978,ORD01168,PRD033,AMD Ryzen 5 5600X,Processor,AMD,CUS0368,2024-11-29,12:36:24,2024,11,229.99,98,1,0.2,183.99,105.59,57.4,Phone,Cash,Completed,Mariana
2979,ORD01168,PRD043,NVIDIA RTX 4080 16GB,GPU,NVIDIA,CUS0368,2024-11-29,12:36:24,2024,11,1199.99,516,1,0.15,1019.99,581.39,57.0,Online,Bank Transfer,Completed,Mariana
2980,ORD01168,PRD019,Kingston Fury Beast 16GB DDR4,Memory,Kingston,CUS0368,2024-11-29,12:36:24,2024,11,54.99,23,1,0.0,54.99,31.99,58.2,Phone,PIX,Completed,Mariana
2981,ORD01168,PRD041,NVIDIA RTX 4060 8GB,GPU,NVIDIA,CUS0368,2024-11-29,12:36:24,2024,11,299.99,129,1,0.0,299.99,170.99,57.0,Phone,Bank Transfer,Completed,Mariana
2982,ORD01169,PRD052,Thermaltake Toughpower 1000W,PSU,Thermaltake,CUS0060,2022-06-19,09:49:09,2022,6,189.99,81,1,0.05,180.49,103.54,57.4,In-Store,PIX,Completed,Thiago
2983,ORD01169,PRD030,Intel Core i5-13600K,Processor,Intel,CUS0060,2022-06-19,09:49:09,2022,6,279.99,120,2,0.1,503.98,287.98,57.1,Reseller,Credit Card,Completed,Thiago
2984,ORD01170,PRD032,Intel Core i9-12900K,Processor,Intel,CUS0085,2024-04-30,09:26:35,2024,4,569.99,245,2,0.0,1139.98,649.98,57.0,Marketplace,PIX,Completed,Adriana
2985,ORD01170,PRD005,Samsung 870 EVO 1TB,Storage,Samsung,CUS0085,2024-04-30,09:26:35,2024,4,129.99,56,1,0.0,129.99,73.99,56.9,In-Store,Cash,Completed,Adriana
2986,ORD01170,PRD042,NVIDIA RTX 4070 12GB,GPU,NVIDIA,CUS0085,2024-04-30,09:26:35,2024,4,599.99,258,1,0.0,599.99,341.99,57.0,Phone,Bank Transfer,Completed,Adriana
2987,ORD01170,PRD059,Cooler Master Hyper 212,Cooler,Cooler Master,CUS0085,2024-04-30,09:26:35,2024,4,39.99,17,1,0.15,33.99,19.54,57.5,In-Store,Boleto,Completed,Adriana
2988,ORD01171,PRD052,Thermaltake Toughpower 1000W,PSU,Thermaltake,CUS0285,2024-11-21,22:24:42,2024,11,189.99,81,1,0.2,151.99,87.19,57.4,Phone,Debit Card,Completed,Sandra
2989,ORD01171,PRD037,AMD Ryzen 9 7900X,Processor,AMD,CUS0285,2024-11-21,22:24:42,2024,11,549.99,236,2,0.0,1099.98,627.98,57.1,Online,Bank Transfer,Completed,Sandra
2990,ORD01171,PRD009,WD Black SN850 1TB,Storage,WD,CUS0285,2024-11-21,22:24:42,2024,11,109.99,47,4,0.15,373.97,214.17,57.3,Online,Bank Transfer,Completed,Sandra
2991,ORD01172,PRD036,AMD Ryzen 9 5900X,Processor,AMD,CUS0004,2024-07-14,11:31:29,2024,7,449.99,193,1,0.0,449.99,256.99,57.1,Reseller,PIX,Completed,Leandro
2992,ORD01172,PRD050,EVGA SuperNOVA 650W,PSU,EVGA,CUS0004,2024-07-14,11:31:29,2024,7,89.99,38,1,0.05,85.49,49.39,57.8,Reseller,Boleto,Completed,Leandro
2993,ORD01172,PRD043,NVIDIA RTX 4080 16GB,GPU,NVIDIA,CUS0004,2024-07-14,11:31:29,2024,7,1199.99,516,1,0.0,1199.99,683.99,57.0,Marketplace,Boleto,Completed,Leandro
2994,ORD01173,PRD043,NVIDIA RTX 4080 16GB,GPU,NVIDIA,CUS0276,2023-11-20,13:11:36,2023,11,1199.99,516,2,0.0,2399.98,1367.98,57.0,In-Store,PIX,Completed,Aline
2995,ORD01173,PRD006,Samsung 970 EVO 500GB,Storage,Samsung,CUS0276,2023-11-20,13:11:36,2023,11,69.99,29,2,0.0,139.98,81.98,58.6,Phone,Bank Transfer,Completed,Aline
2996,ORD01174,PRD051,be quiet! Straight Power 850W,PSU,be quiet!,CUS0404,2024-08-20,20:57:15,2024,8,169.99,73,1,0.0,169.99,96.99,57.1,Phone,Credit Card,Completed,Leticia
2997,ORD01175,PRD004,Samsung 870 EVO 500GB,Storage,Samsung,CUS0084,2022-02-01,15:16:21,2022,2,79.99,34,3,0.1,215.97,124.17,57.5,Online,Debit Card,Completed,Henrique
2998,ORD01175,PRD026,Gigabyte B550 AORUS Elite,Motherboard,Gigabyte,CUS0084,2022-02-01,15:16:21,2022,2,169.99,72,1,0.0,169.99,97.99,57.6,Online,Debit Card,Completed,Henrique
2999,ORD01175,PRD040,NVIDIA RTX 3080 10GB,GPU,NVIDIA,CUS0084,2022-02-01,15:16:21,2022,2,699.99,301,2,0.2,1119.98,638.38,57.0,Online,Cash,Completed,Henrique
3000,ORD01175,PRD016,G.Skill Trident Z5 16GB DDR5,Memory,G.Skill,CUS0084,2022-02-01,15:16:21,2022,2,79.99,34,1,0.05,75.99,43.69,57.5,Phone,Cash,Completed,Henrique
3001,ORD01176,PRD059,Cooler Master Hyper 212,Cooler,Cooler Master,CUS0073,2024-05-01,09:01:48,2024,5,39.99,17,2,0.0,79.98,45.98,57.5,Reseller,Debit Card,Completed,Fernanda
3002,ORD01177,PRD053,Noctua NH-D15,Cooler,Noctua,CUS0325,2023-10-22,16:32:38,2023,10,99.99,43,2,0.15,169.98,96.88,57.0,Phone,Boleto,Completed,Maria
3003,ORD01178,PRD026,Gigabyte B550 AORUS Elite,Motherboard,Gigabyte,CUS0020,2022-02-25,20:14:34,2022,2,169.99,72,2,0.0,339.98,195.98,57.6,Reseller,Bank Transfer,Completed,Juliana
3004,ORD01178,PRD036,AMD Ryzen 9 5900X,Processor,AMD,CUS0020,2022-02-25,20:14:34,2022,2,449.99,193,1,0.25,337.49,192.74,57.1,Marketplace,PIX,Completed,Juliana
3005,ORD01178,PRD033,AMD Ryzen 5 5600X,Processor,AMD,CUS0020,2022-02-25,20:14:34,2022,2,229.99,98,1,0.15,195.49,112.19,57.4,Reseller,Credit Card,Completed,Juliana
3006,ORD01179,PRD027,Gigabyte Z790 AORUS Master,Motherboard,Gigabyte,CUS0237,2023-09-08,10:05:44,2023,9,449.99,193,1,0.15,382.49,218.44,57.1,Reseller,PIX,Completed,Rodrigo
3007,ORD01179,PRD040,NVIDIA RTX 3080 10GB,GPU,NVIDIA,CUS0237,2023-09-08,10:05:44,2023,9,699.99,301,1,0.0,699.99,398.99,57.0,Reseller,Cash,Completed,Rodrigo
3008,ORD01179,PRD041,NVIDIA RTX 4060 8GB,GPU,NVIDIA,CUS0237,2023-09-08,10:05:44,2023,9,299.99,129,1,0.0,299.99,170.99,57.0,Marketplace,Boleto,Completed,Rodrigo
3009,ORD01179,PRD044,AMD RX 6600 8GB,GPU,AMD,CUS0237,2023-09-08,10:05:44,2023,9,289.99,124,1,0.05,275.49,157.69,57.2,Phone,Credit Card,Completed,Rodrigo
3010,ORD01180,PRD055,Corsair H100i RGB 240mm,Cooler,Corsair,CUS0063,2024-07-01,12:15:54,2024,7,129.99,56,1,0.0,129.99,73.99,56.9,Online,PIX,Completed,Leticia
3011,ORD01180,PRD014,Corsair Vengeance 16GB DDR4,Memory,Corsair,CUS0063,2024-07-01,12:15:54,2024,7,59.99,25,1,0.0,59.99,34.99,58.3,In-Store,Cash,Completed,Leticia
3012,ORD01180,PRD056,Corsair H150i Elite 360mm,Cooler,Corsair,CUS0063,2024-07-01,12:15:54,2024,7,169.99,73,1,0.0,169.99,96.99,57.1,In-Store,Debit Card,Completed,Leticia
3013,ORD01180,PRD002,Kingston A400 480GB,Storage,Kingston,CUS0063,2024-07-01,12:15:54,2024,7,49.99,21,1,0.0,49.99,28.99,58.0,Reseller,Credit Card,Completed,Leticia
3014,ORD01181,PRD042,NVIDIA RTX 4070 12GB,GPU,NVIDIA,CUS0128,2024-06-22,22:57:15,2024,6,599.99,258,1,0.0,599.99,341.99,57.0,In-Store,Cash,Completed,Camila
3015,ORD01181,PRD029,Intel Core i5-12400,Processor,Intel,CUS0128,2024-06-22,22:57:15,2024,6,199.99,86,2,0.0,399.98,227.98,57.0,Reseller,Bank Transfer,Completed,Camila
3016,ORD01182,PRD046,AMD RX 7900 XTX 24GB,GPU,AMD,CUS0384,2022-05-10,17:56:29,2022,5,999.99,430,3,0.0,2999.97,1709.97,57.0,Reseller,Boleto,Completed,Lucas
3017,ORD01182,PRD037,AMD Ryzen 9 7900X,Processor,AMD,CUS0384,2022-05-10,17:56:29,2022,5,549.99,236,1,0.1,494.99,282.59,57.1,Marketplace,Credit Card,Completed,Lucas
3018,ORD01183,PRD017,G.Skill Trident Z5 32GB DDR5,Memory,G.Skill,CUS0455,2023-09-05,11:06:48,2023,9,149.99,64,1,0.05,142.49,81.69,57.3,Reseller,PIX,Completed,Natalia
3019,ORD01183,PRD025,MSI PRO Z690-A,Motherboard,MSI,CUS0455,2023-09-05,11:06:48,2023,9,189.99,81,4,0.0,759.96,435.96,57.4,Phone,Debit Card,Completed,Natalia
3020,ORD01183,PRD054,Noctua NH-U12S,Cooler,Noctua,CUS0455,2023-09-05,11:06:48,2023,9,69.99,30,3,0.0,209.97,119.97,57.1,Phone,Credit Card,Completed,Natalia
3021,ORD01183,PRD011,Seagate Barracuda 2TB,Storage,Seagate,CUS0455,2023-09-05,11:06:48,2023,9,54.99,23,2,0.0,109.98,63.98,58.2,Marketplace,Credit Card,Completed,Natalia
3022,ORD01184,PRD031,Intel Core i7-12700K,Processor,Intel,CUS0011,2024-12-02,12:10:35,2024,12,369.99,159,2,0.05,702.98,400.88,57.0,Online,Debit Card,Completed,Juliana
3023,ORD01185,PRD023,ASUS TUF Gaming B660M,Motherboard,ASUS,CUS0157,2023-05-11,14:57:02,2023,5,159.99,68,1,0.15,135.99,78.19,57.5,Online,Cash,Completed,Fabio
3024,ORD01185,PRD026,Gigabyte B550 AORUS Elite,Motherboard,Gigabyte,CUS0157,2023-05-11,14:57:02,2023,5,169.99,72,1,0.15,144.49,83.29,57.6,Reseller,Credit Card,Completed,Fabio
3025,ORD01186,PRD035,AMD Ryzen 7 5800X3D,Processor,AMD,CUS0159,2023-05-08,15:37:03,2023,5,349.99,150,1,0.15,297.49,169.99,57.1,Phone,Boleto,Completed,Alexandre
3026,ORD01186,PRD042,NVIDIA RTX 4070 12GB,GPU,NVIDIA,CUS0159,2023-05-08,15:37:03,2023,5,599.99,258,1,0.0,599.99,341.99,57.0,Phone,PIX,Completed,Alexandre
3027,ORD01186,PRD028,Intel Core i3-12100,Processor,Intel,CUS0159,2023-05-08,15:37:03,2023,5,119.99,51,2,0.1,215.98,124.18,57.5,Marketplace,PIX,Completed,Alexandre
3028,ORD01186,PRD014,Corsair Vengeance 16GB DDR4,Memory,Corsair,CUS0159,2023-05-08,15:37:03,2023,5,59.99,25,1,0.0,59.99,34.99,58.3,In-Store,Cash,Completed,Alexandre
3029,ORD01187,PRD036,AMD Ryzen 9 5900X,Processor,AMD,CUS0349,2024-04-20,15:42:44,2024,4,449.99,193,1,0.0,449.99,256.99,57.1,Phone,Credit Card,Completed,Gustavo
3030,ORD01187,PRD001,Kingston A400 240GB,Storage,Kingston,CUS0349,2024-04-20,15:42:44,2024,4,29.99,13,1,0.1,26.99,15.29,56.7,Reseller,PIX,Completed,Gustavo
3031,ORD01187,PRD055,Corsair H100i RGB 240mm,Cooler,Corsair,CUS0349,2024-04-20,15:42:44,2024,4,129.99,56,1,0.0,129.99,73.99,56.9,Marketplace,Debit Card,Completed,Gustavo
3032,ORD01188,PRD013,Corsair Vengeance 8GB DDR4,Memory,Corsair,CUS0483,2022-01-22,15:19:51,2022,1,29.99,12,1,0.25,22.49,13.49,60.0,In-Store,PIX,Completed,João
3033,ORD01188,PRD058,DeepCool AK620,Cooler,DeepCool,CUS0483,2022-01-22,15:19:51,2022,1,54.99,23,1,0.2,43.99,25.59,58.2,In-Store,Debit Card,Completed,João
3034,ORD01189,PRD025,MSI PRO Z690-A,Motherboard,MSI,CUS0292,2023-04-09,09:51:14,2023,4,189.99,81,1,0.0,189.99,108.99,57.4,Phone,PIX,Completed,Daniela
3035,ORD01189,PRD009,WD Black SN850 1TB,Storage,WD,CUS0292,2023-04-09,09:51:14,2023,4,109.99,47,2,0.0,219.98,125.98,57.3,In-Store,PIX,Completed,Daniela
3036,ORD01190,PRD036,AMD Ryzen 9 5900X,Processor,AMD,CUS0308,2023-12-23,14:30:00,2023,12,449.99,193,2,0.0,899.98,513.98,57.1,Reseller,PIX,Completed,Pedro
3037,ORD01190,PRD047,Corsair RM650 Modular,PSU,Corsair,CUS0308,2023-12-23,14:30:00,2023,12,89.99,38,1,0.2,71.99,41.59,57.8,Reseller,Credit Card,Completed,Pedro
3038,ORD01190,PRD056,Corsair H150i Elite 360mm,Cooler,Corsair,CUS0308,2023-12-23,14:30:00,2023,12,169.99,73,1,0.2,135.99,77.59,57.1,Phone,Bank Transfer,Completed,Pedro
3039,ORD01190,PRD015,Corsair Vengeance 32GB DDR4,Memory,Corsair,CUS0308,2023-12-23,14:30:00,2023,12,109.99,47,2,0.15,186.98,107.08,57.3,Phone,Bank Transfer,Completed,Pedro
3040,ORD01191,PRD049,Corsair RM850 Modular,PSU,Corsair,CUS0014,2023-04-25,22:47:23,2023,4,139.99,60,3,0.05,398.97,227.97,57.1,Reseller,Credit Card,Completed,Renata
3041,ORD01192,PRD041,NVIDIA RTX 4060 8GB,GPU,NVIDIA,CUS0401,2024-09-07,13:59:22,2024,9,299.99,129,1,0.0,299.99,170.99,57.0,Phone,Credit Card,Completed,Isabela
3042,ORD01192,PRD037,AMD Ryzen 9 7900X,Processor,AMD,CUS0401,2024-09-07,13:59:22,2024,9,549.99,236,1,0.1,494.99,282.59,57.1,Marketplace,Debit Card,Completed,Isabela
3043,ORD01192,PRD002,Kingston A400 480GB,Storage,Kingston,CUS0401,2024-09-07,13:59:22,2024,9,49.99,21,1,0.0,49.99,28.99,58.0,Phone,Bank Transfer,Completed,Isabela
3044,ORD01193,PRD042,NVIDIA RTX 4070 12GB,GPU,NVIDIA,CUS0204,2024-10-10,10:40:52,2024,10,599.99,258,1,0.25,449.99,256.49,57.0,Marketplace,Boleto,Completed,Pedro
3045,ORD01194,PRD031,Intel Core i7-12700K,Processor,Intel,CUS0037,2023-12-11,09:23:59,2023,12,369.99,159,2,0.0,739.98,421.98,57.0,Marketplace,PIX,Completed,Leandro
3046,ORD01194,PRD012,Seagate Barracuda 4TB,Storage,Seagate,CUS0037,2023-12-11,09:23:59,2023,12,89.99,38,1,0.15,76.49,44.19,57.8,Phone,Credit Card,Completed,Leandro
3047,ORD01194,PRD054,Noctua NH-U12S,Cooler,Noctua,CUS0037,2023-12-11,09:23:59,2023,12,69.99,30,1,0.05,66.49,37.99,57.1,Marketplace,PIX,Completed,Leandro
3048,ORD01194,PRD040,NVIDIA RTX 3080 10GB,GPU,NVIDIA,CUS0037,2023-12-11,09:23:59,2023,12,699.99,301,1,0.05,664.99,379.04,57.0,Phone,Cash,Completed,Leandro
3049,ORD01195,PRD028,Intel Core i3-12100,Processor,Intel,CUS0228,2023-11-16,13:13:34,2023,11,119.99,51,1,0.05,113.99,65.54,57.5,Reseller,Debit Card,Completed,Eduardo
3050,ORD01195,PRD034,AMD Ryzen 5 7600X,Processor,AMD,CUS0228,2023-11-16,13:13:34,2023,11,249.99,107,1,0.1,224.99,128.69,57.2,Reseller,Bank Transfer,Completed,Eduardo
3051,ORD01195,PRD004,Samsung 870 EVO 500GB,Storage,Samsung,CUS0228,2023-11-16,13:13:34,2023,11,79.99,34,1,0.0,79.99,45.99,57.5,Marketplace,PIX,Completed,Eduardo
3052,ORD01195,PRD050,EVGA SuperNOVA 650W,PSU,EVGA,CUS0228,2023-11-16,13:13:34,2023,11,89.99,38,1,0.0,89.99,51.99,57.8,In-Store,Cash,Completed,Eduardo
3053,ORD01196,PRD045,AMD RX 6700 XT 12GB,GPU,AMD,CUS0262,2024-06-23,15:21:33,2024,6,399.99,172,1,0.1,359.99,205.19,57.0,In-Store,Cash,Completed,Leandro
3054,ORD01196,PRD053,Noctua NH-D15,Cooler,Noctua,CUS0262,2024-06-23,15:21:33,2024,6,99.99,43,1,0.05,94.99,54.14,57.0,Online,Boleto,Completed,Leandro
3055,ORD01197,PRD011,Seagate Barracuda 2TB,Storage,Seagate,CUS0080,2022-03-28,22:57:49,2022,3,54.99,23,2,0.1,98.98,57.58,58.2,Marketplace,Debit Card,Completed,André
3056,ORD01197,PRD001,Kingston A400 240GB,Storage,Kingston,CUS0080,2022-03-28,22:57:49,2022,3,29.99,13,1,0.25,22.49,12.74,56.7,In-Store,Bank Transfer,Completed,André
3057,ORD01198,PRD022,ASUS ROG Strix Z690-A,Motherboard,ASUS,CUS0250,2023-02-09,10:57:29,2023,2,319.99,137,1,0.0,319.99,182.99,57.2,Online,PIX,Completed,Fernanda
3058,ORD01198,PRD051,be quiet! Straight Power 850W,PSU,be quiet!,CUS0250,2023-02-09,10:57:29,2023,2,169.99,73,2,0.0,339.98,193.98,57.1,Reseller,Credit Card,Completed,Fernanda
3059,ORD01198,PRD060,Thermaltake UX200 ARGB,Cooler,Thermaltake,CUS0250,2023-02-09,10:57:29,2023,2,34.99,15,1,0.0,34.99,19.99,57.1,Phone,PIX,Completed,Fernanda
3060,ORD01198,PRD004,Samsung 870 EVO 500GB,Storage,Samsung,CUS0250,2023-02-09,10:57:29,2023,2,79.99,34,1,0.0,79.99,45.99,57.5,Phone,Credit Card,Completed,Fernanda
3061,ORD01199,PRD036,AMD Ryzen 9 5900X,Processor,AMD,CUS0201,2024-09-05,14:33:43,2024,9,449.99,193,1,0.1,404.99,231.29,57.1,Marketplace,Boleto,Completed,Bruno
3062,ORD01199,PRD007,Samsung 970 EVO 1TB,Storage,Samsung,CUS0201,2024-09-05,14:33:43,2024,9,119.99,51,1,0.05,113.99,65.54,57.5,Online,Debit Card,Completed,Bruno
3063,ORD01199,PRD049,Corsair RM850 Modular,PSU,Corsair,CUS0201,2024-09-05,14:33:43,2024,9,139.99,60,1,0.05,132.99,75.99,57.1,Marketplace,Cash,Completed,Bruno
3064,ORD01200,PRD028,Intel Core i3-12100,Processor,Intel,CUS0398,2022-11-15,08:54:12,2022,11,119.99,51,1,0.0,119.99,68.99,57.5,In-Store,Bank Transfer,Completed,Mariana
3065,ORD01200,PRD027,Gigabyte Z790 AORUS Master,Motherboard,Gigabyte,CUS0398,2022-11-15,08:54:12,2022,11,449.99,193,1,0.1,404.99,231.29,57.1,Online,Boleto,Completed,Mariana
3066,ORD01200,PRD022,ASUS ROG Strix Z690-A,Motherboard,ASUS,CUS0398,2022-11-15,08:54:12,2022,11,319.99,137,2,0.1,575.98,329.38,57.2,Marketplace,Bank Transfer,Completed,Mariana
3067,ORD01201,PRD047,Corsair RM650 Modular,PSU,Corsair,CUS0073,2024-06-24,14:19:31,2024,6,89.99,38,4,0.0,359.96,207.96,57.8,Phone,Cash,Completed,Fernanda
3068,ORD01201,PRD013,Corsair Vengeance 8GB DDR4,Memory,Corsair,CUS0073,2024-06-24,14:19:31,2024,6,29.99,12,2,0.05,56.98,34.18,60.0,Marketplace,Credit Card,Completed,Fernanda
3069,ORD01202,PRD044,AMD RX 6600 8GB,GPU,AMD,CUS0446,2024-04-29,20:40:18,2024,4,289.99,124,1,0.0,289.99,165.99,57.2,In-Store,Bank Transfer,Completed,Carlos
3070,ORD01202,PRD024,MSI MAG B550M MORTAR,Motherboard,MSI,CUS0446,2024-04-29,20:40:18,2024,4,129.99,55,2,0.0,259.98,149.98,57.7,Marketplace,Credit Card,Completed,Carlos
3071,ORD01202,PRD021,ASUS ROG Strix B550-F,Motherboard,ASUS,CUS0446,2024-04-29,20:40:18,2024,4,219.99,94,1,0.0,219.99,125.99,57.3,Reseller,Cash,Completed,Carlos
3072,ORD01203,PRD025,MSI PRO Z690-A,Motherboard,MSI,CUS0345,2023-09-22,17:48:16,2023,9,189.99,81,1,0.0,189.99,108.99,57.4,Marketplace,Credit Card,Completed,Maria
3073,ORD01203,PRD019,Kingston Fury Beast 16GB DDR4,Memory,Kingston,CUS0345,2023-09-22,17:48:16,2023,9,54.99,23,1,0.05,52.24,30.39,58.2,Phone,Debit Card,Completed,Maria
3074,ORD01203,PRD038,NVIDIA RTX 3060 12GB,GPU,NVIDIA,CUS0345,2023-09-22,17:48:16,2023,9,329.99,141,1,0.0,329.99,188.99,57.3,Marketplace,Boleto,Completed,Maria
3075,ORD01203,PRD027,Gigabyte Z790 AORUS Master,Motherboard,Gigabyte,CUS0345,2023-09-22,17:48:16,2023,9,449.99,193,2,0.25,674.99,385.49,57.1,Marketplace,PIX,Completed,Maria
3076,ORD01204,PRD024,MSI MAG B550M MORTAR,Motherboard,MSI,CUS0351,2024-10-26,08:27:36,2024,10,129.99,55,1,0.1,116.99,67.49,57.7,Reseller,PIX,Completed,Paulo
3077,ORD01204,PRD033,AMD Ryzen 5 5600X,Processor,AMD,CUS0351,2024-10-26,08:27:36,2024,10,229.99,98,1,0.05,218.49,125.39,57.4,Marketplace,Debit Card,Completed,Paulo
3078,ORD01204,PRD056,Corsair H150i Elite 360mm,Cooler,Corsair,CUS0351,2024-10-26,08:27:36,2024,10,169.99,73,1,0.0,169.99,96.99,57.1,Online,Boleto,Completed,Paulo
3079,ORD01205,PRD030,Intel Core i5-13600K,Processor,Intel,CUS0059,2024-07-31,20:07:04,2024,7,279.99,120,2,0.1,503.98,287.98,57.1,Online,Bank Transfer,Completed,Carla
3080,ORD01205,PRD028,Intel Core i3-12100,Processor,Intel,CUS0059,2024-07-31,20:07:04,2024,7,119.99,51,2,0.0,239.98,137.98,57.5,Phone,Bank Transfer,Completed,Carla
3081,ORD01205,PRD016,G.Skill Trident Z5 16GB DDR5,Memory,G.Skill,CUS0059,2024-07-31,20:07:04,2024,7,79.99,34,1,0.1,71.99,41.39,57.5,In-Store,Boleto,Completed,Carla
3082,ORD01206,PRD028,Intel Core i3-12100,Processor,Intel,CUS0426,2023-01-30,14:15:03,2023,1,119.99,51,3,0.05,341.97,196.62,57.5,Marketplace,Bank Transfer,Completed,João
3083,ORD01206,PRD020,Kingston Fury Beast 32GB DDR4,Memory,Kingston,CUS0426,2023-01-30,14:15:03,2023,1,99.99,43,1,0.0,99.99,56.99,57.0,Online,Boleto,Completed,João
3084,ORD01206,PRD042,NVIDIA RTX 4070 12GB,GPU,NVIDIA,CUS0426,2023-01-30,14:15:03,2023,1,599.99,258,1,0.2,479.99,273.59,57.0,Marketplace,Cash,Completed,João
3085,ORD01206,PRD053,Noctua NH-D15,Cooler,Noctua,CUS0426,2023-01-30,14:15:03,2023,1,99.99,43,3,0.05,284.97,162.42,57.0,Marketplace,Boleto,Completed,João
3086,ORD01207,PRD016,G.Skill Trident Z5 16GB DDR5,Memory,G.Skill,CUS0451,2024-06-10,21:01:37,2024,6,79.99,34,2,0.0,159.98,91.98,57.5,In-Store,Boleto,Completed,Ricardo
3087,ORD01208,PRD019,Kingston Fury Beast 16GB DDR4,Memory,Kingston,CUS0363,2023-09-27,12:39:23,2023,9,54.99,23,1,0.15,46.74,27.19,58.2,Marketplace,Credit Card,Completed,Matheus
3088,ORD01209,PRD039,NVIDIA RTX 3070 8GB,GPU,NVIDIA,CUS0140,2024-03-07,22:06:55,2024,3,499.99,215,2,0.1,899.98,512.98,57.0,Phone,Cash,Completed,Marcelo
3089,ORD01209,PRD001,Kingston A400 240GB,Storage,Kingston,CUS0140,2024-03-07,22:06:55,2024,3,29.99,13,1,0.0,29.99,16.99,56.7,Phone,Cash,Completed,Marcelo
3090,ORD01209,PRD036,AMD Ryzen 9 5900X,Processor,AMD,CUS0140,2024-03-07,22:06:55,2024,3,449.99,193,1,0.2,359.99,205.59,57.1,Reseller,Bank Transfer,Completed,Marcelo
3091,ORD01209,PRD011,Seagate Barracuda 2TB,Storage,Seagate,CUS0140,2024-03-07,22:06:55,2024,3,54.99,23,4,0.0,219.96,127.96,58.2,In-Store,Credit Card,Completed,Marcelo
3092,ORD01210,PRD048,Corsair RM750 Modular,PSU,Corsair,CUS0107,2023-01-06,18:03:38,2023,1,109.99,47,1,0.05,104.49,59.84,57.3,In-Store,PIX,Completed,Viviane
3093,ORD01210,PRD024,MSI MAG B550M MORTAR,Motherboard,MSI,CUS0107,2023-01-06,18:03:38,2023,1,129.99,55,1,0.2,103.99,59.99,57.7,Online,Credit Card,Completed,Viviane
3094,ORD01210,PRD027,Gigabyte Z790 AORUS Master,Motherboard,Gigabyte,CUS0107,2023-01-06,18:03:38,2023,1,449.99,193,1,0.2,359.99,205.59,57.1,Online,Boleto,Completed,Viviane
3095,ORD01210,PRD050,EVGA SuperNOVA 650W,PSU,EVGA,CUS0107,2023-01-06,18:03:38,2023,1,89.99,38,1,0.0,89.99,51.99,57.8,Online,Boleto,Completed,Viviane
3096,ORD01211,PRD006,Samsung 970 EVO 500GB,Storage,Samsung,CUS0385,2023-12-13,12:51:45,2023,12,69.99,29,1,0.0,69.99,40.99,58.6,In-Store,Credit Card,Completed,Mariana
3097,ORD01211,PRD054,Noctua NH-U12S,Cooler,Noctua,CUS0385,2023-12-13,12:51:45,2023,12,69.99,30,1,0.0,69.99,39.99,57.1,Marketplace,Boleto,Completed,Mariana
3098,ORD01211,PRD003,Kingston A400 960GB,Storage,Kingston,CUS0385,2023-12-13,12:51:45,2023,12,89.99,38,1,0.25,67.49,38.99,57.8,Marketplace,Cash,Completed,Mariana
3099,ORD01211,PRD032,Intel Core i9-12900K,Processor,Intel,CUS0385,2023-12-13,12:51:45,2023,12,569.99,245,1,0.0,569.99,324.99,57.0,Phone,Debit Card,Completed,Mariana
3100,ORD01212,PRD007,Samsung 970 EVO 1TB,Storage,Samsung,CUS0035,2022-09-29,22:48:29,2022,9,119.99,51,1,0.0,119.99,68.99,57.5,Online,Bank Transfer,Completed,Roberto
3101,ORD01213,PRD019,Kingston Fury Beast 16GB DDR4,Memory,Kingston,CUS0415,2023-12-10,13:52:36,2023,12,54.99,23,1,0.0,54.99,31.99,58.2,Marketplace,Credit Card,Completed,Felipe
3102,ORD01213,PRD027,Gigabyte Z790 AORUS Master,Motherboard,Gigabyte,CUS0415,2023-12-10,13:52:36,2023,12,449.99,193,1,0.15,382.49,218.44,57.1,Reseller,Cash,Completed,Felipe
3103,ORD01214,PRD016,G.Skill Trident Z5 16GB DDR5,Memory,G.Skill,CUS0272,2022-04-22,18:24:51,2022,4,79.99,34,3,0.0,239.97,137.97,57.5,Marketplace,Boleto,Completed,Tatiana
3104,ORD01214,PRD009,WD Black SN850 1TB,Storage,WD,CUS0272,2022-04-22,18:24:51,2022,4,109.99,47,2,0.0,219.98,125.98,57.3,In-Store,Boleto,Completed,Tatiana
3105,ORD01215,PRD054,Noctua NH-U12S,Cooler,Noctua,CUS0165,2023-07-12,21:41:59,2023,7,69.99,30,2,0.0,139.98,79.98,57.1,Marketplace,Credit Card,Completed,Isabela
3106,ORD01215,PRD042,NVIDIA RTX 4070 12GB,GPU,NVIDIA,CUS0165,2023-07-12,21:41:59,2023,7,599.99,258,2,0.1,1079.98,615.58,57.0,In-Store,Boleto,Completed,Isabela
3107,ORD01215,PRD006,Samsung 970 EVO 500GB,Storage,Samsung,CUS0165,2023-07-12,21:41:59,2023,7,69.99,29,1,0.1,62.99,36.89,58.6,Reseller,Credit Card,Completed,Isabela
3108,ORD01216,PRD045,AMD RX 6700 XT 12GB,GPU,AMD,CUS0034,2023-07-09,12:08:39,2023,7,399.99,172,1,0.0,399.99,227.99,57.0,Reseller,Credit Card,Completed,Natalia
3109,ORD01216,PRD005,Samsung 870 EVO 1TB,Storage,Samsung,CUS0034,2023-07-09,12:08:39,2023,7,129.99,56,1,0.2,103.99,59.19,56.9,Reseller,Credit Card,Completed,Natalia
3110,ORD01216,PRD052,Thermaltake Toughpower 1000W,PSU,Thermaltake,CUS0034,2023-07-09,12:08:39,2023,7,189.99,81,1,0.15,161.49,92.64,57.4,Reseller,Cash,Completed,Natalia
3111,ORD01217,PRD028,Intel Core i3-12100,Processor,Intel,CUS0261,2022-08-29,10:30:56,2022,8,119.99,51,2,0.05,227.98,131.08,57.5,Reseller,Cash,Completed,Patricia
3112,ORD01217,PRD047,Corsair RM650 Modular,PSU,Corsair,CUS0261,2022-08-29,10:30:56,2022,8,89.99,38,3,0.0,269.97,155.97,57.8,Online,Credit Card,Completed,Patricia
3113,ORD01217,PRD039,NVIDIA RTX 3070 8GB,GPU,NVIDIA,CUS0261,2022-08-29,10:30:56,2022,8,499.99,215,1,0.1,449.99,256.49,57.0,In-Store,Debit Card,Completed,Patricia
3114,ORD01218,PRD026,Gigabyte B550 AORUS Elite,Motherboard,Gigabyte,CUS0481,2023-12-05,09:40:36,2023,12,169.99,72,1,0.15,144.49,83.29,57.6,Reseller,Cash,Completed,Paulo
3115,ORD01219,PRD008,Samsung 970 EVO 2TB,Storage,Samsung,CUS0010,2024-11-11,22:32:06,2024,11,219.99,94,1,0.0,219.99,125.99,57.3,In-Store,Bank Transfer,Completed,Thiago
3116,ORD01220,PRD042,NVIDIA RTX 4070 12GB,GPU,NVIDIA,CUS0477,2022-02-20,22:53:37,2022,2,599.99,258,4,0.0,2399.96,1367.96,57.0,Online,Cash,Completed,Patricia
3117,ORD01220,PRD026,Gigabyte B550 AORUS Elite,Motherboard,Gigabyte,CUS0477,2022-02-20,22:53:37,2022,2,169.99,72,3,0.0,509.97,293.97,57.6,Reseller,Credit Card,Completed,Patricia
3118,ORD01221,PRD058,DeepCool AK620,Cooler,DeepCool,CUS0074,2024-03-21,12:32:11,2024,3,54.99,23,4,0.0,219.96,127.96,58.2,In-Store,Bank Transfer,Completed,Fabio
3119,ORD01222,PRD056,Corsair H150i Elite 360mm,Cooler,Corsair,CUS0456,2022-07-24,22:58:40,2022,7,169.99,73,1,0.0,169.99,96.99,57.1,In-Store,Credit Card,Completed,Aline
3120,ORD01222,PRD035,AMD Ryzen 7 5800X3D,Processor,AMD,CUS0456,2022-07-24,22:58:40,2022,7,349.99,150,1,0.0,349.99,199.99,57.1,Online,Cash,Completed,Aline
3121,ORD01223,PRD029,Intel Core i5-12400,Processor,Intel,CUS0155,2022-10-22,09:17:04,2022,10,199.99,86,1,0.05,189.99,108.29,57.0,Phone,Cash,Completed,Ana
3122,ORD01223,PRD025,MSI PRO Z690-A,Motherboard,MSI,CUS0155,2022-10-22,09:17:04,2022,10,189.99,81,1,0.1,170.99,98.09,57.4,In-Store,Bank Transfer,Completed,Ana
3123,ORD01223,PRD048,Corsair RM750 Modular,PSU,Corsair,CUS0155,2022-10-22,09:17:04,2022,10,109.99,47,2,0.05,208.98,119.68,57.3,Online,Debit Card,Completed,Ana
3124,ORD01224,PRD005,Samsung 870 EVO 1TB,Storage,Samsung,CUS0336,2023-02-11,13:38:12,2023,2,129.99,56,1,0.0,129.99,73.99,56.9,Online,Credit Card,Completed,André
3125,ORD01224,PRD007,Samsung 970 EVO 1TB,Storage,Samsung,CUS0336,2023-02-11,13:38:12,2023,2,119.99,51,1,0.0,119.99,68.99,57.5,Phone,Boleto,Completed,André
3126,ORD01225,PRD025,MSI PRO Z690-A,Motherboard,MSI,CUS0007,2024-02-02,14:31:17,2024,2,189.99,81,1,0.05,180.49,103.54,57.4,Phone,Bank Transfer,Completed,Mariana
3127,ORD01226,PRD050,EVGA SuperNOVA 650W,PSU,EVGA,CUS0398,2023-08-25,13:27:20,2023,8,89.99,38,1,0.05,85.49,49.39,57.8,In-Store,PIX,Completed,Mariana
3128,ORD01226,PRD035,AMD Ryzen 7 5800X3D,Processor,AMD,CUS0398,2023-08-25,13:27:20,2023,8,349.99,150,1,0.0,349.99,199.99,57.1,Online,Boleto,Completed,Mariana
3129,ORD01227,PRD039,NVIDIA RTX 3070 8GB,GPU,NVIDIA,CUS0439,2023-06-03,11:11:52,2023,6,499.99,215,1,0.0,499.99,284.99,57.0,In-Store,PIX,Completed,Alexandre
3130,ORD01227,PRD050,EVGA SuperNOVA 650W,PSU,EVGA,CUS0439,2023-06-03,11:11:52,2023,6,89.99,38,3,0.0,269.97,155.97,57.8,Marketplace,Cash,Completed,Alexandre
3131,ORD01227,PRD026,Gigabyte B550 AORUS Elite,Motherboard,Gigabyte,CUS0439,2023-06-03,11:11:52,2023,6,169.99,72,1,0.05,161.49,93.09,57.6,Marketplace,Cash,Completed,Alexandre
3132,ORD01228,PRD005,Samsung 870 EVO 1TB,Storage,Samsung,CUS0247,2024-07-22,16:23:41,2024,7,129.99,56,1,0.25,97.49,55.49,56.9,Phone,Boleto,Completed,Patricia
3133,ORD01228,PRD019,Kingston Fury Beast 16GB DDR4,Memory,Kingston,CUS0247,2024-07-22,16:23:41,2024,7,54.99,23,1,0.0,54.99,31.99,58.2,Phone,PIX,Completed,Patricia
3134,ORD01228,PRD034,AMD Ryzen 5 7600X,Processor,AMD,CUS0247,2024-07-22,16:23:41,2024,7,249.99,107,1,0.25,187.49,107.24,57.2,Online,Credit Card,Completed,Patricia
3135,ORD01229,PRD003,Kingston A400 960GB,Storage,Kingston,CUS0359,2024-05-14,11:18:48,2024,5,89.99,38,2,0.0,179.98,103.98,57.8,Online,Bank Transfer,Completed,Natalia
3136,ORD01229,PRD052,Thermaltake Toughpower 1000W,PSU,Thermaltake,CUS0359,2024-05-14,11:18:48,2024,5,189.99,81,3,0.2,455.98,261.58,57.4,Marketplace,PIX,Completed,Natalia
3137,ORD01229,PRD026,Gigabyte B550 AORUS Elite,Motherboard,Gigabyte,CUS0359,2024-05-14,11:18:48,2024,5,169.99,72,1,0.05,161.49,93.09,57.6,Phone,Boleto,Completed,Natalia
3138,ORD01230,PRD006,Samsung 970 EVO 500GB,Storage,Samsung,CUS0141,2022-05-03,22:50:36,2022,5,69.99,29,1,0.0,69.99,40.99,58.6,In-Store,Bank Transfer,Completed,Isabela
3139,ORD01230,PRD040,NVIDIA RTX 3080 10GB,GPU,NVIDIA,CUS0141,2022-05-03,22:50:36,2022,5,699.99,301,1,0.0,699.99,398.99,57.0,In-Store,Credit Card,Completed,Isabela
3140,ORD01230,PRD021,ASUS ROG Strix B550-F,Motherboard,ASUS,CUS0141,2022-05-03,22:50:36,2022,5,219.99,94,1,0.05,208.99,119.69,57.3,Marketplace,Credit Card,Completed,Isabela
3141,ORD01231,PRD028,Intel Core i3-12100,Processor,Intel,CUS0318,2023-11-13,21:17:05,2023,11,119.99,51,1,0.15,101.99,58.64,57.5,Online,Bank Transfer,Completed,Sergio
3142,ORD01232,PRD057,NZXT Kraken X73 360mm,Cooler,NZXT,CUS0105,2022-04-01,19:14:27,2022,4,189.99,81,2,0.25,284.99,163.49,57.4,Marketplace,PIX,Completed,Paulo
3143,ORD01232,PRD038,NVIDIA RTX 3060 12GB,GPU,NVIDIA,CUS0105,2022-04-01,19:14:27,2022,4,329.99,141,1,0.15,280.49,160.64,57.3,Marketplace,Credit Card,Completed,Paulo
3144,ORD01232,PRD012,Seagate Barracuda 4TB,Storage,Seagate,CUS0105,2022-04-01,19:14:27,2022,4,89.99,38,3,0.0,269.97,155.97,57.8,In-Store,Cash,Completed,Paulo
3145,ORD01232,PRD043,NVIDIA RTX 4080 16GB,GPU,NVIDIA,CUS0105,2022-04-01,19:14:27,2022,4,1199.99,516,2,0.05,2279.98,1299.58,57.0,Reseller,Boleto,Completed,Paulo
3146,ORD01233,PRD050,EVGA SuperNOVA 650W,PSU,EVGA,CUS0475,2023-10-06,10:02:35,2023,10,89.99,38,1,0.2,71.99,41.59,57.8,Online,Credit Card,Completed,Rodrigo
3147,ORD01233,PRD001,Kingston A400 240GB,Storage,Kingston,CUS0475,2023-10-06,10:02:35,2023,10,29.99,13,4,0.1,107.96,61.16,56.7,Reseller,Debit Card,Completed,Rodrigo
3148,ORD01234,PRD041,NVIDIA RTX 4060 8GB,GPU,NVIDIA,CUS0281,2022-06-22,15:15:57,2022,6,299.99,129,1,0.0,299.99,170.99,57.0,Online,PIX,Completed,Priscila
3149,ORD01235,PRD032,Intel Core i9-12900K,Processor,Intel,CUS0029,2023-05-10,19:28:04,2023,5,569.99,245,1,0.05,541.49,308.74,57.0,Phone,PIX,Completed,Leonardo
3150,ORD01235,PRD003,Kingston A400 960GB,Storage,Kingston,CUS0029,2023-05-10,19:28:04,2023,5,89.99,38,2,0.0,179.98,103.98,57.8,Online,Bank Transfer,Completed,Leonardo
3151,ORD01235,PRD038,NVIDIA RTX 3060 12GB,GPU,NVIDIA,CUS0029,2023-05-10,19:28:04,2023,5,329.99,141,1,0.2,263.99,151.19,57.3,In-Store,Credit Card,Completed,Leonardo
3152,ORD01235,PRD043,NVIDIA RTX 4080 16GB,GPU,NVIDIA,CUS0029,2023-05-10,19:28:04,2023,5,1199.99,516,1,0.2,959.99,547.19,57.0,Online,Debit Card,Completed,Leonardo
3153,ORD01236,PRD017,G.Skill Trident Z5 32GB DDR5,Memory,G.Skill,CUS0151,2022-06-16,11:30:40,2022,6,149.99,64,3,0.2,359.98,206.38,57.3,In-Store,Bank Transfer,Completed,Juliana
3154,ORD01237,PRD047,Corsair RM650 Modular,PSU,Corsair,CUS0124,2023-07-24,17:23:58,2023,7,89.99,38,1,0.0,89.99,51.99,57.8,Reseller,PIX,Completed,Leandro
3155,ORD01237,PRD058,DeepCool AK620,Cooler,DeepCool,CUS0124,2023-07-24,17:23:58,2023,7,54.99,23,1,0.05,52.24,30.39,58.2,Phone,Credit Card,Completed,Leandro
3156,ORD01237,PRD009,WD Black SN850 1TB,Storage,WD,CUS0124,2023-07-24,17:23:58,2023,7,109.99,47,1,0.0,109.99,62.99,57.3,Phone,Credit Card,Completed,Leandro
3157,ORD01237,PRD026,Gigabyte B550 AORUS Elite,Motherboard,Gigabyte,CUS0124,2023-07-24,17:23:58,2023,7,169.99,72,1,0.0,169.99,97.99,57.6,Marketplace,Bank Transfer,Completed,Leandro
3158,ORD01238,PRD039,NVIDIA RTX 3070 8GB,GPU,NVIDIA,CUS0302,2022-02-04,11:15:53,2022,2,499.99,215,1,0.05,474.99,270.74,57.0,Marketplace,Credit Card,Completed,Natalia
3159,ORD01239,PRD053,Noctua NH-D15,Cooler,Noctua,CUS0343,2024-01-14,15:13:28,2024,1,99.99,43,1,0.0,99.99,56.99,57.0,Phone,Credit Card,Completed,Isabela
3160,ORD01240,PRD028,Intel Core i3-12100,Processor,Intel,CUS0433,2024-02-21,17:08:51,2024,2,119.99,51,1,0.15,101.99,58.64,57.5,Phone,Credit Card,Completed,Matheus
3161,ORD01240,PRD012,Seagate Barracuda 4TB,Storage,Seagate,CUS0433,2024-02-21,17:08:51,2024,2,89.99,38,1,0.1,80.99,46.79,57.8,Online,Credit Card,Completed,Matheus
3162,ORD01241,PRD008,Samsung 970 EVO 2TB,Storage,Samsung,CUS0174,2024-05-11,10:10:53,2024,5,219.99,94,2,0.0,439.98,251.98,57.3,In-Store,Bank Transfer,Completed,Sandra
3163,ORD01241,PRD044,AMD RX 6600 8GB,GPU,AMD,CUS0174,2024-05-11,10:10:53,2024,5,289.99,124,1,0.0,289.99,165.99,57.2,Reseller,Cash,Completed,Sandra
3164,ORD01241,PRD029,Intel Core i5-12400,Processor,Intel,CUS0174,2024-05-11,10:10:53,2024,5,199.99,86,2,0.0,399.98,227.98,57.0,Phone,Cash,Completed,Sandra
3165,ORD01242,PRD029,Intel Core i5-12400,Processor,Intel,CUS0221,2024-11-17,15:38:25,2024,11,199.99,86,4,0.0,799.96,455.96,57.0,Reseller,Credit Card,Completed,Sergio
3166,ORD01243,PRD018,G.Skill Trident Z5 64GB DDR5,Memory,G.Skill,CUS0206,2024-09-13,15:18:12,2024,9,289.99,124,4,0.15,985.97,564.37,57.2,Marketplace,Bank Transfer,Completed,Diego
3167,ORD01243,PRD013,Corsair Vengeance 8GB DDR4,Memory,Corsair,CUS0206,2024-09-13,15:18:12,2024,9,29.99,12,2,0.0,59.98,35.98,60.0,In-Store,Bank Transfer,Completed,Diego
3168,ORD01243,PRD008,Samsung 970 EVO 2TB,Storage,Samsung,CUS0206,2024-09-13,15:18:12,2024,9,219.99,94,2,0.15,373.98,214.18,57.3,Reseller,Boleto,Completed,Diego
3169,ORD01244,PRD046,AMD RX 7900 XTX 24GB,GPU,AMD,CUS0486,2024-07-17,21:15:12,2024,7,999.99,430,2,0.0,1999.98,1139.98,57.0,Marketplace,Boleto,Completed,Ana
3170,ORD01244,PRD011,Seagate Barracuda 2TB,Storage,Seagate,CUS0486,2024-07-17,21:15:12,2024,7,54.99,23,1,0.05,52.24,30.39,58.2,Reseller,Bank Transfer,Completed,Ana
3171,ORD01245,PRD013,Corsair Vengeance 8GB DDR4,Memory,Corsair,CUS0245,2023-08-08,13:44:28,2023,8,29.99,12,1,0.15,25.49,15.29,60.0,In-Store,Bank Transfer,Completed,Adriana
3172,ORD01245,PRD050,EVGA SuperNOVA 650W,PSU,EVGA,CUS0245,2023-08-08,13:44:28,2023,8,89.99,38,1,0.0,89.99,51.99,57.8,Reseller,Cash,Completed,Adriana
3173,ORD01245,PRD024,MSI MAG B550M MORTAR,Motherboard,MSI,CUS0245,2023-08-08,13:44:28,2023,8,129.99,55,2,0.05,246.98,142.48,57.7,Phone,Debit Card,Completed,Adriana
3174,ORD01246,PRD060,Thermaltake UX200 ARGB,Cooler,Thermaltake,CUS0016,2024-05-24,19:11:22,2024,5,34.99,15,1,0.0,34.99,19.99,57.1,Marketplace,Boleto,Completed,Cristina
3175,ORD01246,PRD012,Seagate Barracuda 4TB,Storage,Seagate,CUS0016,2024-05-24,19:11:22,2024,5,89.99,38,4,0.2,287.97,166.37,57.8,Marketplace,Bank Transfer,Completed,Cristina
3176,ORD01247,PRD019,Kingston Fury Beast 16GB DDR4,Memory,Kingston,CUS0171,2023-06-12,09:52:27,2023,6,54.99,23,1,0.15,46.74,27.19,58.2,In-Store,Debit Card,Completed,Vanessa
3177,ORD01248,PRD019,Kingston Fury Beast 16GB DDR4,Memory,Kingston,CUS0478,2023-05-11,10:17:07,2023,5,54.99,23,1,0.1,49.49,28.79,58.2,Online,Boleto,Completed,Natalia
3178,ORD01248,PRD005,Samsung 870 EVO 1TB,Storage,Samsung,CUS0478,2023-05-11,10:17:07,2023,5,129.99,56,1,0.0,129.99,73.99,56.9,Marketplace,Cash,Completed,Natalia
3179,ORD01249,PRD040,NVIDIA RTX 3080 10GB,GPU,NVIDIA,CUS0109,2024-09-25,12:57:26,2024,9,699.99,301,1,0.1,629.99,359.09,57.0,Online,Credit Card,Completed,Vanessa
3180,ORD01249,PRD009,WD Black SN850 1TB,Storage,WD,CUS0109,2024-09-25,12:57:26,2024,9,109.99,47,1,0.0,109.99,62.99,57.3,Marketplace,Boleto,Completed,Vanessa
3181,ORD01249,PRD023,ASUS TUF Gaming B660M,Motherboard,ASUS,CUS0109,2024-09-25,12:57:26,2024,9,159.99,68,1,0.1,143.99,82.79,57.5,In-Store,Cash,Completed,Vanessa
3182,ORD01250,PRD054,Noctua NH-U12S,Cooler,Noctua,CUS0222,2023-03-11,20:14:30,2023,3,69.99,30,1,0.0,69.99,39.99,57.1,Marketplace,Boleto,Completed,Sergio
3183,ORD01250,PRD043,NVIDIA RTX 4080 16GB,GPU,NVIDIA,CUS0222,2023-03-11,20:14:30,2023,3,1199.99,516,1,0.0,1199.99,683.99,57.0,Online,Boleto,Completed,Sergio
3184,ORD01250,PRD031,Intel Core i7-12700K,Processor,Intel,CUS0222,2023-03-11,20:14:30,2023,3,369.99,159,1,0.0,369.99,210.99,57.0,Online,Boleto,Completed,Sergio
3185,ORD01250,PRD010,WD Blue 1TB HDD,Storage,WD,CUS0222,2023-03-11,20:14:30,2023,3,44.99,19,1,0.0,44.99,25.99,57.8,Online,Cash,Completed,Sergio
3186,ORD01251,PRD009,WD Black SN850 1TB,Storage,WD,CUS0377,2023-09-26,11:00:08,2023,9,109.99,47,4,0.2,351.97,201.57,57.3,In-Store,Cash,Completed,Leonardo
3187,ORD01252,PRD047,Corsair RM650 Modular,PSU,Corsair,CUS0472,2023-12-25,21:23:23,2023,12,89.99,38,1,0.1,80.99,46.79,57.8,Phone,Bank Transfer,Completed,Adriana
3188,ORD01252,PRD010,WD Blue 1TB HDD,Storage,WD,CUS0472,2023-12-25,21:23:23,2023,12,44.99,19,2,0.15,76.48,44.18,57.8,In-Store,Cash,Completed,Adriana
3189,ORD01252,PRD060,Thermaltake UX200 ARGB,Cooler,Thermaltake,CUS0472,2023-12-25,21:23:23,2023,12,34.99,15,1,0.2,27.99,15.99,57.1,Online,Boleto,Completed,Adriana
3190,ORD01252,PRD032,Intel Core i9-12900K,Processor,Intel,CUS0472,2023-12-25,21:23:23,2023,12,569.99,245,3,0.05,1624.47,926.22,57.0,In-Store,Bank Transfer,Completed,Adriana
3191,ORD01253,PRD003,Kingston A400 960GB,Storage,Kingston,CUS0267,2024-01-23,18:26:09,2024,1,89.99,38,1,0.0,89.99,51.99,57.8,Marketplace,PIX,Completed,Bruno
3192,ORD01253,PRD040,NVIDIA RTX 3080 10GB,GPU,NVIDIA,CUS0267,2024-01-23,18:26:09,2024,1,699.99,301,4,0.0,2799.96,1595.96,57.0,Online,Credit Card,Completed,Bruno
3193,ORD01254,PRD013,Corsair Vengeance 8GB DDR4,Memory,Corsair,CUS0412,2022-08-28,14:01:22,2022,8,29.99,12,4,0.0,119.96,71.96,60.0,In-Store,Boleto,Completed,Sergio
3194,ORD01255,PRD013,Corsair Vengeance 8GB DDR4,Memory,Corsair,CUS0370,2023-05-27,16:55:39,2023,5,29.99,12,1,0.0,29.99,17.99,60.0,Phone,Debit Card,Completed,Monica
3195,ORD01256,PRD030,Intel Core i5-13600K,Processor,Intel,CUS0218,2023-11-05,09:11:14,2023,11,279.99,120,1,0.0,279.99,159.99,57.1,Reseller,Boleto,Completed,Alexandre
3196,ORD01256,PRD055,Corsair H100i RGB 240mm,Cooler,Corsair,CUS0218,2023-11-05,09:11:14,2023,11,129.99,56,4,0.05,493.96,281.16,56.9,Marketplace,Cash,Completed,Alexandre
3197,ORD01257,PRD004,Samsung 870 EVO 500GB,Storage,Samsung,CUS0326,2022-01-29,17:46:18,2022,1,79.99,34,1,0.05,75.99,43.69,57.5,Phone,PIX,Completed,Beatriz
3198,ORD01258,PRD060,Thermaltake UX200 ARGB,Cooler,Thermaltake,CUS0408,2024-11-15,15:53:04,2024,11,34.99,15,1,0.0,34.99,19.99,57.1,Online,Credit Card,Completed,Claudia
3199,ORD01258,PRD028,Intel Core i3-12100,Processor,Intel,CUS0408,2024-11-15,15:53:04,2024,11,119.99,51,1,0.2,95.99,55.19,57.5,Online,Cash,Completed,Claudia
3200,ORD01258,PRD013,Corsair Vengeance 8GB DDR4,Memory,Corsair,CUS0408,2024-11-15,15:53:04,2024,11,29.99,12,1,0.0,29.99,17.99,60.0,In-Store,Credit Card,Completed,Claudia
3201,ORD01259,PRD010,WD Blue 1TB HDD,Storage,WD,CUS0486,2022-05-14,20:28:23,2022,5,44.99,19,2,0.0,89.98,51.98,57.8,Reseller,Debit Card,Completed,Ana
3202,ORD01260,PRD042,NVIDIA RTX 4070 12GB,GPU,NVIDIA,CUS0396,2024-04-18,12:43:58,2024,4,599.99,258,1,0.2,479.99,273.59,57.0,Marketplace,PIX,Completed,Matheus
3203,ORD01260,PRD047,Corsair RM650 Modular,PSU,Corsair,CUS0396,2024-04-18,12:43:58,2024,4,89.99,38,3,0.25,202.48,116.98,57.8,Reseller,Cash,Completed,Matheus
3204,ORD01261,PRD039,NVIDIA RTX 3070 8GB,GPU,NVIDIA,CUS0177,2023-12-11,22:41:20,2023,12,499.99,215,1,0.0,499.99,284.99,57.0,Phone,Boleto,Completed,Eduardo
3205,ORD01261,PRD017,G.Skill Trident Z5 32GB DDR5,Memory,G.Skill,CUS0177,2023-12-11,22:41:20,2023,12,149.99,64,1,0.25,112.49,64.49,57.3,In-Store,Bank Transfer,Completed,Eduardo
3206,ORD01261,PRD016,G.Skill Trident Z5 16GB DDR5,Memory,G.Skill,CUS0177,2023-12-11,22:41:20,2023,12,79.99,34,1,0.15,67.99,39.09,57.5,Phone,PIX,Completed,Eduardo
3207,ORD01262,PRD043,NVIDIA RTX 4080 16GB,GPU,NVIDIA,CUS0385,2023-11-09,20:27:34,2023,11,1199.99,516,1,0.1,1079.99,615.59,57.0,Reseller,Debit Card,Completed,Mariana
3208,ORD01262,PRD056,Corsair H150i Elite 360mm,Cooler,Corsair,CUS0385,2023-11-09,20:27:34,2023,11,169.99,73,1,0.05,161.49,92.14,57.1,In-Store,Bank Transfer,Completed,Mariana
3209,ORD01262,PRD032,Intel Core i9-12900K,Processor,Intel,CUS0385,2023-11-09,20:27:34,2023,11,569.99,245,1,0.15,484.49,276.24,57.0,Phone,Cash,Completed,Mariana
3210,ORD01262,PRD025,MSI PRO Z690-A,Motherboard,MSI,CUS0385,2023-11-09,20:27:34,2023,11,189.99,81,1,0.2,151.99,87.19,57.4,In-Store,PIX,Completed,Mariana
3211,ORD01263,PRD015,Corsair Vengeance 32GB DDR4,Memory,Corsair,CUS0377,2024-12-10,15:28:34,2024,12,109.99,47,1,0.1,98.99,56.69,57.3,In-Store,PIX,Completed,Leonardo
3212,ORD01263,PRD031,Intel Core i7-12700K,Processor,Intel,CUS0377,2024-12-10,15:28:34,2024,12,369.99,159,3,0.0,1109.97,632.97,57.0,Reseller,Cash,Completed,Leonardo
3213,ORD01263,PRD030,Intel Core i5-13600K,Processor,Intel,CUS0377,2024-12-10,15:28:34,2024,12,279.99,120,2,0.0,559.98,319.98,57.1,Marketplace,PIX,Completed,Leonardo
3214,ORD01264,PRD021,ASUS ROG Strix B550-F,Motherboard,ASUS,CUS0360,2024-10-28,19:38:35,2024,10,219.99,94,1,0.05,208.99,119.69,57.3,Phone,PIX,Completed,Vanessa
3215,ORD01264,PRD048,Corsair RM750 Modular,PSU,Corsair,CUS0360,2024-10-28,19:38:35,2024,10,109.99,47,1,0.1,98.99,56.69,57.3,Online,Bank Transfer,Completed,Vanessa
3216,ORD01265,PRD049,Corsair RM850 Modular,PSU,Corsair,CUS0072,2022-06-24,19:56:07,2022,6,139.99,60,2,0.1,251.98,143.98,57.1,Phone,Credit Card,Completed,Roberto
3217,ORD01265,PRD055,Corsair H100i RGB 240mm,Cooler,Corsair,CUS0072,2022-06-24,19:56:07,2022,6,129.99,56,2,0.1,233.98,133.18,56.9,Online,Cash,Completed,Roberto
3218,ORD01266,PRD011,Seagate Barracuda 2TB,Storage,Seagate,CUS0198,2022-10-06,11:36:57,2022,10,54.99,23,1,0.0,54.99,31.99,58.2,Online,Debit Card,Completed,Alexandre
3219,ORD01266,PRD051,be quiet! Straight Power 850W,PSU,be quiet!,CUS0198,2022-10-06,11:36:57,2022,10,169.99,73,1,0.05,161.49,92.14,57.1,Reseller,Bank Transfer,Completed,Alexandre
3220,ORD01266,PRD048,Corsair RM750 Modular,PSU,Corsair,CUS0198,2022-10-06,11:36:57,2022,10,109.99,47,1,0.15,93.49,53.54,57.3,Reseller,Credit Card,Completed,Alexandre
3221,ORD01266,PRD020,Kingston Fury Beast 32GB DDR4,Memory,Kingston,CUS0198,2022-10-06,11:36:57,2022,10,99.99,43,3,0.0,299.97,170.97,57.0,Reseller,PIX,Completed,Alexandre
3222,ORD01267,PRD008,Samsung 970 EVO 2TB,Storage,Samsung,CUS0413,2022-05-24,21:14:50,2022,5,219.99,94,1,0.0,219.99,125.99,57.3,Marketplace,PIX,Completed,Roberto
3223,ORD01268,PRD040,NVIDIA RTX 3080 10GB,GPU,NVIDIA,CUS0435,2023-11-06,21:51:41,2023,11,699.99,301,1,0.0,699.99,398.99,57.0,Marketplace,Boleto,Completed,Leandro
3224,ORD01268,PRD013,Corsair Vengeance 8GB DDR4,Memory,Corsair,CUS0435,2023-11-06,21:51:41,2023,11,29.99,12,1,0.0,29.99,17.99,60.0,In-Store,Credit Card,Completed,Leandro
3225,ORD01268,PRD003,Kingston A400 960GB,Storage,Kingston,CUS0435,2023-11-06,21:51:41,2023,11,89.99,38,1,0.2,71.99,41.59,57.8,In-Store,Cash,Completed,Leandro
3226,ORD01268,PRD032,Intel Core i9-12900K,Processor,Intel,CUS0435,2023-11-06,21:51:41,2023,11,569.99,245,1,0.0,569.99,324.99,57.0,Online,Bank Transfer,Completed,Leandro
3227,ORD01269,PRD030,Intel Core i5-13600K,Processor,Intel,CUS0206,2024-05-01,09:49:40,2024,5,279.99,120,1,0.25,209.99,119.99,57.1,Marketplace,Bank Transfer,Completed,Diego
3228,ORD01269,PRD009,WD Black SN850 1TB,Storage,WD,CUS0206,2024-05-01,09:49:40,2024,5,109.99,47,2,0.0,219.98,125.98,57.3,Marketplace,Boleto,Completed,Diego
3229,ORD01269,PRD049,Corsair RM850 Modular,PSU,Corsair,CUS0206,2024-05-01,09:49:40,2024,5,139.99,60,1,0.0,139.99,79.99,57.1,Reseller,Cash,Completed,Diego
3230,ORD01269,PRD012,Seagate Barracuda 4TB,Storage,Seagate,CUS0206,2024-05-01,09:49:40,2024,5,89.99,38,1,0.2,71.99,41.59,57.8,In-Store,Bank Transfer,Completed,Diego
3231,ORD01270,PRD013,Corsair Vengeance 8GB DDR4,Memory,Corsair,CUS0121,2023-07-31,20:42:50,2023,7,29.99,12,1,0.05,28.49,17.09,60.0,In-Store,Boleto,Completed,Fernanda
3232,ORD01271,PRD013,Corsair Vengeance 8GB DDR4,Memory,Corsair,CUS0128,2023-09-25,11:04:32,2023,9,29.99,12,3,0.0,89.97,53.97,60.0,In-Store,Credit Card,Completed,Camila
3233,ORD01272,PRD042,NVIDIA RTX 4070 12GB,GPU,NVIDIA,CUS0148,2022-11-11,08:35:42,2022,11,599.99,258,2,0.0,1199.98,683.98,57.0,Phone,Boleto,Completed,Fabio
3234,ORD01272,PRD023,ASUS TUF Gaming B660M,Motherboard,ASUS,CUS0148,2022-11-11,08:35:42,2022,11,159.99,68,1,0.0,159.99,91.99,57.5,In-Store,Cash,Completed,Fabio
3235,ORD01273,PRD043,NVIDIA RTX 4080 16GB,GPU,NVIDIA,CUS0252,2023-01-18,18:28:25,2023,1,1199.99,516,1,0.0,1199.99,683.99,57.0,Reseller,PIX,Completed,Lucas
3236,ORD01274,PRD010,WD Blue 1TB HDD,Storage,WD,CUS0018,2022-06-23,19:30:58,2022,6,44.99,19,1,0.0,44.99,25.99,57.8,In-Store,Debit Card,Completed,Camila
3237,ORD01274,PRD049,Corsair RM850 Modular,PSU,Corsair,CUS0018,2022-06-23,19:30:58,2022,6,139.99,60,1,0.2,111.99,63.99,57.1,Reseller,Credit Card,Completed,Camila
3238,ORD01275,PRD035,AMD Ryzen 7 5800X3D,Processor,AMD,CUS0164,2024-08-17,20:48:51,2024,8,349.99,150,1,0.25,262.49,149.99,57.1,Reseller,PIX,Completed,Roberto
3239,ORD01275,PRD005,Samsung 870 EVO 1TB,Storage,Samsung,CUS0164,2024-08-17,20:48:51,2024,8,129.99,56,2,0.1,233.98,133.18,56.9,Online,Credit Card,Completed,Roberto
3240,ORD01275,PRD042,NVIDIA RTX 4070 12GB,GPU,NVIDIA,CUS0164,2024-08-17,20:48:51,2024,8,599.99,258,2,0.0,1199.98,683.98,57.0,Phone,Boleto,Completed,Roberto
3241,ORD01276,PRD057,NZXT Kraken X73 360mm,Cooler,NZXT,CUS0386,2024-07-25,10:37:43,2024,7,189.99,81,1,0.0,189.99,108.99,57.4,Reseller,Boleto,Completed,Mariana
3242,ORD01276,PRD034,AMD Ryzen 5 7600X,Processor,AMD,CUS0386,2024-07-25,10:37:43,2024,7,249.99,107,1,0.25,187.49,107.24,57.2,In-Store,Credit Card,Completed,Mariana
3243,ORD01277,PRD003,Kingston A400 960GB,Storage,Kingston,CUS0139,2024-02-12,18:41:22,2024,2,89.99,38,2,0.0,179.98,103.98,57.8,Phone,Debit Card,Completed,Ana
3244,ORD01277,PRD016,G.Skill Trident Z5 16GB DDR5,Memory,G.Skill,CUS0139,2024-02-12,18:41:22,2024,2,79.99,34,1,0.0,79.99,45.99,57.5,Online,PIX,Completed,Ana
3245,ORD01278,PRD035,AMD Ryzen 7 5800X3D,Processor,AMD,CUS0225,2023-12-08,10:10:15,2023,12,349.99,150,1,0.0,349.99,199.99,57.1,Phone,Bank Transfer,Completed,João
3246,ORD01278,PRD005,Samsung 870 EVO 1TB,Storage,Samsung,CUS0225,2023-12-08,10:10:15,2023,12,129.99,56,1,0.15,110.49,62.89,56.9,Online,Cash,Completed,João
3247,ORD01279,PRD035,AMD Ryzen 7 5800X3D,Processor,AMD,CUS0055,2022-04-22,09:33:24,2022,4,349.99,150,3,0.1,944.97,539.97,57.1,Marketplace,PIX,Completed,Carla
3248,ORD01279,PRD045,AMD RX 6700 XT 12GB,GPU,AMD,CUS0055,2022-04-22,09:33:24,2022,4,399.99,172,3,0.0,1199.97,683.97,57.0,Marketplace,Credit Card,Completed,Carla
3249,ORD01279,PRD026,Gigabyte B550 AORUS Elite,Motherboard,Gigabyte,CUS0055,2022-04-22,09:33:24,2022,4,169.99,72,1,0.25,127.49,73.49,57.6,Reseller,Boleto,Completed,Carla
3250,ORD01280,PRD043,NVIDIA RTX 4080 16GB,GPU,NVIDIA,CUS0075,2024-06-26,17:51:08,2024,6,1199.99,516,1,0.05,1139.99,649.79,57.0,In-Store,Bank Transfer,Completed,Beatriz
3251,ORD01280,PRD008,Samsung 970 EVO 2TB,Storage,Samsung,CUS0075,2024-06-26,17:51:08,2024,6,219.99,94,2,0.0,439.98,251.98,57.3,Reseller,Credit Card,Completed,Beatriz
3252,ORD01280,PRD032,Intel Core i9-12900K,Processor,Intel,CUS0075,2024-06-26,17:51:08,2024,6,569.99,245,1,0.0,569.99,324.99,57.0,In-Store,PIX,Completed,Beatriz
3253,ORD01280,PRD044,AMD RX 6600 8GB,GPU,AMD,CUS0075,2024-06-26,17:51:08,2024,6,289.99,124,4,0.0,1159.96,663.96,57.2,Online,Debit Card,Completed,Beatriz
3254,ORD01281,PRD056,Corsair H150i Elite 360mm,Cooler,Corsair,CUS0193,2023-09-06,17:31:00,2023,9,169.99,73,3,0.1,458.97,261.87,57.1,Reseller,Bank Transfer,Completed,Adriana
3255,ORD01281,PRD060,Thermaltake UX200 ARGB,Cooler,Thermaltake,CUS0193,2023-09-06,17:31:00,2023,9,34.99,15,2,0.05,66.48,37.98,57.1,Phone,Boleto,Completed,Adriana
3256,ORD01282,PRD030,Intel Core i5-13600K,Processor,Intel,CUS0297,2022-02-28,21:24:26,2022,2,279.99,120,1,0.05,265.99,151.99,57.1,Phone,Cash,Completed,Sandra
3257,ORD01282,PRD012,Seagate Barracuda 4TB,Storage,Seagate,CUS0297,2022-02-28,21:24:26,2022,2,89.99,38,1,0.15,76.49,44.19,57.8,In-Store,Boleto,Completed,Sandra
3258,ORD01282,PRD003,Kingston A400 960GB,Storage,Kingston,CUS0297,2022-02-28,21:24:26,2022,2,89.99,38,1,0.05,85.49,49.39,57.8,In-Store,PIX,Completed,Sandra
3259,ORD01282,PRD007,Samsung 970 EVO 1TB,Storage,Samsung,CUS0297,2022-02-28,21:24:26,2022,2,119.99,51,1,0.0,119.99,68.99,57.5,Phone,Cash,Completed,Sandra
3260,ORD01283,PRD043,NVIDIA RTX 4080 16GB,GPU,NVIDIA,CUS0420,2023-09-23,19:06:15,2023,9,1199.99,516,1,0.0,1199.99,683.99,57.0,Marketplace,Cash,Completed,Diego
3261,ORD01283,PRD033,AMD Ryzen 5 5600X,Processor,AMD,CUS0420,2023-09-23,19:06:15,2023,9,229.99,98,1,0.0,229.99,131.99,57.4,Marketplace,Credit Card,Completed,Diego
3262,ORD01284,PRD054,Noctua NH-U12S,Cooler,Noctua,CUS0042,2024-08-05,13:35:34,2024,8,69.99,30,1,0.15,59.49,33.99,57.1,Phone,Credit Card,Completed,Juliana
3263,ORD01284,PRD057,NZXT Kraken X73 360mm,Cooler,NZXT,CUS0042,2024-08-05,13:35:34,2024,8,189.99,81,1,0.0,189.99,108.99,57.4,Phone,Debit Card,Completed,Juliana
3264,ORD01284,PRD013,Corsair Vengeance 8GB DDR4,Memory,Corsair,CUS0042,2024-08-05,13:35:34,2024,8,29.99,12,4,0.2,95.97,57.57,60.0,In-Store,Credit Card,Completed,Juliana
3265,ORD01284,PRD051,be quiet! Straight Power 850W,PSU,be quiet!,CUS0042,2024-08-05,13:35:34,2024,8,169.99,73,2,0.0,339.98,193.98,57.1,In-Store,Boleto,Completed,Juliana
3266,ORD01285,PRD009,WD Black SN850 1TB,Storage,WD,CUS0069,2022-12-28,17:23:50,2022,12,109.99,47,1,0.0,109.99,62.99,57.3,In-Store,PIX,Completed,Daniela
3267,ORD01285,PRD003,Kingston A400 960GB,Storage,Kingston,CUS0069,2022-12-28,17:23:50,2022,12,89.99,38,1,0.25,67.49,38.99,57.8,In-Store,Boleto,Completed,Daniela
3268,ORD01285,PRD018,G.Skill Trident Z5 64GB DDR5,Memory,G.Skill,CUS0069,2022-12-28,17:23:50,2022,12,289.99,124,1,0.0,289.99,165.99,57.2,Phone,Bank Transfer,Completed,Daniela
3269,ORD01285,PRD027,Gigabyte Z790 AORUS Master,Motherboard,Gigabyte,CUS0069,2022-12-28,17:23:50,2022,12,449.99,193,1,0.0,449.99,256.99,57.1,Reseller,Debit Card,Completed,Daniela
3270,ORD01286,PRD051,be quiet! Straight Power 850W,PSU,be quiet!,CUS0200,2023-12-17,20:51:46,2023,12,169.99,73,1,0.0,169.99,96.99,57.1,Online,PIX,Completed,Claudia
3271,ORD01287,PRD045,AMD RX 6700 XT 12GB,GPU,AMD,CUS0151,2024-04-18,10:35:10,2024,4,399.99,172,2,0.15,679.98,387.58,57.0,In-Store,Debit Card,Completed,Juliana
3272,ORD01288,PRD036,AMD Ryzen 9 5900X,Processor,AMD,CUS0092,2024-01-11,17:47:09,2024,1,449.99,193,1,0.0,449.99,256.99,57.1,Phone,Credit Card,Completed,Paulo
3273,ORD01288,PRD021,ASUS ROG Strix B550-F,Motherboard,ASUS,CUS0092,2024-01-11,17:47:09,2024,1,219.99,94,1,0.05,208.99,119.69,57.3,Reseller,Debit Card,Completed,Paulo
3274,ORD01289,PRD004,Samsung 870 EVO 500GB,Storage,Samsung,CUS0067,2024-01-25,08:13:43,2024,1,79.99,34,4,0.05,303.96,174.76,57.5,Marketplace,Credit Card,Completed,Maria
3275,ORD01289,PRD058,DeepCool AK620,Cooler,DeepCool,CUS0067,2024-01-25,08:13:43,2024,1,54.99,23,1,0.0,54.99,31.99,58.2,Reseller,Credit Card,Completed,Maria
3276,ORD01290,PRD003,Kingston A400 960GB,Storage,Kingston,CUS0208,2024-09-21,10:10:35,2024,9,89.99,38,1,0.2,71.99,41.59,57.8,In-Store,Boleto,Completed,Diego
3277,ORD01290,PRD059,Cooler Master Hyper 212,Cooler,Cooler Master,CUS0208,2024-09-21,10:10:35,2024,9,39.99,17,2,0.05,75.98,43.68,57.5,Marketplace,PIX,Completed,Diego
3278,ORD01291,PRD007,Samsung 970 EVO 1TB,Storage,Samsung,CUS0301,2023-09-12,17:01:45,2023,9,119.99,51,2,0.05,227.98,131.08,57.5,In-Store,Boleto,Completed,Fernanda
3279,ORD01291,PRD015,Corsair Vengeance 32GB DDR4,Memory,Corsair,CUS0301,2023-09-12,17:01:45,2023,9,109.99,47,2,0.1,197.98,113.38,57.3,Online,Bank Transfer,Completed,Fernanda
3280,ORD01292,PRD008,Samsung 970 EVO 2TB,Storage,Samsung,CUS0050,2023-10-08,14:31:57,2023,10,219.99,94,3,0.05,626.97,359.07,57.3,Phone,Cash,Completed,Viviane
3281,ORD01293,PRD044,AMD RX 6600 8GB,GPU,AMD,CUS0073,2024-05-18,19:04:12,2024,5,289.99,124,1,0.2,231.99,132.79,57.2,Phone,Debit Card,Completed,Fernanda
3282,ORD01293,PRD014,Corsair Vengeance 16GB DDR4,Memory,Corsair,CUS0073,2024-05-18,19:04:12,2024,5,59.99,25,3,0.0,179.97,104.97,58.3,Phone,Credit Card,Completed,Fernanda
3283,ORD01294,PRD020,Kingston Fury Beast 32GB DDR4,Memory,Kingston,CUS0347,2023-11-03,12:27:20,2023,11,99.99,43,1,0.05,94.99,54.14,57.0,Phone,Bank Transfer,Completed,Bruno
3284,ORD01294,PRD012,Seagate Barracuda 4TB,Storage,Seagate,CUS0347,2023-11-03,12:27:20,2023,11,89.99,38,2,0.05,170.98,98.78,57.8,Online,PIX,Completed,Bruno
3285,ORD01295,PRD008,Samsung 970 EVO 2TB,Storage,Samsung,CUS0390,2024-06-27,18:19:22,2024,6,219.99,94,2,0.1,395.98,226.78,57.3,Marketplace,Boleto,Completed,Gabriel
3286,ORD01296,PRD019,Kingston Fury Beast 16GB DDR4,Memory,Kingston,CUS0376,2022-02-06,15:30:30,2022,2,54.99,23,1,0.1,49.49,28.79,58.2,Phone,Boleto,Completed,Viviane
3287,ORD01296,PRD010,WD Blue 1TB HDD,Storage,WD,CUS0376,2022-02-06,15:30:30,2022,2,44.99,19,1,0.0,44.99,25.99,57.8,In-Store,Boleto,Completed,Viviane
3288,ORD01296,PRD009,WD Black SN850 1TB,Storage,WD,CUS0376,2022-02-06,15:30:30,2022,2,109.99,47,1,0.0,109.99,62.99,57.3,Online,PIX,Completed,Viviane
3289,ORD01296,PRD016,G.Skill Trident Z5 16GB DDR5,Memory,G.Skill,CUS0376,2022-02-06,15:30:30,2022,2,79.99,34,1,0.05,75.99,43.69,57.5,Online,Bank Transfer,Completed,Viviane
3290,ORD01297,PRD054,Noctua NH-U12S,Cooler,Noctua,CUS0387,2024-10-16,10:55:19,2024,10,69.99,30,1,0.05,66.49,37.99,57.1,Phone,Boleto,Completed,Adriana
3291,ORD01297,PRD013,Corsair Vengeance 8GB DDR4,Memory,Corsair,CUS0387,2024-10-16,10:55:19,2024,10,29.99,12,1,0.0,29.99,17.99,60.0,Marketplace,Credit Card,Completed,Adriana
3292,ORD01297,PRD044,AMD RX 6600 8GB,GPU,AMD,CUS0387,2024-10-16,10:55:19,2024,10,289.99,124,2,0.15,492.98,282.18,57.2,Reseller,Credit Card,Completed,Adriana
3293,ORD01298,PRD054,Noctua NH-U12S,Cooler,Noctua,CUS0031,2022-07-16,10:19:45,2022,7,69.99,30,1,0.05,66.49,37.99,57.1,Phone,Cash,Completed,Leticia
3294,ORD01298,PRD020,Kingston Fury Beast 32GB DDR4,Memory,Kingston,CUS0031,2022-07-16,10:19:45,2022,7,99.99,43,1,0.15,84.99,48.44,57.0,Reseller,Credit Card,Completed,Leticia
3295,ORD01299,PRD025,MSI PRO Z690-A,Motherboard,MSI,CUS0218,2024-04-30,16:17:56,2024,4,189.99,81,1,0.0,189.99,108.99,57.4,Online,Boleto,Completed,Alexandre
3296,ORD01300,PRD042,NVIDIA RTX 4070 12GB,GPU,NVIDIA,CUS0243,2022-04-07,18:00:12,2022,4,599.99,258,3,0.0,1799.97,1025.97,57.0,Phone,PIX,Completed,Daniela
3297,ORD01300,PRD019,Kingston Fury Beast 16GB DDR4,Memory,Kingston,CUS0243,2022-04-07,18:00:12,2022,4,54.99,23,1,0.0,54.99,31.99,58.2,Online,Bank Transfer,Completed,Daniela
3298,ORD01301,PRD035,AMD Ryzen 7 5800X3D,Processor,AMD,CUS0057,2023-09-01,18:27:48,2023,9,349.99,150,1,0.0,349.99,199.99,57.1,Phone,Boleto,Completed,Fernanda
3299,ORD01301,PRD018,G.Skill Trident Z5 64GB DDR5,Memory,G.Skill,CUS0057,2023-09-01,18:27:48,2023,9,289.99,124,1,0.0,289.99,165.99,57.2,Reseller,Boleto,Completed,Fernanda
3300,ORD01302,PRD058,DeepCool AK620,Cooler,DeepCool,CUS0446,2022-03-16,21:43:21,2022,3,54.99,23,4,0.05,208.96,121.56,58.2,Phone,Credit Card,Completed,Carlos
3301,ORD01302,PRD055,Corsair H100i RGB 240mm,Cooler,Corsair,CUS0446,2022-03-16,21:43:21,2022,3,129.99,56,1,0.2,103.99,59.19,56.9,Phone,Cash,Completed,Carlos
3302,ORD01302,PRD031,Intel Core i7-12700K,Processor,Intel,CUS0446,2022-03-16,21:43:21,2022,3,369.99,159,1,0.0,369.99,210.99,57.0,In-Store,Debit Card,Completed,Carlos
3303,ORD01302,PRD018,G.Skill Trident Z5 64GB DDR5,Memory,G.Skill,CUS0446,2022-03-16,21:43:21,2022,3,289.99,124,1,0.15,246.49,141.09,57.2,Reseller,Credit Card,Completed,Carlos
3304,ORD01303,PRD060,Thermaltake UX200 ARGB,Cooler,Thermaltake,CUS0002,2024-05-26,22:35:11,2024,5,34.99,15,1,0.2,27.99,15.99,57.1,Marketplace,Bank Transfer,Completed,André
3305,ORD01303,PRD016,G.Skill Trident Z5 16GB DDR5,Memory,G.Skill,CUS0002,2024-05-26,22:35:11,2024,5,79.99,34,1,0.0,79.99,45.99,57.5,In-Store,Bank Transfer,Completed,André
3306,ORD01303,PRD002,Kingston A400 480GB,Storage,Kingston,CUS0002,2024-05-26,22:35:11,2024,5,49.99,21,1,0.1,44.99,26.09,58.0,Online,Cash,Completed,André
3307,ORD01304,PRD010,WD Blue 1TB HDD,Storage,WD,CUS0434,2022-10-20,22:48:37,2022,10,44.99,19,1,0.0,44.99,25.99,57.8,Marketplace,Debit Card,Completed,Adriana
3308,ORD01305,PRD019,Kingston Fury Beast 16GB DDR4,Memory,Kingston,CUS0382,2024-11-03,20:19:03,2024,11,54.99,23,1,0.0,54.99,31.99,58.2,Reseller,Credit Card,Completed,Patricia
3309,ORD01305,PRD022,ASUS ROG Strix Z690-A,Motherboard,ASUS,CUS0382,2024-11-03,20:19:03,2024,11,319.99,137,1,0.1,287.99,164.69,57.2,Reseller,Bank Transfer,Completed,Patricia
3310,ORD01306,PRD007,Samsung 970 EVO 1TB,Storage,Samsung,CUS0399,2024-12-23,08:57:15,2024,12,119.99,51,2,0.0,239.98,137.98,57.5,Phone,Cash,Completed,Sergio
3311,ORD01306,PRD020,Kingston Fury Beast 32GB DDR4,Memory,Kingston,CUS0399,2024-12-23,08:57:15,2024,12,99.99,43,1,0.2,79.99,45.59,57.0,Reseller,Debit Card,Completed,Sergio
3312,ORD01307,PRD021,ASUS ROG Strix B550-F,Motherboard,ASUS,CUS0120,2023-07-23,22:28:47,2023,7,219.99,94,2,0.25,329.99,188.99,57.3,Marketplace,Boleto,Completed,Gabriel
3313,ORD01308,PRD054,Noctua NH-U12S,Cooler,Noctua,CUS0363,2024-11-10,19:00:54,2024,11,69.99,30,1,0.2,55.99,31.99,57.1,Reseller,PIX,Completed,Matheus
3314,ORD01309,PRD031,Intel Core i7-12700K,Processor,Intel,CUS0470,2022-08-16,13:01:14,2022,8,369.99,159,1,0.0,369.99,210.99,57.0,Phone,Boleto,Completed,Viviane
3315,ORD01310,PRD009,WD Black SN850 1TB,Storage,WD,CUS0322,2022-11-16,20:19:49,2022,11,109.99,47,1,0.1,98.99,56.69,57.3,Phone,Credit Card,Completed,Carlos
3316,ORD01310,PRD023,ASUS TUF Gaming B660M,Motherboard,ASUS,CUS0322,2022-11-16,20:19:49,2022,11,159.99,68,1,0.1,143.99,82.79,57.5,In-Store,Bank Transfer,Completed,Carlos
3317,ORD01310,PRD015,Corsair Vengeance 32GB DDR4,Memory,Corsair,CUS0322,2022-11-16,20:19:49,2022,11,109.99,47,4,0.0,439.96,251.96,57.3,Phone,Credit Card,Completed,Carlos
3318,ORD01311,PRD057,NZXT Kraken X73 360mm,Cooler,NZXT,CUS0205,2022-10-18,13:03:29,2022,10,189.99,81,2,0.05,360.98,207.08,57.4,Phone,Debit Card,Completed,Leonardo
3319,ORD01312,PRD042,NVIDIA RTX 4070 12GB,GPU,NVIDIA,CUS0104,2024-10-31,12:50:34,2024,10,599.99,258,1,0.15,509.99,290.69,57.0,Online,Bank Transfer,Completed,Claudia
3320,ORD01312,PRD048,Corsair RM750 Modular,PSU,Corsair,CUS0104,2024-10-31,12:50:34,2024,10,109.99,47,1,0.1,98.99,56.69,57.3,Online,Credit Card,Completed,Claudia
3321,ORD01312,PRD053,Noctua NH-D15,Cooler,Noctua,CUS0104,2024-10-31,12:50:34,2024,10,99.99,43,4,0.05,379.96,216.56,57.0,Phone,Boleto,Completed,Claudia
3322,ORD01312,PRD006,Samsung 970 EVO 500GB,Storage,Samsung,CUS0104,2024-10-31,12:50:34,2024,10,69.99,29,1,0.1,62.99,36.89,58.6,In-Store,Debit Card,Completed,Claudia
3323,ORD01313,PRD047,Corsair RM650 Modular,PSU,Corsair,CUS0141,2024-10-22,13:00:51,2024,10,89.99,38,1,0.0,89.99,51.99,57.8,Online,PIX,Completed,Isabela
3324,ORD01314,PRD031,Intel Core i7-12700K,Processor,Intel,CUS0279,2023-08-29,18:23:59,2023,8,369.99,159,1,0.25,277.49,158.24,57.0,Reseller,Debit Card,Completed,Paulo
3325,ORD01314,PRD054,Noctua NH-U12S,Cooler,Noctua,CUS0279,2023-08-29,18:23:59,2023,8,69.99,30,1,0.1,62.99,35.99,57.1,In-Store,PIX,Completed,Paulo
3326,ORD01315,PRD028,Intel Core i3-12100,Processor,Intel,CUS0324,2023-02-16,12:49:03,2023,2,119.99,51,1,0.0,119.99,68.99,57.5,Online,PIX,Completed,Felipe
3327,ORD01315,PRD018,G.Skill Trident Z5 64GB DDR5,Memory,G.Skill,CUS0324,2023-02-16,12:49:03,2023,2,289.99,124,1,0.0,289.99,165.99,57.2,Reseller,Boleto,Completed,Felipe
3328,ORD01315,PRD047,Corsair RM650 Modular,PSU,Corsair,CUS0324,2023-02-16,12:49:03,2023,2,89.99,38,1,0.0,89.99,51.99,57.8,Phone,Credit Card,Completed,Felipe
3329,ORD01316,PRD052,Thermaltake Toughpower 1000W,PSU,Thermaltake,CUS0311,2023-05-05,10:58:01,2023,5,189.99,81,3,0.05,541.47,310.62,57.4,Marketplace,Boleto,Completed,Viviane
3330,ORD01316,PRD008,Samsung 970 EVO 2TB,Storage,Samsung,CUS0311,2023-05-05,10:58:01,2023,5,219.99,94,1,0.15,186.99,107.09,57.3,Reseller,Bank Transfer,Completed,Viviane
3331,ORD01316,PRD045,AMD RX 6700 XT 12GB,GPU,AMD,CUS0311,2023-05-05,10:58:01,2023,5,399.99,172,1,0.0,399.99,227.99,57.0,Marketplace,Debit Card,Completed,Viviane
3332,ORD01317,PRD028,Intel Core i3-12100,Processor,Intel,CUS0076,2023-11-17,11:13:30,2023,11,119.99,51,1,0.05,113.99,65.54,57.5,In-Store,Credit Card,Completed,Adriana
3333,ORD01317,PRD054,Noctua NH-U12S,Cooler,Noctua,CUS0076,2023-11-17,11:13:30,2023,11,69.99,30,1,0.25,52.49,29.99,57.1,Reseller,Cash,Completed,Adriana
3334,ORD01317,PRD059,Cooler Master Hyper 212,Cooler,Cooler Master,CUS0076,2023-11-17,11:13:30,2023,11,39.99,17,1,0.05,37.99,21.84,57.5,Reseller,Debit Card,Completed,Adriana
3335,ORD01318,PRD040,NVIDIA RTX 3080 10GB,GPU,NVIDIA,CUS0001,2022-08-03,13:03:35,2022,8,699.99,301,1,0.0,699.99,398.99,57.0,In-Store,Debit Card,Completed,Henrique
3336,ORD01318,PRD007,Samsung 970 EVO 1TB,Storage,Samsung,CUS0001,2022-08-03,13:03:35,2022,8,119.99,51,1,0.0,119.99,68.99,57.5,Phone,Cash,Completed,Henrique
3337,ORD01319,PRD050,EVGA SuperNOVA 650W,PSU,EVGA,CUS0345,2022-05-01,09:26:24,2022,5,89.99,38,1,0.05,85.49,49.39,57.8,Reseller,Cash,Completed,Maria
3338,ORD01319,PRD018,G.Skill Trident Z5 64GB DDR5,Memory,G.Skill,CUS0345,2022-05-01,09:26:24,2022,5,289.99,124,2,0.0,579.98,331.98,57.2,Phone,Cash,Completed,Maria
3339,ORD01319,PRD056,Corsair H150i Elite 360mm,Cooler,Corsair,CUS0345,2022-05-01,09:26:24,2022,5,169.99,73,1,0.0,169.99,96.99,57.1,Reseller,Credit Card,Completed,Maria
3340,ORD01319,PRD055,Corsair H100i RGB 240mm,Cooler,Corsair,CUS0345,2022-05-01,09:26:24,2022,5,129.99,56,1,0.0,129.99,73.99,56.9,Online,Credit Card,Completed,Maria
3341,ORD01320,PRD006,Samsung 970 EVO 500GB,Storage,Samsung,CUS0047,2024-02-18,12:14:35,2024,2,69.99,29,1,0.0,69.99,40.99,58.6,Phone,Bank Transfer,Completed,Paulo
3342,ORD01320,PRD050,EVGA SuperNOVA 650W,PSU,EVGA,CUS0047,2024-02-18,12:14:35,2024,2,89.99,38,1,0.15,76.49,44.19,57.8,In-Store,Debit Card,Completed,Paulo
3343,ORD01321,PRD010,WD Blue 1TB HDD,Storage,WD,CUS0090,2023-05-13,21:43:14,2023,5,44.99,19,1,0.0,44.99,25.99,57.8,Online,Credit Card,Completed,Vanessa
3344,ORD01321,PRD004,Samsung 870 EVO 500GB,Storage,Samsung,CUS0090,2023-05-13,21:43:14,2023,5,79.99,34,1,0.15,67.99,39.09,57.5,In-Store,PIX,Completed,Vanessa
3345,ORD01322,PRD041,NVIDIA RTX 4060 8GB,GPU,NVIDIA,CUS0476,2023-05-30,08:44:25,2023,5,299.99,129,2,0.0,599.98,341.98,57.0,Marketplace,Cash,Completed,Leandro
3346,ORD01322,PRD005,Samsung 870 EVO 1TB,Storage,Samsung,CUS0476,2023-05-30,08:44:25,2023,5,129.99,56,2,0.05,246.98,140.58,56.9,Reseller,Cash,Completed,Leandro
3347,ORD01322,PRD058,DeepCool AK620,Cooler,DeepCool,CUS0476,2023-05-30,08:44:25,2023,5,54.99,23,1,0.1,49.49,28.79,58.2,Reseller,Cash,Completed,Leandro
3348,ORD01322,PRD020,Kingston Fury Beast 32GB DDR4,Memory,Kingston,CUS0476,2023-05-30,08:44:25,2023,5,99.99,43,1,0.0,99.99,56.99,57.0,Phone,PIX,Completed,Leandro
3349,ORD01323,PRD020,Kingston Fury Beast 32GB DDR4,Memory,Kingston,CUS0295,2022-01-23,16:45:14,2022,1,99.99,43,1,0.1,89.99,51.29,57.0,In-Store,Boleto,Completed,Marcelo
3350,ORD01323,PRD040,NVIDIA RTX 3080 10GB,GPU,NVIDIA,CUS0295,2022-01-23,16:45:14,2022,1,699.99,301,2,0.15,1189.98,678.28,57.0,Reseller,PIX,Completed,Marcelo
3351,ORD01323,PRD046,AMD RX 7900 XTX 24GB,GPU,AMD,CUS0295,2022-01-23,16:45:14,2022,1,999.99,430,1,0.1,899.99,512.99,57.0,Reseller,Debit Card,Completed,Marcelo
3352,ORD01323,PRD055,Corsair H100i RGB 240mm,Cooler,Corsair,CUS0295,2022-01-23,16:45:14,2022,1,129.99,56,1,0.0,129.99,73.99,56.9,In-Store,PIX,Completed,Marcelo
3353,ORD01324,PRD051,be quiet! Straight Power 850W,PSU,be quiet!,CUS0239,2023-12-16,12:08:46,2023,12,169.99,73,1,0.0,169.99,96.99,57.1,Marketplace,Credit Card,Completed,Leticia
3354,ORD01324,PRD048,Corsair RM750 Modular,PSU,Corsair,CUS0239,2023-12-16,12:08:46,2023,12,109.99,47,1,0.0,109.99,62.99,57.3,Phone,Debit Card,Completed,Leticia
3355,ORD01324,PRD002,Kingston A400 480GB,Storage,Kingston,CUS0239,2023-12-16,12:08:46,2023,12,49.99,21,3,0.0,149.97,86.97,58.0,In-Store,Bank Transfer,Completed,Leticia
3356,ORD01324,PRD034,AMD Ryzen 5 7600X,Processor,AMD,CUS0239,2023-12-16,12:08:46,2023,12,249.99,107,2,0.0,499.98,285.98,57.2,Marketplace,PIX,Completed,Leticia
3357,ORD01325,PRD005,Samsung 870 EVO 1TB,Storage,Samsung,CUS0043,2023-01-28,10:37:24,2023,1,129.99,56,2,0.0,259.98,147.98,56.9,Phone,Bank Transfer,Completed,Rafael
3358,ORD01325,PRD027,Gigabyte Z790 AORUS Master,Motherboard,Gigabyte,CUS0043,2023-01-28,10:37:24,2023,1,449.99,193,1,0.2,359.99,205.59,57.1,In-Store,Bank Transfer,Completed,Rafael
3359,ORD01325,PRD006,Samsung 970 EVO 500GB,Storage,Samsung,CUS0043,2023-01-28,10:37:24,2023,1,69.99,29,1,0.0,69.99,40.99,58.6,In-Store,Boleto,Completed,Rafael
3360,ORD01326,PRD054,Noctua NH-U12S,Cooler,Noctua,CUS0009,2022-01-31,13:20:34,2022,1,69.99,30,1,0.0,69.99,39.99,57.1,Marketplace,Boleto,Completed,Natalia
3361,ORD01326,PRD037,AMD Ryzen 9 7900X,Processor,AMD,CUS0009,2022-01-31,13:20:34,2022,1,549.99,236,2,0.1,989.98,565.18,57.1,Online,Cash,Completed,Natalia
3362,ORD01326,PRD005,Samsung 870 EVO 1TB,Storage,Samsung,CUS0009,2022-01-31,13:20:34,2022,1,129.99,56,1,0.1,116.99,66.59,56.9,Marketplace,Cash,Completed,Natalia
3363,ORD01327,PRD031,Intel Core i7-12700K,Processor,Intel,CUS0055,2022-12-27,16:01:37,2022,12,369.99,159,1,0.15,314.49,179.34,57.0,In-Store,Cash,Completed,Carla
3364,ORD01327,PRD050,EVGA SuperNOVA 650W,PSU,EVGA,CUS0055,2022-12-27,16:01:37,2022,12,89.99,38,1,0.2,71.99,41.59,57.8,Marketplace,Credit Card,Completed,Carla
3365,ORD01328,PRD007,Samsung 970 EVO 1TB,Storage,Samsung,CUS0032,2023-02-17,12:29:47,2023,2,119.99,51,1,0.1,107.99,62.09,57.5,In-Store,Bank Transfer,Completed,Leticia
3366,ORD01329,PRD056,Corsair H150i Elite 360mm,Cooler,Corsair,CUS0140,2023-03-21,09:44:41,2023,3,169.99,73,1,0.0,169.99,96.99,57.1,Marketplace,PIX,Completed,Marcelo
3367,ORD01329,PRD053,Noctua NH-D15,Cooler,Noctua,CUS0140,2023-03-21,09:44:41,2023,3,99.99,43,1,0.25,74.99,42.74,57.0,Phone,Cash,Completed,Marcelo
3368,ORD01330,PRD020,Kingston Fury Beast 32GB DDR4,Memory,Kingston,CUS0313,2024-03-11,13:57:54,2024,3,99.99,43,2,0.0,199.98,113.98,57.0,Phone,Bank Transfer,Completed,Daniela
3369,ORD01330,PRD029,Intel Core i5-12400,Processor,Intel,CUS0313,2024-03-11,13:57:54,2024,3,199.99,86,1,0.1,179.99,102.59,57.0,Phone,Credit Card,Completed,Daniela
3370,ORD01331,PRD010,WD Blue 1TB HDD,Storage,WD,CUS0428,2022-09-02,10:33:13,2022,9,44.99,19,1,0.0,44.99,25.99,57.8,Marketplace,Cash,Completed,Alexandre
3371,ORD01331,PRD028,Intel Core i3-12100,Processor,Intel,CUS0428,2022-09-02,10:33:13,2022,9,119.99,51,2,0.1,215.98,124.18,57.5,In-Store,Debit Card,Completed,Alexandre
3372,ORD01331,PRD008,Samsung 970 EVO 2TB,Storage,Samsung,CUS0428,2022-09-02,10:33:13,2022,9,219.99,94,1,0.0,219.99,125.99,57.3,Online,Debit Card,Completed,Alexandre
3373,ORD01332,PRD033,AMD Ryzen 5 5600X,Processor,AMD,CUS0245,2023-01-17,15:29:38,2023,1,229.99,98,1,0.1,206.99,118.79,57.4,In-Store,Boleto,Completed,Adriana
3374,ORD01333,PRD043,NVIDIA RTX 4080 16GB,GPU,NVIDIA,CUS0213,2024-06-16,20:43:09,2024,6,1199.99,516,1,0.1,1079.99,615.59,57.0,Reseller,Boleto,Completed,Isabela
3375,ORD01333,PRD015,Corsair Vengeance 32GB DDR4,Memory,Corsair,CUS0213,2024-06-16,20:43:09,2024,6,109.99,47,1,0.15,93.49,53.54,57.3,Reseller,Bank Transfer,Completed,Isabela
3376,ORD01333,PRD006,Samsung 970 EVO 500GB,Storage,Samsung,CUS0213,2024-06-16,20:43:09,2024,6,69.99,29,1,0.1,62.99,36.89,58.6,Online,Boleto,Completed,Isabela
3377,ORD01334,PRD005,Samsung 870 EVO 1TB,Storage,Samsung,CUS0068,2023-11-16,22:47:06,2023,11,129.99,56,1,0.2,103.99,59.19,56.9,Phone,Bank Transfer,Completed,Roberto
3378,ORD01334,PRD013,Corsair Vengeance 8GB DDR4,Memory,Corsair,CUS0068,2023-11-16,22:47:06,2023,11,29.99,12,2,0.05,56.98,34.18,60.0,In-Store,Boleto,Completed,Roberto
3379,ORD01334,PRD050,EVGA SuperNOVA 650W,PSU,EVGA,CUS0068,2023-11-16,22:47:06,2023,11,89.99,38,1,0.05,85.49,49.39,57.8,In-Store,Credit Card,Completed,Roberto
3380,ORD01334,PRD040,NVIDIA RTX 3080 10GB,GPU,NVIDIA,CUS0068,2023-11-16,22:47:06,2023,11,699.99,301,1,0.0,699.99,398.99,57.0,Reseller,Debit Card,Completed,Roberto
3381,ORD01335,PRD037,AMD Ryzen 9 7900X,Processor,AMD,CUS0376,2022-04-13,08:49:28,2022,4,549.99,236,1,0.0,549.99,313.99,57.1,Online,Boleto,Completed,Viviane
3382,ORD01336,PRD016,G.Skill Trident Z5 16GB DDR5,Memory,G.Skill,CUS0031,2023-12-11,14:38:07,2023,12,79.99,34,3,0.0,239.97,137.97,57.5,Reseller,Debit Card,Completed,Leticia
3383,ORD01337,PRD013,Corsair Vengeance 8GB DDR4,Memory,Corsair,CUS0322,2023-10-14,18:57:41,2023,10,29.99,12,4,0.0,119.96,71.96,60.0,Online,Credit Card,Completed,Carlos
3384,ORD01337,PRD057,NZXT Kraken X73 360mm,Cooler,NZXT,CUS0322,2023-10-14,18:57:41,2023,10,189.99,81,1,0.05,180.49,103.54,57.4,In-Store,Credit Card,Completed,Carlos
3385,ORD01337,PRD007,Samsung 970 EVO 1TB,Storage,Samsung,CUS0322,2023-10-14,18:57:41,2023,10,119.99,51,4,0.0,479.96,275.96,57.5,Phone,Debit Card,Completed,Carlos
3386,ORD01338,PRD011,Seagate Barracuda 2TB,Storage,Seagate,CUS0200,2023-02-13,11:57:48,2023,2,54.99,23,1,0.0,54.99,31.99,58.2,Marketplace,Boleto,Completed,Claudia
3387,ORD01338,PRD036,AMD Ryzen 9 5900X,Processor,AMD,CUS0200,2023-02-13,11:57:48,2023,2,449.99,193,2,0.05,854.98,488.28,57.1,Marketplace,Debit Card,Completed,Claudia
3388,ORD01339,PRD002,Kingston A400 480GB,Storage,Kingston,CUS0027,2023-02-10,12:34:59,2023,2,49.99,21,1,0.05,47.49,27.54,58.0,Phone,PIX,Completed,Roberto
3389,ORD01340,PRD009,WD Black SN850 1TB,Storage,WD,CUS0426,2023-09-16,15:30:00,2023,9,109.99,47,1,0.1,98.99,56.69,57.3,Reseller,Credit Card,Completed,João
3390,ORD01340,PRD033,AMD Ryzen 5 5600X,Processor,AMD,CUS0426,2023-09-16,15:30:00,2023,9,229.99,98,1,0.0,229.99,131.99,57.4,Marketplace,Credit Card,Completed,João
3391,ORD01340,PRD053,Noctua NH-D15,Cooler,Noctua,CUS0426,2023-09-16,15:30:00,2023,9,99.99,43,1,0.1,89.99,51.29,57.0,Phone,Boleto,Completed,João
3392,ORD01341,PRD058,DeepCool AK620,Cooler,DeepCool,CUS0133,2023-05-26,18:40:10,2023,5,54.99,23,1,0.2,43.99,25.59,58.2,Online,Debit Card,Completed,Carlos
3393,ORD01341,PRD042,NVIDIA RTX 4070 12GB,GPU,NVIDIA,CUS0133,2023-05-26,18:40:10,2023,5,599.99,258,1,0.0,599.99,341.99,57.0,Marketplace,Cash,Completed,Carlos
3394,ORD01342,PRD036,AMD Ryzen 9 5900X,Processor,AMD,CUS0481,2024-03-02,09:32:07,2024,3,449.99,193,1,0.15,382.49,218.44,57.1,Online,Cash,Completed,Paulo
3395,ORD01342,PRD023,ASUS TUF Gaming B660M,Motherboard,ASUS,CUS0481,2024-03-02,09:32:07,2024,3,159.99,68,1,0.0,159.99,91.99,57.5,Reseller,Bank Transfer,Completed,Paulo
3396,ORD01342,PRD012,Seagate Barracuda 4TB,Storage,Seagate,CUS0481,2024-03-02,09:32:07,2024,3,89.99,38,1,0.15,76.49,44.19,57.8,Marketplace,Cash,Completed,Paulo
3397,ORD01342,PRD008,Samsung 970 EVO 2TB,Storage,Samsung,CUS0481,2024-03-02,09:32:07,2024,3,219.99,94,1,0.05,208.99,119.69,57.3,Online,PIX,Completed,Paulo
3398,ORD01343,PRD009,WD Black SN850 1TB,Storage,WD,CUS0131,2022-07-17,18:59:54,2022,7,109.99,47,1,0.15,93.49,53.54,57.3,Reseller,Credit Card,Completed,Eduardo
3399,ORD01343,PRD051,be quiet! Straight Power 850W,PSU,be quiet!,CUS0131,2022-07-17,18:59:54,2022,7,169.99,73,2,0.15,288.98,164.88,57.1,Reseller,Credit Card,Completed,Eduardo
3400,ORD01343,PRD046,AMD RX 7900 XTX 24GB,GPU,AMD,CUS0131,2022-07-17,18:59:54,2022,7,999.99,430,1,0.0,999.99,569.99,57.0,Marketplace,PIX,Completed,Eduardo
3401,ORD01343,PRD040,NVIDIA RTX 3080 10GB,GPU,NVIDIA,CUS0131,2022-07-17,18:59:54,2022,7,699.99,301,2,0.0,1399.98,797.98,57.0,Marketplace,Debit Card,Completed,Eduardo
3402,ORD01344,PRD007,Samsung 970 EVO 1TB,Storage,Samsung,CUS0169,2023-11-28,14:36:49,2023,11,119.99,51,1,0.0,119.99,68.99,57.5,Reseller,Credit Card,Completed,Larissa
3403,ORD01344,PRD055,Corsair H100i RGB 240mm,Cooler,Corsair,CUS0169,2023-11-28,14:36:49,2023,11,129.99,56,2,0.05,246.98,140.58,56.9,Marketplace,Credit Card,Completed,Larissa
3404,ORD01344,PRD058,DeepCool AK620,Cooler,DeepCool,CUS0169,2023-11-28,14:36:49,2023,11,54.99,23,3,0.0,164.97,95.97,58.2,Reseller,Credit Card,Completed,Larissa
3405,ORD01345,PRD031,Intel Core i7-12700K,Processor,Intel,CUS0052,2024-08-22,20:20:29,2024,8,369.99,159,4,0.1,1331.96,759.56,57.0,Reseller,Bank Transfer,Completed,Larissa
3406,ORD01345,PRD055,Corsair H100i RGB 240mm,Cooler,Corsair,CUS0052,2024-08-22,20:20:29,2024,8,129.99,56,1,0.0,129.99,73.99,56.9,In-Store,Bank Transfer,Completed,Larissa
3407,ORD01345,PRD013,Corsair Vengeance 8GB DDR4,Memory,Corsair,CUS0052,2024-08-22,20:20:29,2024,8,29.99,12,1,0.25,22.49,13.49,60.0,Online,Boleto,Completed,Larissa
3408,ORD01346,PRD001,Kingston A400 240GB,Storage,Kingston,CUS0086,2023-03-16,10:07:26,2023,3,29.99,13,2,0.1,53.98,30.58,56.7,Reseller,Bank Transfer,Completed,Daniela
3409,ORD01346,PRD006,Samsung 970 EVO 500GB,Storage,Samsung,CUS0086,2023-03-16,10:07:26,2023,3,69.99,29,1,0.1,62.99,36.89,58.6,In-Store,PIX,Completed,Daniela
3410,ORD01347,PRD053,Noctua NH-D15,Cooler,Noctua,CUS0247,2024-07-28,16:16:23,2024,7,99.99,43,1,0.05,94.99,54.14,57.0,Phone,PIX,Completed,Patricia
3411,ORD01348,PRD053,Noctua NH-D15,Cooler,Noctua,CUS0105,2023-08-01,13:54:58,2023,8,99.99,43,2,0.0,199.98,113.98,57.0,Online,PIX,Completed,Paulo
3412,ORD01349,PRD047,Corsair RM650 Modular,PSU,Corsair,CUS0040,2023-01-26,10:09:45,2023,1,89.99,38,1,0.0,89.99,51.99,57.8,In-Store,Credit Card,Completed,Daniela
3413,ORD01349,PRD053,Noctua NH-D15,Cooler,Noctua,CUS0040,2023-01-26,10:09:45,2023,1,99.99,43,1,0.0,99.99,56.99,57.0,Online,Cash,Completed,Daniela
3414,ORD01349,PRD038,NVIDIA RTX 3060 12GB,GPU,NVIDIA,CUS0040,2023-01-26,10:09:45,2023,1,329.99,141,1,0.05,313.49,179.54,57.3,Marketplace,PIX,Completed,Daniela
3415,ORD01349,PRD026,Gigabyte B550 AORUS Elite,Motherboard,Gigabyte,CUS0040,2023-01-26,10:09:45,2023,1,169.99,72,1,0.0,169.99,97.99,57.6,Reseller,Credit Card,Completed,Daniela
3416,ORD01350,PRD003,Kingston A400 960GB,Storage,Kingston,CUS0463,2023-02-18,13:59:30,2023,2,89.99,38,1,0.0,89.99,51.99,57.8,Phone,Debit Card,Completed,Pedro
3417,ORD01350,PRD034,AMD Ryzen 5 7600X,Processor,AMD,CUS0463,2023-02-18,13:59:30,2023,2,249.99,107,2,0.1,449.98,257.38,57.2,In-Store,PIX,Completed,Pedro
3418,ORD01350,PRD013,Corsair Vengeance 8GB DDR4,Memory,Corsair,CUS0463,2023-02-18,13:59:30,2023,2,29.99,12,1,0.0,29.99,17.99,60.0,Phone,Bank Transfer,Completed,Pedro
3419,ORD01351,PRD020,Kingston Fury Beast 32GB DDR4,Memory,Kingston,CUS0196,2022-01-18,09:43:21,2022,1,99.99,43,2,0.2,159.98,91.18,57.0,In-Store,Bank Transfer,Completed,Lucas
3420,ORD01351,PRD034,AMD Ryzen 5 7600X,Processor,AMD,CUS0196,2022-01-18,09:43:21,2022,1,249.99,107,1,0.2,199.99,114.39,57.2,Reseller,Debit Card,Completed,Lucas
3421,ORD01351,PRD006,Samsung 970 EVO 500GB,Storage,Samsung,CUS0196,2022-01-18,09:43:21,2022,1,69.99,29,1,0.0,69.99,40.99,58.6,In-Store,PIX,Completed,Lucas
3422,ORD01352,PRD031,Intel Core i7-12700K,Processor,Intel,CUS0306,2022-03-06,12:45:08,2022,3,369.99,159,2,0.05,702.98,400.88,57.0,Reseller,Cash,Completed,Paulo
3423,ORD01352,PRD014,Corsair Vengeance 16GB DDR4,Memory,Corsair,CUS0306,2022-03-06,12:45:08,2022,3,59.99,25,2,0.25,89.98,52.48,58.3,Reseller,Bank Transfer,Completed,Paulo
3424,ORD01352,PRD047,Corsair RM650 Modular,PSU,Corsair,CUS0306,2022-03-06,12:45:08,2022,3,89.99,38,1,0.0,89.99,51.99,57.8,Reseller,Boleto,Completed,Paulo
3425,ORD01353,PRD060,Thermaltake UX200 ARGB,Cooler,Thermaltake,CUS0289,2023-06-26,19:36:51,2023,6,34.99,15,1,0.0,34.99,19.99,57.1,Phone,Debit Card,Completed,Renata
3426,ORD01353,PRD019,Kingston Fury Beast 16GB DDR4,Memory,Kingston,CUS0289,2023-06-26,19:36:51,2023,6,54.99,23,3,0.0,164.97,95.97,58.2,Online,Debit Card,Completed,Renata
3427,ORD01353,PRD008,Samsung 970 EVO 2TB,Storage,Samsung,CUS0289,2023-06-26,19:36:51,2023,6,219.99,94,1,0.0,219.99,125.99,57.3,In-Store,Cash,Completed,Renata
3428,ORD01353,PRD054,Noctua NH-U12S,Cooler,Noctua,CUS0289,2023-06-26,19:36:51,2023,6,69.99,30,1,0.0,69.99,39.99,57.1,Phone,Credit Card,Completed,Renata
3429,ORD01354,PRD048,Corsair RM750 Modular,PSU,Corsair,CUS0103,2024-02-19,21:56:11,2024,2,109.99,47,1,0.15,93.49,53.54,57.3,Reseller,Cash,Completed,Paulo
3430,ORD01354,PRD054,Noctua NH-U12S,Cooler,Noctua,CUS0103,2024-02-19,21:56:11,2024,2,69.99,30,2,0.0,139.98,79.98,57.1,Online,Boleto,Completed,Paulo
3431,ORD01355,PRD024,MSI MAG B550M MORTAR,Motherboard,MSI,CUS0117,2023-11-02,09:21:55,2023,11,129.99,55,1,0.0,129.99,74.99,57.7,Marketplace,Cash,Completed,Vanessa
3432,ORD01356,PRD019,Kingston Fury Beast 16GB DDR4,Memory,Kingston,CUS0408,2023-04-21,11:56:52,2023,4,54.99,23,1,0.0,54.99,31.99,58.2,Reseller,Credit Card,Completed,Claudia
3433,ORD01356,PRD056,Corsair H150i Elite 360mm,Cooler,Corsair,CUS0408,2023-04-21,11:56:52,2023,4,169.99,73,1,0.0,169.99,96.99,57.1,In-Store,Credit Card,Completed,Claudia
3434,ORD01357,PRD022,ASUS ROG Strix Z690-A,Motherboard,ASUS,CUS0060,2024-02-21,18:06:09,2024,2,319.99,137,1,0.0,319.99,182.99,57.2,Reseller,Credit Card,Completed,Thiago
3435,ORD01358,PRD028,Intel Core i3-12100,Processor,Intel,CUS0473,2022-08-16,20:32:03,2022,8,119.99,51,1,0.05,113.99,65.54,57.5,Reseller,Boleto,Completed,Carlos
3436,ORD01358,PRD011,Seagate Barracuda 2TB,Storage,Seagate,CUS0473,2022-08-16,20:32:03,2022,8,54.99,23,2,0.05,104.48,60.78,58.2,Phone,Debit Card,Completed,Carlos
3437,ORD01358,PRD031,Intel Core i7-12700K,Processor,Intel,CUS0473,2022-08-16,20:32:03,2022,8,369.99,159,1,0.1,332.99,189.89,57.0,Marketplace,Cash,Completed,Carlos
3438,ORD01359,PRD041,NVIDIA RTX 4060 8GB,GPU,NVIDIA,CUS0206,2023-03-07,20:00:25,2023,3,299.99,129,1,0.1,269.99,153.89,57.0,Online,Credit Card,Completed,Diego
3439,ORD01359,PRD028,Intel Core i3-12100,Processor,Intel,CUS0206,2023-03-07,20:00:25,2023,3,119.99,51,2,0.05,227.98,131.08,57.5,Reseller,PIX,Completed,Diego
3440,ORD01360,PRD006,Samsung 970 EVO 500GB,Storage,Samsung,CUS0350,2024-10-15,15:25:01,2024,10,69.99,29,1,0.15,59.49,34.84,58.6,Reseller,Credit Card,Completed,Henrique
3441,ORD01360,PRD014,Corsair Vengeance 16GB DDR4,Memory,Corsair,CUS0350,2024-10-15,15:25:01,2024,10,59.99,25,1,0.0,59.99,34.99,58.3,Online,Credit Card,Completed,Henrique
3442,ORD01361,PRD003,Kingston A400 960GB,Storage,Kingston,CUS0232,2023-01-30,19:28:37,2023,1,89.99,38,1,0.0,89.99,51.99,57.8,Marketplace,Bank Transfer,Completed,Carla
3443,ORD01362,PRD046,AMD RX 7900 XTX 24GB,GPU,AMD,CUS0215,2024-08-03,17:49:52,2024,8,999.99,430,1,0.0,999.99,569.99,57.0,In-Store,Boleto,Completed,Juliana
3444,ORD01362,PRD017,G.Skill Trident Z5 32GB DDR5,Memory,G.Skill,CUS0215,2024-08-03,17:49:52,2024,8,149.99,64,1,0.0,149.99,85.99,57.3,Marketplace,PIX,Completed,Juliana
3445,ORD01362,PRD015,Corsair Vengeance 32GB DDR4,Memory,Corsair,CUS0215,2024-08-03,17:49:52,2024,8,109.99,47,1,0.0,109.99,62.99,57.3,Reseller,Debit Card,Completed,Juliana
3446,ORD01362,PRD024,MSI MAG B550M MORTAR,Motherboard,MSI,CUS0215,2024-08-03,17:49:52,2024,8,129.99,55,1,0.2,103.99,59.99,57.7,Online,Debit Card,Completed,Juliana
3447,ORD01363,PRD044,AMD RX 6600 8GB,GPU,AMD,CUS0441,2023-01-12,16:26:44,2023,1,289.99,124,1,0.0,289.99,165.99,57.2,Reseller,Credit Card,Completed,Rodrigo
3448,ORD01364,PRD014,Corsair Vengeance 16GB DDR4,Memory,Corsair,CUS0248,2024-11-27,09:35:45,2024,11,59.99,25,1,0.0,59.99,34.99,58.3,Phone,Debit Card,Completed,Eduardo
3449,ORD01365,PRD027,Gigabyte Z790 AORUS Master,Motherboard,Gigabyte,CUS0495,2022-04-28,15:24:43,2022,4,449.99,193,1,0.0,449.99,256.99,57.1,Phone,PIX,Completed,Pedro
3450,ORD01365,PRD039,NVIDIA RTX 3070 8GB,GPU,NVIDIA,CUS0495,2022-04-28,15:24:43,2022,4,499.99,215,1,0.25,374.99,213.74,57.0,Reseller,Boleto,Completed,Pedro
3451,ORD01365,PRD036,AMD Ryzen 9 5900X,Processor,AMD,CUS0495,2022-04-28,15:24:43,2022,4,449.99,193,1,0.0,449.99,256.99,57.1,Reseller,PIX,Completed,Pedro
3452,ORD01366,PRD036,AMD Ryzen 9 5900X,Processor,AMD,CUS0302,2023-02-10,10:11:56,2023,2,449.99,193,2,0.0,899.98,513.98,57.1,Marketplace,Bank Transfer,Completed,Natalia
3453,ORD01366,PRD015,Corsair Vengeance 32GB DDR4,Memory,Corsair,CUS0302,2023-02-10,10:11:56,2023,2,109.99,47,2,0.15,186.98,107.08,57.3,In-Store,Boleto,Completed,Natalia
3454,ORD01366,PRD024,MSI MAG B550M MORTAR,Motherboard,MSI,CUS0302,2023-02-10,10:11:56,2023,2,129.99,55,1,0.0,129.99,74.99,57.7,Online,PIX,Completed,Natalia
3455,ORD01367,PRD060,Thermaltake UX200 ARGB,Cooler,Thermaltake,CUS0235,2023-11-15,10:41:44,2023,11,34.99,15,1,0.05,33.24,18.99,57.1,Reseller,Debit Card,Completed,Gabriel
3456,ORD01367,PRD010,WD Blue 1TB HDD,Storage,WD,CUS0235,2023-11-15,10:41:44,2023,11,44.99,19,1,0.2,35.99,20.79,57.8,Online,Bank Transfer,Completed,Gabriel
3457,ORD01367,PRD035,AMD Ryzen 7 5800X3D,Processor,AMD,CUS0235,2023-11-15,10:41:44,2023,11,349.99,150,1,0.05,332.49,189.99,57.1,Reseller,Bank Transfer,Completed,Gabriel
3458,ORD01367,PRD046,AMD RX 7900 XTX 24GB,GPU,AMD,CUS0235,2023-11-15,10:41:44,2023,11,999.99,430,1,0.05,949.99,541.49,57.0,Phone,Credit Card,Completed,Gabriel
3459,ORD01368,PRD006,Samsung 970 EVO 500GB,Storage,Samsung,CUS0334,2024-10-02,09:54:11,2024,10,69.99,29,1,0.0,69.99,40.99,58.6,Phone,Boleto,Completed,Gustavo
3460,ORD01369,PRD060,Thermaltake UX200 ARGB,Cooler,Thermaltake,CUS0294,2022-02-06,08:12:35,2022,2,34.99,15,1,0.0,34.99,19.99,57.1,Phone,Cash,Completed,Rafael
3461,ORD01370,PRD005,Samsung 870 EVO 1TB,Storage,Samsung,CUS0303,2023-09-27,17:44:45,2023,9,129.99,56,1,0.15,110.49,62.89,56.9,Marketplace,Bank Transfer,Completed,Gabriel
3462,ORD01370,PRD013,Corsair Vengeance 8GB DDR4,Memory,Corsair,CUS0303,2023-09-27,17:44:45,2023,9,29.99,12,1,0.0,29.99,17.99,60.0,Phone,Bank Transfer,Completed,Gabriel
3463,ORD01370,PRD011,Seagate Barracuda 2TB,Storage,Seagate,CUS0303,2023-09-27,17:44:45,2023,9,54.99,23,2,0.1,98.98,57.58,58.2,Phone,Cash,Completed,Gabriel
3464,ORD01370,PRD026,Gigabyte B550 AORUS Elite,Motherboard,Gigabyte,CUS0303,2023-09-27,17:44:45,2023,9,169.99,72,1,0.0,169.99,97.99,57.6,Marketplace,Boleto,Completed,Gabriel
3465,ORD01371,PRD029,Intel Core i5-12400,Processor,Intel,CUS0188,2024-04-22,18:50:54,2024,4,199.99,86,1,0.1,179.99,102.59,57.0,In-Store,Bank Transfer,Completed,Maria
3466,ORD01371,PRD009,WD Black SN850 1TB,Storage,WD,CUS0188,2024-04-22,18:50:54,2024,4,109.99,47,1,0.15,93.49,53.54,57.3,In-Store,Cash,Completed,Maria
3467,ORD01372,PRD027,Gigabyte Z790 AORUS Master,Motherboard,Gigabyte,CUS0385,2023-04-04,09:10:12,2023,4,449.99,193,1,0.0,449.99,256.99,57.1,Phone,Cash,Completed,Mariana
3468,ORD01372,PRD012,Seagate Barracuda 4TB,Storage,Seagate,CUS0385,2023-04-04,09:10:12,2023,4,89.99,38,1,0.05,85.49,49.39,57.8,Phone,PIX,Completed,Mariana
3469,ORD01373,PRD046,AMD RX 7900 XTX 24GB,GPU,AMD,CUS0484,2023-06-25,12:31:39,2023,6,999.99,430,2,0.1,1799.98,1025.98,57.0,Phone,PIX,Completed,Mariana
3470,ORD01373,PRD018,G.Skill Trident Z5 64GB DDR5,Memory,G.Skill,CUS0484,2023-06-25,12:31:39,2023,6,289.99,124,2,0.05,550.98,315.38,57.2,Phone,PIX,Completed,Mariana
3471,ORD01374,PRD033,AMD Ryzen 5 5600X,Processor,AMD,CUS0094,2022-11-29,21:52:42,2022,11,229.99,98,3,0.1,620.97,356.37,57.4,Reseller,Debit Card,Completed,Monica
3472,ORD01374,PRD036,AMD Ryzen 9 5900X,Processor,AMD,CUS0094,2022-11-29,21:52:42,2022,11,449.99,193,1,0.0,449.99,256.99,57.1,Reseller,Boleto,Completed,Monica
3473,ORD01374,PRD048,Corsair RM750 Modular,PSU,Corsair,CUS0094,2022-11-29,21:52:42,2022,11,109.99,47,1,0.05,104.49,59.84,57.3,Phone,Bank Transfer,Completed,Monica
3474,ORD01374,PRD047,Corsair RM650 Modular,PSU,Corsair,CUS0094,2022-11-29,21:52:42,2022,11,89.99,38,2,0.15,152.98,88.38,57.8,Marketplace,Debit Card,Completed,Monica
3475,ORD01375,PRD050,EVGA SuperNOVA 650W,PSU,EVGA,CUS0100,2023-02-02,14:34:20,2023,2,89.99,38,1,0.1,80.99,46.79,57.8,Reseller,Debit Card,Completed,Rafael
3476,ORD01375,PRD006,Samsung 970 EVO 500GB,Storage,Samsung,CUS0100,2023-02-02,14:34:20,2023,2,69.99,29,1,0.0,69.99,40.99,58.6,In-Store,Bank Transfer,Completed,Rafael
3477,ORD01376,PRD003,Kingston A400 960GB,Storage,Kingston,CUS0361,2023-01-27,12:23:24,2023,1,89.99,38,1,0.0,89.99,51.99,57.8,Marketplace,Bank Transfer,Completed,Renata
3478,ORD01376,PRD017,G.Skill Trident Z5 32GB DDR5,Memory,G.Skill,CUS0361,2023-01-27,12:23:24,2023,1,149.99,64,3,0.15,382.47,219.27,57.3,In-Store,Cash,Completed,Renata
3479,ORD01376,PRD019,Kingston Fury Beast 16GB DDR4,Memory,Kingston,CUS0361,2023-01-27,12:23:24,2023,1,54.99,23,1,0.1,49.49,28.79,58.2,Phone,Bank Transfer,Completed,Renata
3480,ORD01377,PRD059,Cooler Master Hyper 212,Cooler,Cooler Master,CUS0101,2024-08-02,19:57:57,2024,8,39.99,17,1,0.0,39.99,22.99,57.5,In-Store,Debit Card,Completed,Beatriz
3481,ORD01377,PRD046,AMD RX 7900 XTX 24GB,GPU,AMD,CUS0101,2024-08-02,19:57:57,2024,8,999.99,430,1,0.05,949.99,541.49,57.0,Marketplace,Credit Card,Completed,Beatriz
3482,ORD01377,PRD037,AMD Ryzen 9 7900X,Processor,AMD,CUS0101,2024-08-02,19:57:57,2024,8,549.99,236,1,0.0,549.99,313.99,57.1,Reseller,Credit Card,Completed,Beatriz
3483,ORD01377,PRD044,AMD RX 6600 8GB,GPU,AMD,CUS0101,2024-08-02,19:57:57,2024,8,289.99,124,1,0.05,275.49,157.69,57.2,Phone,Credit Card,Completed,Beatriz
3484,ORD01378,PRD059,Cooler Master Hyper 212,Cooler,Cooler Master,CUS0288,2023-05-05,19:39:56,2023,5,39.99,17,1,0.25,29.99,17.24,57.5,Marketplace,Debit Card,Completed,Thiago
3485,ORD01378,PRD048,Corsair RM750 Modular,PSU,Corsair,CUS0288,2023-05-05,19:39:56,2023,5,109.99,47,1,0.0,109.99,62.99,57.3,Marketplace,Bank Transfer,Completed,Thiago
3486,ORD01378,PRD012,Seagate Barracuda 4TB,Storage,Seagate,CUS0288,2023-05-05,19:39:56,2023,5,89.99,38,1,0.05,85.49,49.39,57.8,Reseller,Boleto,Completed,Thiago
3487,ORD01378,PRD006,Samsung 970 EVO 500GB,Storage,Samsung,CUS0288,2023-05-05,19:39:56,2023,5,69.99,29,1,0.0,69.99,40.99,58.6,Online,PIX,Completed,Thiago
3488,ORD01379,PRD052,Thermaltake Toughpower 1000W,PSU,Thermaltake,CUS0222,2023-10-27,17:48:02,2023,10,189.99,81,1,0.05,180.49,103.54,57.4,Online,Credit Card,Completed,Sergio
3489,ORD01380,PRD042,NVIDIA RTX 4070 12GB,GPU,NVIDIA,CUS0372,2024-03-22,11:57:29,2024,3,599.99,258,1,0.0,599.99,341.99,57.0,Phone,PIX,Completed,Priscila
3490,ORD01381,PRD025,MSI PRO Z690-A,Motherboard,MSI,CUS0251,2022-09-27,18:55:16,2022,9,189.99,81,2,0.05,360.98,207.08,57.4,Phone,PIX,Completed,Claudia
3491,ORD01382,PRD018,G.Skill Trident Z5 64GB DDR5,Memory,G.Skill,CUS0493,2022-05-10,19:09:54,2022,5,289.99,124,3,0.1,782.97,448.17,57.2,Online,Debit Card,Completed,Sandra
3492,ORD01382,PRD039,NVIDIA RTX 3070 8GB,GPU,NVIDIA,CUS0493,2022-05-10,19:09:54,2022,5,499.99,215,1,0.0,499.99,284.99,57.0,Online,Boleto,Completed,Sandra
3493,ORD01382,PRD022,ASUS ROG Strix Z690-A,Motherboard,ASUS,CUS0493,2022-05-10,19:09:54,2022,5,319.99,137,1,0.0,319.99,182.99,57.2,Marketplace,Debit Card,Completed,Sandra
3494,ORD01382,PRD057,NZXT Kraken X73 360mm,Cooler,NZXT,CUS0493,2022-05-10,19:09:54,2022,5,189.99,81,1,0.05,180.49,103.54,57.4,Phone,Bank Transfer,Completed,Sandra
3495,ORD01383,PRD018,G.Skill Trident Z5 64GB DDR5,Memory,G.Skill,CUS0470,2023-02-10,09:46:10,2023,2,289.99,124,2,0.0,579.98,331.98,57.2,Marketplace,Debit Card,Completed,Viviane
3496,ORD01383,PRD044,AMD RX 6600 8GB,GPU,AMD,CUS0470,2023-02-10,09:46:10,2023,2,289.99,124,2,0.0,579.98,331.98,57.2,Marketplace,Debit Card,Completed,Viviane
3497,ORD01383,PRD035,AMD Ryzen 7 5800X3D,Processor,AMD,CUS0470,2023-02-10,09:46:10,2023,2,349.99,150,2,0.15,594.98,339.98,57.1,Reseller,Boleto,Completed,Viviane
3498,ORD01383,PRD010,WD Blue 1TB HDD,Storage,WD,CUS0470,2023-02-10,09:46:10,2023,2,44.99,19,1,0.05,42.74,24.69,57.8,Phone,Cash,Completed,Viviane
3499,ORD01384,PRD027,Gigabyte Z790 AORUS Master,Motherboard,Gigabyte,CUS0158,2022-01-08,15:45:30,2022,1,449.99,193,2,0.0,899.98,513.98,57.1,Phone,Boleto,Completed,Aline
3500,ORD01384,PRD032,Intel Core i9-12900K,Processor,Intel,CUS0158,2022-01-08,15:45:30,2022,1,569.99,245,1,0.0,569.99,324.99,57.0,Online,Credit Card,Completed,Aline
3501,ORD01385,PRD060,Thermaltake UX200 ARGB,Cooler,Thermaltake,CUS0046,2024-06-22,13:09:47,2024,6,34.99,15,2,0.15,59.48,33.98,57.1,Reseller,Credit Card,Completed,Fernanda
3502,ORD01385,PRD038,NVIDIA RTX 3060 12GB,GPU,NVIDIA,CUS0046,2024-06-22,13:09:47,2024,6,329.99,141,1,0.05,313.49,179.54,57.3,Reseller,Debit Card,Completed,Fernanda
3503,ORD01386,PRD025,MSI PRO Z690-A,Motherboard,MSI,CUS0257,2022-02-15,16:01:59,2022,2,189.99,81,1,0.0,189.99,108.99,57.4,Online,PIX,Completed,Leonardo
3504,ORD01386,PRD044,AMD RX 6600 8GB,GPU,AMD,CUS0257,2022-02-15,16:01:59,2022,2,289.99,124,1,0.05,275.49,157.69,57.2,In-Store,Debit Card,Completed,Leonardo
3505,ORD01386,PRD021,ASUS ROG Strix B550-F,Motherboard,ASUS,CUS0257,2022-02-15,16:01:59,2022,2,219.99,94,2,0.0,439.98,251.98,57.3,Online,Boleto,Completed,Leonardo
3506,ORD01386,PRD035,AMD Ryzen 7 5800X3D,Processor,AMD,CUS0257,2022-02-15,16:01:59,2022,2,349.99,150,1,0.1,314.99,179.99,57.1,In-Store,Credit Card,Completed,Leonardo
3507,ORD01387,PRD039,NVIDIA RTX 3070 8GB,GPU,NVIDIA,CUS0069,2022-04-10,15:04:12,2022,4,499.99,215,1,0.05,474.99,270.74,57.0,Reseller,Debit Card,Completed,Daniela
3508,ORD01388,PRD021,ASUS ROG Strix B550-F,Motherboard,ASUS,CUS0245,2023-08-12,16:09:00,2023,8,219.99,94,1,0.2,175.99,100.79,57.3,Reseller,Bank Transfer,Completed,Adriana
3509,ORD01388,PRD036,AMD Ryzen 9 5900X,Processor,AMD,CUS0245,2023-08-12,16:09:00,2023,8,449.99,193,1,0.0,449.99,256.99,57.1,Phone,Credit Card,Completed,Adriana
3510,ORD01388,PRD032,Intel Core i9-12900K,Processor,Intel,CUS0245,2023-08-12,16:09:00,2023,8,569.99,245,1,0.1,512.99,292.49,57.0,Phone,Boleto,Completed,Adriana
3511,ORD01388,PRD022,ASUS ROG Strix Z690-A,Motherboard,ASUS,CUS0245,2023-08-12,16:09:00,2023,8,319.99,137,1,0.05,303.99,173.84,57.2,Marketplace,Boleto,Completed,Adriana
3512,ORD01389,PRD014,Corsair Vengeance 16GB DDR4,Memory,Corsair,CUS0323,2024-04-16,08:04:02,2024,4,59.99,25,2,0.25,89.98,52.48,58.3,Reseller,Boleto,Completed,Leandro
3513,ORD01389,PRD024,MSI MAG B550M MORTAR,Motherboard,MSI,CUS0323,2024-04-16,08:04:02,2024,4,129.99,55,3,0.1,350.97,202.47,57.7,Phone,Credit Card,Completed,Leandro
3514,ORD01389,PRD004,Samsung 870 EVO 500GB,Storage,Samsung,CUS0323,2024-04-16,08:04:02,2024,4,79.99,34,1,0.0,79.99,45.99,57.5,Phone,Cash,Completed,Leandro
3515,ORD01389,PRD007,Samsung 970 EVO 1TB,Storage,Samsung,CUS0323,2024-04-16,08:04:02,2024,4,119.99,51,1,0.2,95.99,55.19,57.5,Phone,Credit Card,Completed,Leandro
3516,ORD01390,PRD009,WD Black SN850 1TB,Storage,WD,CUS0195,2024-09-06,19:10:39,2024,9,109.99,47,1,0.05,104.49,59.84,57.3,Online,Boleto,Completed,Paulo
3517,ORD01390,PRD033,AMD Ryzen 5 5600X,Processor,AMD,CUS0195,2024-09-06,19:10:39,2024,9,229.99,98,1,0.0,229.99,131.99,57.4,Marketplace,Debit Card,Completed,Paulo
3518,ORD01390,PRD043,NVIDIA RTX 4080 16GB,GPU,NVIDIA,CUS0195,2024-09-06,19:10:39,2024,9,1199.99,516,2,0.25,1799.99,1025.99,57.0,Reseller,PIX,Completed,Paulo
3519,ORD01391,PRD013,Corsair Vengeance 8GB DDR4,Memory,Corsair,CUS0155,2023-11-29,09:39:38,2023,11,29.99,12,1,0.05,28.49,17.09,60.0,Reseller,Cash,Completed,Ana
3520,ORD01391,PRD023,ASUS TUF Gaming B660M,Motherboard,ASUS,CUS0155,2023-11-29,09:39:38,2023,11,159.99,68,1,0.0,159.99,91.99,57.5,Phone,PIX,Completed,Ana
3521,ORD01391,PRD009,WD Black SN850 1TB,Storage,WD,CUS0155,2023-11-29,09:39:38,2023,11,109.99,47,1,0.05,104.49,59.84,57.3,Marketplace,Debit Card,Completed,Ana
3522,ORD01391,PRD010,WD Blue 1TB HDD,Storage,WD,CUS0155,2023-11-29,09:39:38,2023,11,44.99,19,1,0.2,35.99,20.79,57.8,Online,Credit Card,Completed,Ana
3523,ORD01392,PRD001,Kingston A400 240GB,Storage,Kingston,CUS0488,2024-02-08,10:40:36,2024,2,29.99,13,1,0.0,29.99,16.99,56.7,Reseller,Credit Card,Completed,Gabriel
3524,ORD01392,PRD051,be quiet! Straight Power 850W,PSU,be quiet!,CUS0488,2024-02-08,10:40:36,2024,2,169.99,73,3,0.05,484.47,276.42,57.1,Online,Bank Transfer,Completed,Gabriel
3525,ORD01393,PRD025,MSI PRO Z690-A,Motherboard,MSI,CUS0382,2023-12-24,10:15:26,2023,12,189.99,81,1,0.2,151.99,87.19,57.4,In-Store,PIX,Completed,Patricia
3526,ORD01393,PRD022,ASUS ROG Strix Z690-A,Motherboard,ASUS,CUS0382,2023-12-24,10:15:26,2023,12,319.99,137,1,0.2,255.99,146.39,57.2,Phone,Boleto,Completed,Patricia
3527,ORD01394,PRD045,AMD RX 6700 XT 12GB,GPU,AMD,CUS0446,2022-10-25,18:03:19,2022,10,399.99,172,3,0.15,1019.97,581.37,57.0,Marketplace,Debit Card,Completed,Carlos
3528,ORD01394,PRD005,Samsung 870 EVO 1TB,Storage,Samsung,CUS0446,2022-10-25,18:03:19,2022,10,129.99,56,1,0.0,129.99,73.99,56.9,Reseller,Boleto,Completed,Carlos
3529,ORD01394,PRD020,Kingston Fury Beast 32GB DDR4,Memory,Kingston,CUS0446,2022-10-25,18:03:19,2022,10,99.99,43,1,0.05,94.99,54.14,57.0,Reseller,Debit Card,Completed,Carlos
3530,ORD01394,PRD034,AMD Ryzen 5 7600X,Processor,AMD,CUS0446,2022-10-25,18:03:19,2022,10,249.99,107,1,0.0,249.99,142.99,57.2,Reseller,PIX,Completed,Carlos
3531,ORD01395,PRD043,NVIDIA RTX 4080 16GB,GPU,NVIDIA,CUS0495,2023-07-21,18:10:58,2023,7,1199.99,516,2,0.0,2399.98,1367.98,57.0,Online,PIX,Completed,Pedro
3532,ORD01395,PRD059,Cooler Master Hyper 212,Cooler,Cooler Master,CUS0495,2023-07-21,18:10:58,2023,7,39.99,17,1,0.05,37.99,21.84,57.5,In-Store,Cash,Completed,Pedro
3533,ORD01395,PRD047,Corsair RM650 Modular,PSU,Corsair,CUS0495,2023-07-21,18:10:58,2023,7,89.99,38,1,0.05,85.49,49.39,57.8,Phone,Cash,Completed,Pedro
3534,ORD01396,PRD036,AMD Ryzen 9 5900X,Processor,AMD,CUS0397,2023-04-12,17:46:41,2023,4,449.99,193,4,0.0,1799.96,1027.96,57.1,Online,Bank Transfer,Completed,André
3535,ORD01397,PRD007,Samsung 970 EVO 1TB,Storage,Samsung,CUS0444,2022-01-27,16:43:28,2022,1,119.99,51,1,0.0,119.99,68.99,57.5,Reseller,Bank Transfer,Completed,Juliana
3536,ORD01398,PRD057,NZXT Kraken X73 360mm,Cooler,NZXT,CUS0228,2022-01-12,11:41:52,2022,1,189.99,81,2,0.0,379.98,217.98,57.4,Phone,Credit Card,Completed,Eduardo
3537,ORD01399,PRD037,AMD Ryzen 9 7900X,Processor,AMD,CUS0389,2024-09-30,13:48:15,2024,9,549.99,236,1,0.1,494.99,282.59,57.1,Reseller,PIX,Completed,Beatriz
3538,ORD01399,PRD048,Corsair RM750 Modular,PSU,Corsair,CUS0389,2024-09-30,13:48:15,2024,9,109.99,47,1,0.0,109.99,62.99,57.3,Marketplace,Credit Card,Completed,Beatriz
3539,ORD01399,PRD031,Intel Core i7-12700K,Processor,Intel,CUS0389,2024-09-30,13:48:15,2024,9,369.99,159,1,0.05,351.49,200.44,57.0,Online,Cash,Completed,Beatriz
3540,ORD01400,PRD001,Kingston A400 240GB,Storage,Kingston,CUS0350,2023-01-22,19:14:42,2023,1,29.99,13,1,0.0,29.99,16.99,56.7,Phone,Cash,Completed,Henrique
3541,ORD01400,PRD018,G.Skill Trident Z5 64GB DDR5,Memory,G.Skill,CUS0350,2023-01-22,19:14:42,2023,1,289.99,124,2,0.1,521.98,298.78,57.2,Marketplace,Cash,Completed,Henrique
3542,ORD01401,PRD015,Corsair Vengeance 32GB DDR4,Memory,Corsair,CUS0257,2024-11-05,08:56:26,2024,11,109.99,47,1,0.05,104.49,59.84,57.3,Marketplace,Cash,Completed,Leonardo
3543,ORD01402,PRD031,Intel Core i7-12700K,Processor,Intel,CUS0218,2024-08-20,14:49:30,2024,8,369.99,159,1,0.05,351.49,200.44,57.0,Online,Debit Card,Completed,Alexandre
3544,ORD01403,PRD057,NZXT Kraken X73 360mm,Cooler,NZXT,CUS0325,2024-07-12,15:59:23,2024,7,189.99,81,2,0.05,360.98,207.08,57.4,Reseller,Credit Card,Completed,Maria
3545,ORD01403,PRD002,Kingston A400 480GB,Storage,Kingston,CUS0325,2024-07-12,15:59:23,2024,7,49.99,21,2,0.0,99.98,57.98,58.0,Marketplace,PIX,Completed,Maria
3546,ORD01404,PRD008,Samsung 970 EVO 2TB,Storage,Samsung,CUS0023,2024-06-13,18:55:25,2024,6,219.99,94,1,0.1,197.99,113.39,57.3,In-Store,Debit Card,Completed,Cristina
3547,ORD01405,PRD012,Seagate Barracuda 4TB,Storage,Seagate,CUS0205,2022-09-19,18:48:08,2022,9,89.99,38,1,0.0,89.99,51.99,57.8,Marketplace,Cash,Completed,Leonardo
3548,ORD01405,PRD002,Kingston A400 480GB,Storage,Kingston,CUS0205,2022-09-19,18:48:08,2022,9,49.99,21,1,0.0,49.99,28.99,58.0,Marketplace,Boleto,Completed,Leonardo
3549,ORD01405,PRD034,AMD Ryzen 5 7600X,Processor,AMD,CUS0205,2022-09-19,18:48:08,2022,9,249.99,107,1,0.15,212.49,121.54,57.2,Online,Debit Card,Completed,Leonardo
3550,ORD01405,PRD035,AMD Ryzen 7 5800X3D,Processor,AMD,CUS0205,2022-09-19,18:48:08,2022,9,349.99,150,1,0.0,349.99,199.99,57.1,In-Store,Bank Transfer,Completed,Leonardo
3551,ORD01406,PRD047,Corsair RM650 Modular,PSU,Corsair,CUS0214,2022-07-21,15:26:42,2022,7,89.99,38,3,0.25,202.48,116.98,57.8,Phone,PIX,Completed,Beatriz
3552,ORD01406,PRD001,Kingston A400 240GB,Storage,Kingston,CUS0214,2022-07-21,15:26:42,2022,7,29.99,13,1,0.0,29.99,16.99,56.7,Phone,Credit Card,Completed,Beatriz
3553,ORD01406,PRD012,Seagate Barracuda 4TB,Storage,Seagate,CUS0214,2022-07-21,15:26:42,2022,7,89.99,38,1,0.1,80.99,46.79,57.8,Marketplace,Debit Card,Completed,Beatriz
3554,ORD01406,PRD029,Intel Core i5-12400,Processor,Intel,CUS0214,2022-07-21,15:26:42,2022,7,199.99,86,1,0.05,189.99,108.29,57.0,Reseller,Credit Card,Completed,Beatriz
3555,ORD01407,PRD022,ASUS ROG Strix Z690-A,Motherboard,ASUS,CUS0408,2023-01-20,15:57:46,2023,1,319.99,137,1,0.0,319.99,182.99,57.2,In-Store,Bank Transfer,Completed,Claudia
3556,ORD01407,PRD001,Kingston A400 240GB,Storage,Kingston,CUS0408,2023-01-20,15:57:46,2023,1,29.99,13,1,0.0,29.99,16.99,56.7,Marketplace,Bank Transfer,Completed,Claudia
3557,ORD01407,PRD043,NVIDIA RTX 4080 16GB,GPU,NVIDIA,CUS0408,2023-01-20,15:57:46,2023,1,1199.99,516,1,0.1,1079.99,615.59,57.0,In-Store,Cash,Completed,Claudia
3558,ORD01407,PRD009,WD Black SN850 1TB,Storage,WD,CUS0408,2023-01-20,15:57:46,2023,1,109.99,47,2,0.0,219.98,125.98,57.3,Online,PIX,Completed,Claudia
3559,ORD01408,PRD047,Corsair RM650 Modular,PSU,Corsair,CUS0161,2024-03-16,18:16:13,2024,3,89.99,38,1,0.0,89.99,51.99,57.8,In-Store,Debit Card,Completed,Beatriz
3560,ORD01408,PRD049,Corsair RM850 Modular,PSU,Corsair,CUS0161,2024-03-16,18:16:13,2024,3,139.99,60,1,0.2,111.99,63.99,57.1,Online,Boleto,Completed,Beatriz
3561,ORD01408,PRD059,Cooler Master Hyper 212,Cooler,Cooler Master,CUS0161,2024-03-16,18:16:13,2024,3,39.99,17,1,0.0,39.99,22.99,57.5,Marketplace,PIX,Completed,Beatriz
3562,ORD01409,PRD030,Intel Core i5-13600K,Processor,Intel,CUS0035,2022-10-29,16:29:44,2022,10,279.99,120,1,0.05,265.99,151.99,57.1,Reseller,Credit Card,Completed,Roberto
3563,ORD01409,PRD034,AMD Ryzen 5 7600X,Processor,AMD,CUS0035,2022-10-29,16:29:44,2022,10,249.99,107,1,0.0,249.99,142.99,57.2,In-Store,Credit Card,Completed,Roberto
3564,ORD01410,PRD007,Samsung 970 EVO 1TB,Storage,Samsung,CUS0290,2024-12-04,18:28:02,2024,12,119.99,51,1,0.0,119.99,68.99,57.5,Reseller,Bank Transfer,Completed,Felipe
3565,ORD01411,PRD036,AMD Ryzen 9 5900X,Processor,AMD,CUS0367,2023-06-11,19:16:51,2023,6,449.99,193,1,0.1,404.99,231.29,57.1,Reseller,Credit Card,Completed,Monica
3566,ORD01411,PRD009,WD Black SN850 1TB,Storage,WD,CUS0367,2023-06-11,19:16:51,2023,6,109.99,47,3,0.15,280.47,160.62,57.3,Marketplace,PIX,Completed,Monica
3567,ORD01411,PRD011,Seagate Barracuda 2TB,Storage,Seagate,CUS0367,2023-06-11,19:16:51,2023,6,54.99,23,4,0.0,219.96,127.96,58.2,Reseller,Cash,Completed,Monica
3568,ORD01412,PRD009,WD Black SN850 1TB,Storage,WD,CUS0155,2024-01-07,11:24:48,2024,1,109.99,47,1,0.1,98.99,56.69,57.3,In-Store,Debit Card,Completed,Ana
3569,ORD01413,PRD039,NVIDIA RTX 3070 8GB,GPU,NVIDIA,CUS0460,2024-09-27,10:35:36,2024,9,499.99,215,1,0.1,449.99,256.49,57.0,Online,Bank Transfer,Completed,Leonardo
3570,ORD01413,PRD028,Intel Core i3-12100,Processor,Intel,CUS0460,2024-09-27,10:35:36,2024,9,119.99,51,1,0.2,95.99,55.19,57.5,In-Store,Credit Card,Completed,Leonardo
3571,ORD01413,PRD017,G.Skill Trident Z5 32GB DDR5,Memory,G.Skill,CUS0460,2024-09-27,10:35:36,2024,9,149.99,64,1,0.15,127.49,73.09,57.3,In-Store,Cash,Completed,Leonardo
3572,ORD01413,PRD049,Corsair RM850 Modular,PSU,Corsair,CUS0460,2024-09-27,10:35:36,2024,9,139.99,60,1,0.1,125.99,71.99,57.1,Reseller,Cash,Completed,Leonardo
3573,ORD01414,PRD049,Corsair RM850 Modular,PSU,Corsair,CUS0258,2022-12-21,17:34:40,2022,12,139.99,60,1,0.0,139.99,79.99,57.1,Reseller,Debit Card,Completed,Monica
3574,ORD01414,PRD025,MSI PRO Z690-A,Motherboard,MSI,CUS0258,2022-12-21,17:34:40,2022,12,189.99,81,1,0.0,189.99,108.99,57.4,Marketplace,Cash,Completed,Monica
3575,ORD01414,PRD022,ASUS ROG Strix Z690-A,Motherboard,ASUS,CUS0258,2022-12-21,17:34:40,2022,12,319.99,137,3,0.15,815.97,466.62,57.2,Marketplace,PIX,Completed,Monica
3576,ORD01414,PRD009,WD Black SN850 1TB,Storage,WD,CUS0258,2022-12-21,17:34:40,2022,12,109.99,47,1,0.05,104.49,59.84,57.3,Marketplace,Debit Card,Completed,Monica
3577,ORD01415,PRD021,ASUS ROG Strix B550-F,Motherboard,ASUS,CUS0398,2024-01-11,22:56:12,2024,1,219.99,94,1,0.2,175.99,100.79,57.3,In-Store,Cash,Completed,Mariana
3578,ORD01416,PRD038,NVIDIA RTX 3060 12GB,GPU,NVIDIA,CUS0148,2022-04-20,12:24:08,2022,4,329.99,141,2,0.0,659.98,377.98,57.3,Online,Bank Transfer,Completed,Fabio
3579,ORD01416,PRD021,ASUS ROG Strix B550-F,Motherboard,ASUS,CUS0148,2022-04-20,12:24:08,2022,4,219.99,94,1,0.25,164.99,94.49,57.3,Marketplace,Boleto,Completed,Fabio
3580,ORD01417,PRD008,Samsung 970 EVO 2TB,Storage,Samsung,CUS0009,2023-06-13,10:44:41,2023,6,219.99,94,1,0.1,197.99,113.39,57.3,Reseller,Debit Card,Completed,Natalia
3581,ORD01417,PRD055,Corsair H100i RGB 240mm,Cooler,Corsair,CUS0009,2023-06-13,10:44:41,2023,6,129.99,56,1,0.05,123.49,70.29,56.9,Reseller,Credit Card,Completed,Natalia
3582,ORD01417,PRD007,Samsung 970 EVO 1TB,Storage,Samsung,CUS0009,2023-06-13,10:44:41,2023,6,119.99,51,1,0.05,113.99,65.54,57.5,Marketplace,Cash,Completed,Natalia
3583,ORD01417,PRD036,AMD Ryzen 9 5900X,Processor,AMD,CUS0009,2023-06-13,10:44:41,2023,6,449.99,193,1,0.05,427.49,244.14,57.1,In-Store,Cash,Completed,Natalia
3584,ORD01418,PRD043,NVIDIA RTX 4080 16GB,GPU,NVIDIA,CUS0194,2022-09-06,21:02:06,2022,9,1199.99,516,3,0.05,3419.97,1949.37,57.0,Marketplace,PIX,Completed,Fernanda
3585,ORD01418,PRD041,NVIDIA RTX 4060 8GB,GPU,NVIDIA,CUS0194,2022-09-06,21:02:06,2022,9,299.99,129,1,0.05,284.99,162.44,57.0,Online,Cash,Completed,Fernanda
3586,ORD01418,PRD009,WD Black SN850 1TB,Storage,WD,CUS0194,2022-09-06,21:02:06,2022,9,109.99,47,1,0.0,109.99,62.99,57.3,Online,Cash,Completed,Fernanda
3587,ORD01418,PRD022,ASUS ROG Strix Z690-A,Motherboard,ASUS,CUS0194,2022-09-06,21:02:06,2022,9,319.99,137,4,0.0,1279.96,731.96,57.2,Online,Cash,Completed,Fernanda
3588,ORD01419,PRD058,DeepCool AK620,Cooler,DeepCool,CUS0118,2023-08-15,17:52:55,2023,8,54.99,23,2,0.0,109.98,63.98,58.2,Online,Bank Transfer,Completed,Sergio
3589,ORD01420,PRD027,Gigabyte Z790 AORUS Master,Motherboard,Gigabyte,CUS0309,2022-06-19,13:08:41,2022,6,449.99,193,3,0.0,1349.97,770.97,57.1,Marketplace,Bank Transfer,Completed,Ana
3590,ORD01420,PRD051,be quiet! Straight Power 850W,PSU,be quiet!,CUS0309,2022-06-19,13:08:41,2022,6,169.99,73,1,0.0,169.99,96.99,57.1,Marketplace,Bank Transfer,Completed,Ana
3591,ORD01421,PRD035,AMD Ryzen 7 5800X3D,Processor,AMD,CUS0159,2024-03-29,16:58:53,2024,3,349.99,150,3,0.1,944.97,539.97,57.1,Online,PIX,Completed,Alexandre
3592,ORD01422,PRD005,Samsung 870 EVO 1TB,Storage,Samsung,CUS0454,2023-11-21,19:24:01,2023,11,129.99,56,1,0.0,129.99,73.99,56.9,Phone,Boleto,Completed,Ricardo
3593,ORD01422,PRD045,AMD RX 6700 XT 12GB,GPU,AMD,CUS0454,2023-11-21,19:24:01,2023,11,399.99,172,3,0.0,1199.97,683.97,57.0,Phone,Credit Card,Completed,Ricardo
3594,ORD01422,PRD030,Intel Core i5-13600K,Processor,Intel,CUS0454,2023-11-21,19:24:01,2023,11,279.99,120,2,0.0,559.98,319.98,57.1,Reseller,Debit Card,Completed,Ricardo
3595,ORD01423,PRD031,Intel Core i7-12700K,Processor,Intel,CUS0086,2022-12-04,18:07:21,2022,12,369.99,159,1,0.05,351.49,200.44,57.0,In-Store,Bank Transfer,Completed,Daniela
3596,ORD01423,PRD002,Kingston A400 480GB,Storage,Kingston,CUS0086,2022-12-04,18:07:21,2022,12,49.99,21,3,0.0,149.97,86.97,58.0,Online,PIX,Completed,Daniela
3597,ORD01424,PRD048,Corsair RM750 Modular,PSU,Corsair,CUS0474,2023-08-06,11:52:10,2023,8,109.99,47,1,0.0,109.99,62.99,57.3,Reseller,PIX,Completed,Isabela
3598,ORD01424,PRD032,Intel Core i9-12900K,Processor,Intel,CUS0474,2023-08-06,11:52:10,2023,8,569.99,245,3,0.05,1624.47,926.22,57.0,In-Store,Boleto,Completed,Isabela
3599,ORD01424,PRD043,NVIDIA RTX 4080 16GB,GPU,NVIDIA,CUS0474,2023-08-06,11:52:10,2023,8,1199.99,516,1,0.05,1139.99,649.79,57.0,Reseller,Boleto,Completed,Isabela
3600,ORD01424,PRD010,WD Blue 1TB HDD,Storage,WD,CUS0474,2023-08-06,11:52:10,2023,8,44.99,19,1,0.0,44.99,25.99,57.8,Marketplace,Cash,Completed,Isabela
3601,ORD01425,PRD025,MSI PRO Z690-A,Motherboard,MSI,CUS0486,2023-11-01,19:23:50,2023,11,189.99,81,1,0.05,180.49,103.54,57.4,Reseller,Debit Card,Completed,Ana
3602,ORD01425,PRD017,G.Skill Trident Z5 32GB DDR5,Memory,G.Skill,CUS0486,2023-11-01,19:23:50,2023,11,149.99,64,1,0.0,149.99,85.99,57.3,Reseller,Credit Card,Completed,Ana
3603,ORD01426,PRD009,WD Black SN850 1TB,Storage,WD,CUS0106,2023-01-26,22:59:57,2023,1,109.99,47,1,0.0,109.99,62.99,57.3,In-Store,Bank Transfer,Completed,Cristina
3604,ORD01426,PRD012,Seagate Barracuda 4TB,Storage,Seagate,CUS0106,2023-01-26,22:59:57,2023,1,89.99,38,1,0.0,89.99,51.99,57.8,Online,Debit Card,Completed,Cristina
3605,ORD01426,PRD042,NVIDIA RTX 4070 12GB,GPU,NVIDIA,CUS0106,2023-01-26,22:59:57,2023,1,599.99,258,1,0.25,449.99,256.49,57.0,Reseller,Cash,Completed,Cristina
3606,ORD01426,PRD023,ASUS TUF Gaming B660M,Motherboard,ASUS,CUS0106,2023-01-26,22:59:57,2023,1,159.99,68,2,0.0,319.98,183.98,57.5,Marketplace,Credit Card,Completed,Cristina
3607,ORD01427,PRD044,AMD RX 6600 8GB,GPU,AMD,CUS0444,2024-05-10,12:00:50,2024,5,289.99,124,1,0.0,289.99,165.99,57.2,In-Store,PIX,Completed,Juliana
3608,ORD01428,PRD001,Kingston A400 240GB,Storage,Kingston,CUS0209,2024-07-25,10:41:34,2024,7,29.99,13,1,0.0,29.99,16.99,56.7,Reseller,PIX,Completed,Paulo
3609,ORD01429,PRD031,Intel Core i7-12700K,Processor,Intel,CUS0357,2024-10-24,21:39:59,2024,10,369.99,159,1,0.0,369.99,210.99,57.0,In-Store,Debit Card,Completed,Fabio
3610,ORD01429,PRD055,Corsair H100i RGB 240mm,Cooler,Corsair,CUS0357,2024-10-24,21:39:59,2024,10,129.99,56,2,0.2,207.98,118.38,56.9,Online,PIX,Completed,Fabio
3611,ORD01430,PRD018,G.Skill Trident Z5 64GB DDR5,Memory,G.Skill,CUS0473,2024-08-14,09:13:17,2024,8,289.99,124,2,0.05,550.98,315.38,57.2,Online,Cash,Completed,Carlos
3612,ORD01430,PRD028,Intel Core i3-12100,Processor,Intel,CUS0473,2024-08-14,09:13:17,2024,8,119.99,51,1,0.0,119.99,68.99,57.5,In-Store,Debit Card,Completed,Carlos
3613,ORD01430,PRD040,NVIDIA RTX 3080 10GB,GPU,NVIDIA,CUS0473,2024-08-14,09:13:17,2024,8,699.99,301,1,0.0,699.99,398.99,57.0,Online,PIX,Completed,Carlos
3614,ORD01430,PRD041,NVIDIA RTX 4060 8GB,GPU,NVIDIA,CUS0473,2024-08-14,09:13:17,2024,8,299.99,129,2,0.0,599.98,341.98,57.0,In-Store,Debit Card,Completed,Carlos
3615,ORD01431,PRD053,Noctua NH-D15,Cooler,Noctua,CUS0038,2023-12-03,17:32:45,2023,12,99.99,43,2,0.2,159.98,91.18,57.0,Marketplace,PIX,Completed,Leonardo
3616,ORD01432,PRD014,Corsair Vengeance 16GB DDR4,Memory,Corsair,CUS0157,2023-09-14,09:37:12,2023,9,59.99,25,2,0.1,107.98,62.98,58.3,Phone,Credit Card,Completed,Fabio
3617,ORD01432,PRD055,Corsair H100i RGB 240mm,Cooler,Corsair,CUS0157,2023-09-14,09:37:12,2023,9,129.99,56,2,0.0,259.98,147.98,56.9,In-Store,Bank Transfer,Completed,Fabio
3618,ORD01432,PRD037,AMD Ryzen 9 7900X,Processor,AMD,CUS0157,2023-09-14,09:37:12,2023,9,549.99,236,1,0.15,467.49,266.89,57.1,In-Store,Cash,Completed,Fabio
3619,ORD01433,PRD042,NVIDIA RTX 4070 12GB,GPU,NVIDIA,CUS0223,2024-07-20,19:55:00,2024,7,599.99,258,1,0.2,479.99,273.59,57.0,Phone,Boleto,Completed,Ricardo
3620,ORD01434,PRD026,Gigabyte B550 AORUS Elite,Motherboard,Gigabyte,CUS0223,2024-04-25,10:00:11,2024,4,169.99,72,1,0.0,169.99,97.99,57.6,Reseller,Debit Card,Completed,Ricardo
3621,ORD01434,PRD015,Corsair Vengeance 32GB DDR4,Memory,Corsair,CUS0223,2024-04-25,10:00:11,2024,4,109.99,47,1,0.0,109.99,62.99,57.3,Marketplace,Bank Transfer,Completed,Ricardo
3622,ORD01434,PRD046,AMD RX 7900 XTX 24GB,GPU,AMD,CUS0223,2024-04-25,10:00:11,2024,4,999.99,430,2,0.2,1599.98,911.98,57.0,Online,Bank Transfer,Completed,Ricardo
3623,ORD01434,PRD038,NVIDIA RTX 3060 12GB,GPU,NVIDIA,CUS0223,2024-04-25,10:00:11,2024,4,329.99,141,3,0.0,989.97,566.97,57.3,Phone,Credit Card,Completed,Ricardo
3624,ORD01435,PRD036,AMD Ryzen 9 5900X,Processor,AMD,CUS0136,2024-03-19,19:17:43,2024,3,449.99,193,1,0.05,427.49,244.14,57.1,Phone,Cash,Completed,Henrique
3625,ORD01435,PRD052,Thermaltake Toughpower 1000W,PSU,Thermaltake,CUS0136,2024-03-19,19:17:43,2024,3,189.99,81,1,0.0,189.99,108.99,57.4,In-Store,Bank Transfer,Completed,Henrique
3626,ORD01436,PRD008,Samsung 970 EVO 2TB,Storage,Samsung,CUS0301,2023-05-06,13:19:03,2023,5,219.99,94,1,0.1,197.99,113.39,57.3,Reseller,Credit Card,Completed,Fernanda
3627,ORD01436,PRD053,Noctua NH-D15,Cooler,Noctua,CUS0301,2023-05-06,13:19:03,2023,5,99.99,43,1,0.05,94.99,54.14,57.0,In-Store,Cash,Completed,Fernanda
3628,ORD01436,PRD019,Kingston Fury Beast 16GB DDR4,Memory,Kingston,CUS0301,2023-05-06,13:19:03,2023,5,54.99,23,1,0.1,49.49,28.79,58.2,Phone,Cash,Completed,Fernanda
3629,ORD01436,PRD029,Intel Core i5-12400,Processor,Intel,CUS0301,2023-05-06,13:19:03,2023,5,199.99,86,4,0.25,599.97,341.97,57.0,Reseller,Cash,Completed,Fernanda
3630,ORD01437,PRD047,Corsair RM650 Modular,PSU,Corsair,CUS0302,2024-08-28,21:56:00,2024,8,89.99,38,1,0.0,89.99,51.99,57.8,Online,Credit Card,Completed,Natalia
3631,ORD01437,PRD031,Intel Core i7-12700K,Processor,Intel,CUS0302,2024-08-28,21:56:00,2024,8,369.99,159,1,0.05,351.49,200.44,57.0,Reseller,Debit Card,Completed,Natalia
3632,ORD01437,PRD057,NZXT Kraken X73 360mm,Cooler,NZXT,CUS0302,2024-08-28,21:56:00,2024,8,189.99,81,2,0.15,322.98,185.28,57.4,Phone,Bank Transfer,Completed,Natalia
3633,ORD01437,PRD052,Thermaltake Toughpower 1000W,PSU,Thermaltake,CUS0302,2024-08-28,21:56:00,2024,8,189.99,81,1,0.05,180.49,103.54,57.4,Marketplace,Credit Card,Completed,Natalia
3634,ORD01438,PRD031,Intel Core i7-12700K,Processor,Intel,CUS0343,2022-03-26,16:37:01,2022,3,369.99,159,1,0.0,369.99,210.99,57.0,Phone,Bank Transfer,Completed,Isabela
3635,ORD01438,PRD048,Corsair RM750 Modular,PSU,Corsair,CUS0343,2022-03-26,16:37:01,2022,3,109.99,47,1,0.0,109.99,62.99,57.3,Marketplace,Boleto,Completed,Isabela
3636,ORD01439,PRD041,NVIDIA RTX 4060 8GB,GPU,NVIDIA,CUS0379,2022-12-06,16:01:06,2022,12,299.99,129,2,0.1,539.98,307.78,57.0,Reseller,PIX,Completed,Henrique
3637,ORD01440,PRD017,G.Skill Trident Z5 32GB DDR5,Memory,G.Skill,CUS0492,2023-05-10,22:33:47,2023,5,149.99,64,4,0.05,569.96,326.76,57.3,Marketplace,Debit Card,Completed,Rafael
3638,ORD01440,PRD004,Samsung 870 EVO 500GB,Storage,Samsung,CUS0492,2023-05-10,22:33:47,2023,5,79.99,34,1,0.0,79.99,45.99,57.5,Phone,Credit Card,Completed,Rafael
3639,ORD01440,PRD023,ASUS TUF Gaming B660M,Motherboard,ASUS,CUS0492,2023-05-10,22:33:47,2023,5,159.99,68,1,0.25,119.99,68.99,57.5,Marketplace,PIX,Completed,Rafael
3640,ORD01440,PRD016,G.Skill Trident Z5 16GB DDR5,Memory,G.Skill,CUS0492,2023-05-10,22:33:47,2023,5,79.99,34,3,0.0,239.97,137.97,57.5,Reseller,Debit Card,Completed,Rafael
3641,ORD01441,PRD028,Intel Core i3-12100,Processor,Intel,CUS0351,2023-07-04,12:52:15,2023,7,119.99,51,1,0.15,101.99,58.64,57.5,Marketplace,PIX,Completed,Paulo
3642,ORD01441,PRD014,Corsair Vengeance 16GB DDR4,Memory,Corsair,CUS0351,2023-07-04,12:52:15,2023,7,59.99,25,3,0.05,170.97,99.72,58.3,Reseller,PIX,Completed,Paulo
3643,ORD01441,PRD060,Thermaltake UX200 ARGB,Cooler,Thermaltake,CUS0351,2023-07-04,12:52:15,2023,7,34.99,15,2,0.0,69.98,39.98,57.1,Marketplace,Boleto,Completed,Paulo
3644,ORD01442,PRD031,Intel Core i7-12700K,Processor,Intel,CUS0435,2023-01-24,09:53:55,2023,1,369.99,159,1,0.1,332.99,189.89,57.0,Reseller,Cash,Completed,Leandro
3645,ORD01443,PRD054,Noctua NH-U12S,Cooler,Noctua,CUS0134,2023-10-27,08:39:08,2023,10,69.99,30,2,0.1,125.98,71.98,57.1,Reseller,Bank Transfer,Completed,Bruno
3646,ORD01444,PRD041,NVIDIA RTX 4060 8GB,GPU,NVIDIA,CUS0463,2023-03-14,18:24:51,2023,3,299.99,129,1,0.0,299.99,170.99,57.0,Online,Bank Transfer,Completed,Pedro
3647,ORD01444,PRD032,Intel Core i9-12900K,Processor,Intel,CUS0463,2023-03-14,18:24:51,2023,3,569.99,245,2,0.0,1139.98,649.98,57.0,Reseller,Credit Card,Completed,Pedro
3648,ORD01445,PRD039,NVIDIA RTX 3070 8GB,GPU,NVIDIA,CUS0402,2023-04-27,13:43:49,2023,4,499.99,215,1,0.0,499.99,284.99,57.0,Phone,PIX,Completed,Ricardo
3649,ORD01445,PRD018,G.Skill Trident Z5 64GB DDR5,Memory,G.Skill,CUS0402,2023-04-27,13:43:49,2023,4,289.99,124,1,0.05,275.49,157.69,57.2,Marketplace,Bank Transfer,Completed,Ricardo
3650,ORD01446,PRD032,Intel Core i9-12900K,Processor,Intel,CUS0046,2023-05-09,22:38:00,2023,5,569.99,245,1,0.0,569.99,324.99,57.0,Phone,Credit Card,Completed,Fernanda
3651,ORD01447,PRD057,NZXT Kraken X73 360mm,Cooler,NZXT,CUS0339,2024-02-26,18:49:21,2024,2,189.99,81,3,0.1,512.97,294.27,57.4,Phone,Debit Card,Completed,André
3652,ORD01447,PRD054,Noctua NH-U12S,Cooler,Noctua,CUS0339,2024-02-26,18:49:21,2024,2,69.99,30,2,0.05,132.98,75.98,57.1,Phone,Debit Card,Completed,André
3653,ORD01447,PRD004,Samsung 870 EVO 500GB,Storage,Samsung,CUS0339,2024-02-26,18:49:21,2024,2,79.99,34,1,0.05,75.99,43.69,57.5,In-Store,Boleto,Completed,André
3654,ORD01448,PRD051,be quiet! Straight Power 850W,PSU,be quiet!,CUS0466,2022-01-30,11:51:18,2022,1,169.99,73,1,0.05,161.49,92.14,57.1,Marketplace,Credit Card,Completed,Natalia
3655,ORD01448,PRD004,Samsung 870 EVO 500GB,Storage,Samsung,CUS0466,2022-01-30,11:51:18,2022,1,79.99,34,2,0.0,159.98,91.98,57.5,Marketplace,Credit Card,Completed,Natalia
3656,ORD01449,PRD034,AMD Ryzen 5 7600X,Processor,AMD,CUS0435,2022-09-05,09:54:29,2022,9,249.99,107,1,0.0,249.99,142.99,57.2,In-Store,Bank Transfer,Completed,Leandro
3657,ORD01449,PRD038,NVIDIA RTX 3060 12GB,GPU,NVIDIA,CUS0435,2022-09-05,09:54:29,2022,9,329.99,141,1,0.25,247.49,141.74,57.3,Marketplace,Boleto,Completed,Leandro
3658,ORD01450,PRD048,Corsair RM750 Modular,PSU,Corsair,CUS0121,2023-05-03,08:52:55,2023,5,109.99,47,1,0.05,104.49,59.84,57.3,Phone,PIX,Completed,Fernanda
3659,ORD01451,PRD053,Noctua NH-D15,Cooler,Noctua,CUS0064,2022-07-15,20:52:35,2022,7,99.99,43,1,0.0,99.99,56.99,57.0,In-Store,Credit Card,Completed,Gabriel
3660,ORD01451,PRD045,AMD RX 6700 XT 12GB,GPU,AMD,CUS0064,2022-07-15,20:52:35,2022,7,399.99,172,1,0.0,399.99,227.99,57.0,Phone,Bank Transfer,Completed,Gabriel
3661,ORD01452,PRD048,Corsair RM750 Modular,PSU,Corsair,CUS0319,2023-10-14,21:11:53,2023,10,109.99,47,1,0.1,98.99,56.69,57.3,Online,Bank Transfer,Completed,Sandra
3662,ORD01452,PRD044,AMD RX 6600 8GB,GPU,AMD,CUS0319,2023-10-14,21:11:53,2023,10,289.99,124,1,0.1,260.99,149.39,57.2,Marketplace,Bank Transfer,Completed,Sandra
3663,ORD01453,PRD043,NVIDIA RTX 4080 16GB,GPU,NVIDIA,CUS0040,2023-01-28,12:41:59,2023,1,1199.99,516,1,0.0,1199.99,683.99,57.0,In-Store,Cash,Completed,Daniela
3664,ORD01453,PRD036,AMD Ryzen 9 5900X,Processor,AMD,CUS0040,2023-01-28,12:41:59,2023,1,449.99,193,1,0.25,337.49,192.74,57.1,In-Store,Debit Card,Completed,Daniela
3665,ORD01453,PRD039,NVIDIA RTX 3070 8GB,GPU,NVIDIA,CUS0040,2023-01-28,12:41:59,2023,1,499.99,215,2,0.05,949.98,541.48,57.0,Phone,Credit Card,Completed,Daniela
3666,ORD01454,PRD008,Samsung 970 EVO 2TB,Storage,Samsung,CUS0001,2022-06-13,08:53:32,2022,6,219.99,94,1,0.05,208.99,119.69,57.3,Phone,PIX,Completed,Henrique
3667,ORD01454,PRD025,MSI PRO Z690-A,Motherboard,MSI,CUS0001,2022-06-13,08:53:32,2022,6,189.99,81,3,0.1,512.97,294.27,57.4,Online,Cash,Completed,Henrique
3668,ORD01454,PRD053,Noctua NH-D15,Cooler,Noctua,CUS0001,2022-06-13,08:53:32,2022,6,99.99,43,1,0.0,99.99,56.99,57.0,Online,Credit Card,Completed,Henrique
3669,ORD01455,PRD050,EVGA SuperNOVA 650W,PSU,EVGA,CUS0304,2024-03-30,21:29:30,2024,3,89.99,38,2,0.0,179.98,103.98,57.8,Reseller,Debit Card,Completed,Juliana
3670,ORD01456,PRD015,Corsair Vengeance 32GB DDR4,Memory,Corsair,CUS0406,2024-08-12,08:34:05,2024,8,109.99,47,1,0.0,109.99,62.99,57.3,Reseller,Credit Card,Completed,Fabio
3671,ORD01456,PRD004,Samsung 870 EVO 500GB,Storage,Samsung,CUS0406,2024-08-12,08:34:05,2024,8,79.99,34,1,0.0,79.99,45.99,57.5,Reseller,Cash,Completed,Fabio
3672,ORD01456,PRD044,AMD RX 6600 8GB,GPU,AMD,CUS0406,2024-08-12,08:34:05,2024,8,289.99,124,3,0.0,869.97,497.97,57.2,Reseller,Cash,Completed,Fabio
3673,ORD01456,PRD039,NVIDIA RTX 3070 8GB,GPU,NVIDIA,CUS0406,2024-08-12,08:34:05,2024,8,499.99,215,1,0.0,499.99,284.99,57.0,Online,PIX,Completed,Fabio
3674,ORD01457,PRD014,Corsair Vengeance 16GB DDR4,Memory,Corsair,CUS0205,2024-01-25,12:12:39,2024,1,59.99,25,1,0.0,59.99,34.99,58.3,Phone,Credit Card,Completed,Leonardo
3675,ORD01457,PRD042,NVIDIA RTX 4070 12GB,GPU,NVIDIA,CUS0205,2024-01-25,12:12:39,2024,1,599.99,258,2,0.05,1139.98,649.78,57.0,Reseller,Cash,Completed,Leonardo
3676,ORD01457,PRD016,G.Skill Trident Z5 16GB DDR5,Memory,G.Skill,CUS0205,2024-01-25,12:12:39,2024,1,79.99,34,3,0.15,203.97,117.27,57.5,Phone,Debit Card,Completed,Leonardo
3677,ORD01458,PRD058,DeepCool AK620,Cooler,DeepCool,CUS0122,2022-11-26,18:48:52,2022,11,54.99,23,1,0.15,46.74,27.19,58.2,In-Store,Cash,Completed,Claudia
3678,ORD01458,PRD050,EVGA SuperNOVA 650W,PSU,EVGA,CUS0122,2022-11-26,18:48:52,2022,11,89.99,38,1,0.05,85.49,49.39,57.8,Marketplace,PIX,Completed,Claudia
3679,ORD01459,PRD037,AMD Ryzen 9 7900X,Processor,AMD,CUS0012,2023-06-03,09:11:00,2023,6,549.99,236,1,0.2,439.99,251.19,57.1,Marketplace,Bank Transfer,Completed,Monica
3680,ORD01459,PRD033,AMD Ryzen 5 5600X,Processor,AMD,CUS0012,2023-06-03,09:11:00,2023,6,229.99,98,1,0.0,229.99,131.99,57.4,In-Store,Debit Card,Completed,Monica
3681,ORD01459,PRD054,Noctua NH-U12S,Cooler,Noctua,CUS0012,2023-06-03,09:11:00,2023,6,69.99,30,1,0.1,62.99,35.99,57.1,Marketplace,Boleto,Completed,Monica
3682,ORD01460,PRD002,Kingston A400 480GB,Storage,Kingston,CUS0117,2024-06-17,14:12:48,2024,6,49.99,21,1,0.0,49.99,28.99,58.0,Online,PIX,Completed,Vanessa
3683,ORD01460,PRD042,NVIDIA RTX 4070 12GB,GPU,NVIDIA,CUS0117,2024-06-17,14:12:48,2024,6,599.99,258,2,0.0,1199.98,683.98,57.0,Online,Boleto,Completed,Vanessa
3684,ORD01460,PRD026,Gigabyte B550 AORUS Elite,Motherboard,Gigabyte,CUS0117,2024-06-17,14:12:48,2024,6,169.99,72,1,0.0,169.99,97.99,57.6,Phone,Bank Transfer,Completed,Vanessa
3685,ORD01460,PRD039,NVIDIA RTX 3070 8GB,GPU,NVIDIA,CUS0117,2024-06-17,14:12:48,2024,6,499.99,215,1,0.0,499.99,284.99,57.0,In-Store,Bank Transfer,Completed,Vanessa
3686,ORD01461,PRD005,Samsung 870 EVO 1TB,Storage,Samsung,CUS0015,2023-05-06,13:57:55,2023,5,129.99,56,1,0.0,129.99,73.99,56.9,Phone,Boleto,Completed,Sergio
3687,ORD01461,PRD010,WD Blue 1TB HDD,Storage,WD,CUS0015,2023-05-06,13:57:55,2023,5,44.99,19,1,0.05,42.74,24.69,57.8,Online,Debit Card,Completed,Sergio
3688,ORD01461,PRD039,NVIDIA RTX 3070 8GB,GPU,NVIDIA,CUS0015,2023-05-06,13:57:55,2023,5,499.99,215,1,0.1,449.99,256.49,57.0,Reseller,Boleto,Completed,Sergio
3689,ORD01461,PRD055,Corsair H100i RGB 240mm,Cooler,Corsair,CUS0015,2023-05-06,13:57:55,2023,5,129.99,56,1,0.0,129.99,73.99,56.9,Online,Debit Card,Completed,Sergio
3690,ORD01462,PRD043,NVIDIA RTX 4080 16GB,GPU,NVIDIA,CUS0180,2024-04-02,10:24:04,2024,4,1199.99,516,1,0.1,1079.99,615.59,57.0,Online,Cash,Completed,Larissa
3691,ORD01462,PRD011,Seagate Barracuda 2TB,Storage,Seagate,CUS0180,2024-04-02,10:24:04,2024,4,54.99,23,1,0.15,46.74,27.19,58.2,Marketplace,Cash,Completed,Larissa
3692,ORD01462,PRD001,Kingston A400 240GB,Storage,Kingston,CUS0180,2024-04-02,10:24:04,2024,4,29.99,13,1,0.0,29.99,16.99,56.7,Reseller,Bank Transfer,Completed,Larissa
3693,ORD01463,PRD003,Kingston A400 960GB,Storage,Kingston,CUS0208,2023-07-30,16:48:27,2023,7,89.99,38,1,0.0,89.99,51.99,57.8,Reseller,Debit Card,Completed,Diego
3694,ORD01463,PRD025,MSI PRO Z690-A,Motherboard,MSI,CUS0208,2023-07-30,16:48:27,2023,7,189.99,81,1,0.05,180.49,103.54,57.4,Reseller,Credit Card,Completed,Diego
3695,ORD01464,PRD057,NZXT Kraken X73 360mm,Cooler,NZXT,CUS0305,2024-05-09,18:27:26,2024,5,189.99,81,2,0.05,360.98,207.08,57.4,Online,Cash,Completed,Natalia
3696,ORD01464,PRD012,Seagate Barracuda 4TB,Storage,Seagate,CUS0305,2024-05-09,18:27:26,2024,5,89.99,38,1,0.05,85.49,49.39,57.8,Phone,Bank Transfer,Completed,Natalia
3697,ORD01464,PRD020,Kingston Fury Beast 32GB DDR4,Memory,Kingston,CUS0305,2024-05-09,18:27:26,2024,5,99.99,43,1,0.0,99.99,56.99,57.0,Online,PIX,Completed,Natalia
3698,ORD01465,PRD039,NVIDIA RTX 3070 8GB,GPU,NVIDIA,CUS0134,2023-05-04,09:00:42,2023,5,499.99,215,2,0.0,999.98,569.98,57.0,Phone,Debit Card,Completed,Bruno
3699,ORD01465,PRD055,Corsair H100i RGB 240mm,Cooler,Corsair,CUS0134,2023-05-04,09:00:42,2023,5,129.99,56,1,0.15,110.49,62.89,56.9,Online,Bank Transfer,Completed,Bruno
3700,ORD01465,PRD048,Corsair RM750 Modular,PSU,Corsair,CUS0134,2023-05-04,09:00:42,2023,5,109.99,47,1,0.05,104.49,59.84,57.3,In-Store,PIX,Completed,Bruno
3701,ORD01466,PRD024,MSI MAG B550M MORTAR,Motherboard,MSI,CUS0101,2024-12-13,09:30:41,2024,12,129.99,55,1,0.0,129.99,74.99,57.7,Reseller,Debit Card,Completed,Beatriz
3702,ORD01467,PRD027,Gigabyte Z790 AORUS Master,Motherboard,Gigabyte,CUS0158,2024-02-03,08:38:04,2024,2,449.99,193,1,0.1,404.99,231.29,57.1,Phone,Boleto,Completed,Aline
3703,ORD01467,PRD060,Thermaltake UX200 ARGB,Cooler,Thermaltake,CUS0158,2024-02-03,08:38:04,2024,2,34.99,15,2,0.1,62.98,35.98,57.1,Reseller,Boleto,Completed,Aline
3704,ORD01467,PRD009,WD Black SN850 1TB,Storage,WD,CUS0158,2024-02-03,08:38:04,2024,2,109.99,47,1,0.05,104.49,59.84,57.3,In-Store,PIX,Completed,Aline
3705,ORD01467,PRD048,Corsair RM750 Modular,PSU,Corsair,CUS0158,2024-02-03,08:38:04,2024,2,109.99,47,1,0.2,87.99,50.39,57.3,Phone,Debit Card,Completed,Aline
3706,ORD01468,PRD050,EVGA SuperNOVA 650W,PSU,EVGA,CUS0451,2023-09-22,13:43:26,2023,9,89.99,38,1,0.0,89.99,51.99,57.8,Phone,Bank Transfer,Completed,Ricardo
3707,ORD01468,PRD037,AMD Ryzen 9 7900X,Processor,AMD,CUS0451,2023-09-22,13:43:26,2023,9,549.99,236,2,0.0,1099.98,627.98,57.1,Marketplace,Debit Card,Completed,Ricardo
3708,ORD01468,PRD014,Corsair Vengeance 16GB DDR4,Memory,Corsair,CUS0451,2023-09-22,13:43:26,2023,9,59.99,25,1,0.05,56.99,33.24,58.3,In-Store,Bank Transfer,Completed,Ricardo
3709,ORD01468,PRD058,DeepCool AK620,Cooler,DeepCool,CUS0451,2023-09-22,13:43:26,2023,9,54.99,23,1,0.0,54.99,31.99,58.2,Marketplace,Debit Card,Completed,Ricardo
3710,ORD01469,PRD041,NVIDIA RTX 4060 8GB,GPU,NVIDIA,CUS0105,2024-08-16,21:44:00,2024,8,299.99,129,1,0.0,299.99,170.99,57.0,In-Store,Cash,Completed,Paulo
3711,ORD01469,PRD047,Corsair RM650 Modular,PSU,Corsair,CUS0105,2024-08-16,21:44:00,2024,8,89.99,38,1,0.05,85.49,49.39,57.8,In-Store,PIX,Completed,Paulo
3712,ORD01469,PRD031,Intel Core i7-12700K,Processor,Intel,CUS0105,2024-08-16,21:44:00,2024,8,369.99,159,3,0.0,1109.97,632.97,57.0,Online,Bank Transfer,Completed,Paulo
3713,ORD01470,PRD008,Samsung 970 EVO 2TB,Storage,Samsung,CUS0454,2023-05-25,14:16:11,2023,5,219.99,94,3,0.0,659.97,377.97,57.3,Phone,Boleto,Completed,Ricardo
3714,ORD01470,PRD006,Samsung 970 EVO 500GB,Storage,Samsung,CUS0454,2023-05-25,14:16:11,2023,5,69.99,29,1,0.05,66.49,38.94,58.6,In-Store,Boleto,Completed,Ricardo
3715,ORD01470,PRD047,Corsair RM650 Modular,PSU,Corsair,CUS0454,2023-05-25,14:16:11,2023,5,89.99,38,1,0.15,76.49,44.19,57.8,Phone,PIX,Completed,Ricardo
3716,ORD01470,PRD005,Samsung 870 EVO 1TB,Storage,Samsung,CUS0454,2023-05-25,14:16:11,2023,5,129.99,56,4,0.1,467.96,266.36,56.9,Marketplace,Credit Card,Completed,Ricardo
3717,ORD01471,PRD006,Samsung 970 EVO 500GB,Storage,Samsung,CUS0320,2024-10-02,13:55:32,2024,10,69.99,29,3,0.0,209.97,122.97,58.6,Marketplace,Boleto,Completed,Alexandre
3718,ORD01471,PRD020,Kingston Fury Beast 32GB DDR4,Memory,Kingston,CUS0320,2024-10-02,13:55:32,2024,10,99.99,43,3,0.0,299.97,170.97,57.0,Reseller,PIX,Completed,Alexandre
3719,ORD01471,PRD049,Corsair RM850 Modular,PSU,Corsair,CUS0320,2024-10-02,13:55:32,2024,10,139.99,60,2,0.0,279.98,159.98,57.1,Phone,PIX,Completed,Alexandre
3720,ORD01472,PRD028,Intel Core i3-12100,Processor,Intel,CUS0372,2024-04-20,14:48:13,2024,4,119.99,51,1,0.2,95.99,55.19,57.5,Reseller,Bank Transfer,Completed,Priscila
3721,ORD01473,PRD013,Corsair Vengeance 8GB DDR4,Memory,Corsair,CUS0226,2022-03-05,15:22:29,2022,3,29.99,12,1,0.1,26.99,16.19,60.0,In-Store,Boleto,Completed,João
3722,ORD01473,PRD041,NVIDIA RTX 4060 8GB,GPU,NVIDIA,CUS0226,2022-03-05,15:22:29,2022,3,299.99,129,2,0.25,449.99,256.49,57.0,In-Store,Bank Transfer,Completed,João
3723,ORD01473,PRD057,NZXT Kraken X73 360mm,Cooler,NZXT,CUS0226,2022-03-05,15:22:29,2022,3,189.99,81,2,0.1,341.98,196.18,57.4,In-Store,Credit Card,Completed,João
3724,ORD01473,PRD051,be quiet! Straight Power 850W,PSU,be quiet!,CUS0226,2022-03-05,15:22:29,2022,3,169.99,73,1,0.0,169.99,96.99,57.1,In-Store,Debit Card,Completed,João
3725,ORD01474,PRD015,Corsair Vengeance 32GB DDR4,Memory,Corsair,CUS0395,2023-02-12,17:43:18,2023,2,109.99,47,1,0.05,104.49,59.84,57.3,Phone,Cash,Completed,Fernanda
3726,ORD01475,PRD034,AMD Ryzen 5 7600X,Processor,AMD,CUS0072,2022-09-23,18:44:34,2022,9,249.99,107,3,0.0,749.97,428.97,57.2,Reseller,Boleto,Completed,Roberto
3727,ORD01475,PRD048,Corsair RM750 Modular,PSU,Corsair,CUS0072,2022-09-23,18:44:34,2022,9,109.99,47,1,0.2,87.99,50.39,57.3,Marketplace,Boleto,Completed,Roberto
3728,ORD01475,PRD056,Corsair H150i Elite 360mm,Cooler,Corsair,CUS0072,2022-09-23,18:44:34,2022,9,169.99,73,1,0.2,135.99,77.59,57.1,In-Store,Debit Card,Completed,Roberto
3729,ORD01475,PRD028,Intel Core i3-12100,Processor,Intel,CUS0072,2022-09-23,18:44:34,2022,9,119.99,51,2,0.05,227.98,131.08,57.5,Phone,Debit Card,Completed,Roberto
3730,ORD01476,PRD006,Samsung 970 EVO 500GB,Storage,Samsung,CUS0019,2024-10-24,21:23:01,2024,10,69.99,29,1,0.0,69.99,40.99,58.6,Online,PIX,Completed,Diego
3731,ORD01476,PRD054,Noctua NH-U12S,Cooler,Noctua,CUS0019,2024-10-24,21:23:01,2024,10,69.99,30,1,0.0,69.99,39.99,57.1,In-Store,Boleto,Completed,Diego
3732,ORD01476,PRD028,Intel Core i3-12100,Processor,Intel,CUS0019,2024-10-24,21:23:01,2024,10,119.99,51,1,0.0,119.99,68.99,57.5,Marketplace,Boleto,Completed,Diego
3733,ORD01477,PRD054,Noctua NH-U12S,Cooler,Noctua,CUS0165,2022-11-18,09:10:36,2022,11,69.99,30,1,0.05,66.49,37.99,57.1,Marketplace,Bank Transfer,Completed,Isabela
3734,ORD01477,PRD023,ASUS TUF Gaming B660M,Motherboard,ASUS,CUS0165,2022-11-18,09:10:36,2022,11,159.99,68,3,0.0,479.97,275.97,57.5,Reseller,Boleto,Completed,Isabela
3735,ORD01477,PRD050,EVGA SuperNOVA 650W,PSU,EVGA,CUS0165,2022-11-18,09:10:36,2022,11,89.99,38,1,0.0,89.99,51.99,57.8,Reseller,PIX,Completed,Isabela
3736,ORD01477,PRD007,Samsung 970 EVO 1TB,Storage,Samsung,CUS0165,2022-11-18,09:10:36,2022,11,119.99,51,1,0.1,107.99,62.09,57.5,Phone,PIX,Completed,Isabela
3737,ORD01478,PRD019,Kingston Fury Beast 16GB DDR4,Memory,Kingston,CUS0305,2024-06-27,14:10:36,2024,6,54.99,23,1,0.0,54.99,31.99,58.2,In-Store,PIX,Completed,Natalia
3738,ORD01479,PRD010,WD Blue 1TB HDD,Storage,WD,CUS0462,2024-07-02,17:03:02,2024,7,44.99,19,1,0.0,44.99,25.99,57.8,Marketplace,Cash,Completed,Felipe
3739,ORD01480,PRD029,Intel Core i5-12400,Processor,Intel,CUS0429,2024-09-02,12:52:34,2024,9,199.99,86,1,0.05,189.99,108.29,57.0,Marketplace,Boleto,Completed,Beatriz
3740,ORD01480,PRD060,Thermaltake UX200 ARGB,Cooler,Thermaltake,CUS0429,2024-09-02,12:52:34,2024,9,34.99,15,1,0.05,33.24,18.99,57.1,In-Store,Boleto,Completed,Beatriz
3741,ORD01480,PRD033,AMD Ryzen 5 5600X,Processor,AMD,CUS0429,2024-09-02,12:52:34,2024,9,229.99,98,1,0.0,229.99,131.99,57.4,Marketplace,Credit Card,Completed,Beatriz
3742,ORD01480,PRD021,ASUS ROG Strix B550-F,Motherboard,ASUS,CUS0429,2024-09-02,12:52:34,2024,9,219.99,94,1,0.05,208.99,119.69,57.3,Online,Debit Card,Completed,Beatriz
3743,ORD01481,PRD020,Kingston Fury Beast 32GB DDR4,Memory,Kingston,CUS0290,2024-01-10,10:36:08,2024,1,99.99,43,4,0.0,399.96,227.96,57.0,In-Store,Bank Transfer,Completed,Felipe
3744,ORD01481,PRD053,Noctua NH-D15,Cooler,Noctua,CUS0290,2024-01-10,10:36:08,2024,1,99.99,43,1,0.0,99.99,56.99,57.0,Online,Bank Transfer,Completed,Felipe
3745,ORD01481,PRD034,AMD Ryzen 5 7600X,Processor,AMD,CUS0290,2024-01-10,10:36:08,2024,1,249.99,107,2,0.1,449.98,257.38,57.2,Marketplace,Bank Transfer,Completed,Felipe
3746,ORD01481,PRD039,NVIDIA RTX 3070 8GB,GPU,NVIDIA,CUS0290,2024-01-10,10:36:08,2024,1,499.99,215,1,0.0,499.99,284.99,57.0,Online,PIX,Completed,Felipe
3747,ORD01482,PRD042,NVIDIA RTX 4070 12GB,GPU,NVIDIA,CUS0266,2023-04-13,16:32:49,2023,4,599.99,258,1,0.2,479.99,273.59,57.0,Reseller,Cash,Completed,Juliana
3748,ORD01482,PRD035,AMD Ryzen 7 5800X3D,Processor,AMD,CUS0266,2023-04-13,16:32:49,2023,4,349.99,150,1,0.1,314.99,179.99,57.1,Phone,Credit Card,Completed,Juliana
3749,ORD01483,PRD016,G.Skill Trident Z5 16GB DDR5,Memory,G.Skill,CUS0063,2023-02-13,17:44:08,2023,2,79.99,34,4,0.05,303.96,174.76,57.5,Online,Bank Transfer,Completed,Leticia
3750,ORD01483,PRD024,MSI MAG B550M MORTAR,Motherboard,MSI,CUS0063,2023-02-13,17:44:08,2023,2,129.99,55,2,0.1,233.98,134.98,57.7,Reseller,PIX,Completed,Leticia
3751,ORD01483,PRD007,Samsung 970 EVO 1TB,Storage,Samsung,CUS0063,2023-02-13,17:44:08,2023,2,119.99,51,1,0.05,113.99,65.54,57.5,Reseller,PIX,Completed,Leticia
3752,ORD01484,PRD004,Samsung 870 EVO 500GB,Storage,Samsung,CUS0325,2023-09-13,16:29:01,2023,9,79.99,34,1,0.1,71.99,41.39,57.5,In-Store,Boleto,Completed,Maria
3753,ORD01484,PRD049,Corsair RM850 Modular,PSU,Corsair,CUS0325,2023-09-13,16:29:01,2023,9,139.99,60,1,0.0,139.99,79.99,57.1,Phone,PIX,Completed,Maria
3754,ORD01484,PRD035,AMD Ryzen 7 5800X3D,Processor,AMD,CUS0325,2023-09-13,16:29:01,2023,9,349.99,150,1,0.0,349.99,199.99,57.1,Phone,Credit Card,Completed,Maria
3755,ORD01484,PRD048,Corsair RM750 Modular,PSU,Corsair,CUS0325,2023-09-13,16:29:01,2023,9,109.99,47,2,0.0,219.98,125.98,57.3,Reseller,Bank Transfer,Completed,Maria
3756,ORD01485,PRD048,Corsair RM750 Modular,PSU,Corsair,CUS0067,2023-12-02,16:50:44,2023,12,109.99,47,2,0.0,219.98,125.98,57.3,Online,Boleto,Completed,Maria
3757,ORD01486,PRD050,EVGA SuperNOVA 650W,PSU,EVGA,CUS0121,2024-12-23,12:36:37,2024,12,89.99,38,1,0.15,76.49,44.19,57.8,Phone,Cash,Completed,Fernanda
3758,ORD01486,PRD041,NVIDIA RTX 4060 8GB,GPU,NVIDIA,CUS0121,2024-12-23,12:36:37,2024,12,299.99,129,3,0.0,899.97,512.97,57.0,Reseller,Bank Transfer,Completed,Fernanda
3759,ORD01486,PRD058,DeepCool AK620,Cooler,DeepCool,CUS0121,2024-12-23,12:36:37,2024,12,54.99,23,1,0.15,46.74,27.19,58.2,Phone,PIX,Completed,Fernanda
3760,ORD01486,PRD027,Gigabyte Z790 AORUS Master,Motherboard,Gigabyte,CUS0121,2024-12-23,12:36:37,2024,12,449.99,193,1,0.0,449.99,256.99,57.1,Marketplace,Boleto,Completed,Fernanda
3761,ORD01487,PRD033,AMD Ryzen 5 5600X,Processor,AMD,CUS0131,2023-04-06,08:34:11,2023,4,229.99,98,1,0.05,218.49,125.39,57.4,In-Store,Boleto,Completed,Eduardo
3762,ORD01488,PRD023,ASUS TUF Gaming B660M,Motherboard,ASUS,CUS0049,2022-09-29,13:02:54,2022,9,159.99,68,1,0.1,143.99,82.79,57.5,Reseller,Boleto,Completed,Leticia
3763,ORD01488,PRD060,Thermaltake UX200 ARGB,Cooler,Thermaltake,CUS0049,2022-09-29,13:02:54,2022,9,34.99,15,3,0.0,104.97,59.97,57.1,Online,PIX,Completed,Leticia
3764,ORD01489,PRD013,Corsair Vengeance 8GB DDR4,Memory,Corsair,CUS0441,2024-10-14,19:50:19,2024,10,29.99,12,1,0.0,29.99,17.99,60.0,Phone,Boleto,Completed,Rodrigo
3765,ORD01490,PRD045,AMD RX 6700 XT 12GB,GPU,AMD,CUS0291,2024-04-14,10:17:54,2024,4,399.99,172,2,0.0,799.98,455.98,57.0,In-Store,Cash,Completed,Pedro
3766,ORD01490,PRD041,NVIDIA RTX 4060 8GB,GPU,NVIDIA,CUS0291,2024-04-14,10:17:54,2024,4,299.99,129,2,0.2,479.98,273.58,57.0,In-Store,Bank Transfer,Completed,Pedro
3767,ORD01490,PRD034,AMD Ryzen 5 7600X,Processor,AMD,CUS0291,2024-04-14,10:17:54,2024,4,249.99,107,1,0.1,224.99,128.69,57.2,Reseller,Bank Transfer,Completed,Pedro
3768,ORD01490,PRD054,Noctua NH-U12S,Cooler,Noctua,CUS0291,2024-04-14,10:17:54,2024,4,69.99,30,2,0.05,132.98,75.98,57.1,Phone,Boleto,Completed,Pedro
3769,ORD01491,PRD047,Corsair RM650 Modular,PSU,Corsair,CUS0061,2022-10-23,19:29:30,2022,10,89.99,38,1,0.0,89.99,51.99,57.8,Marketplace,Boleto,Completed,Marcelo
3770,ORD01491,PRD030,Intel Core i5-13600K,Processor,Intel,CUS0061,2022-10-23,19:29:30,2022,10,279.99,120,1,0.15,237.99,135.99,57.1,Reseller,Credit Card,Completed,Marcelo
3771,ORD01491,PRD011,Seagate Barracuda 2TB,Storage,Seagate,CUS0061,2022-10-23,19:29:30,2022,10,54.99,23,2,0.05,104.48,60.78,58.2,Marketplace,Debit Card,Completed,Marcelo
3772,ORD01491,PRD032,Intel Core i9-12900K,Processor,Intel,CUS0061,2022-10-23,19:29:30,2022,10,569.99,245,1,0.0,569.99,324.99,57.0,Reseller,PIX,Completed,Marcelo
3773,ORD01492,PRD047,Corsair RM650 Modular,PSU,Corsair,CUS0403,2022-04-18,20:46:14,2022,4,89.99,38,1,0.0,89.99,51.99,57.8,In-Store,PIX,Completed,Marcelo
3774,ORD01492,PRD001,Kingston A400 240GB,Storage,Kingston,CUS0403,2022-04-18,20:46:14,2022,4,29.99,13,1,0.0,29.99,16.99,56.7,In-Store,PIX,Completed,Marcelo
3775,ORD01492,PRD019,Kingston Fury Beast 16GB DDR4,Memory,Kingston,CUS0403,2022-04-18,20:46:14,2022,4,54.99,23,1,0.0,54.99,31.99,58.2,Marketplace,Cash,Completed,Marcelo
3776,ORD01493,PRD010,WD Blue 1TB HDD,Storage,WD,CUS0159,2023-12-24,18:01:06,2023,12,44.99,19,1,0.0,44.99,25.99,57.8,Online,PIX,Completed,Alexandre
3777,ORD01494,PRD030,Intel Core i5-13600K,Processor,Intel,CUS0165,2024-11-22,11:29:06,2024,11,279.99,120,1,0.0,279.99,159.99,57.1,Reseller,PIX,Completed,Isabela
3778,ORD01495,PRD039,NVIDIA RTX 3070 8GB,GPU,NVIDIA,CUS0378,2022-03-24,18:02:23,2022,3,499.99,215,1,0.0,499.99,284.99,57.0,In-Store,PIX,Completed,Leonardo
3779,ORD01495,PRD031,Intel Core i7-12700K,Processor,Intel,CUS0378,2022-03-24,18:02:23,2022,3,369.99,159,4,0.2,1183.97,675.17,57.0,Online,Bank Transfer,Completed,Leonardo
3780,ORD01495,PRD020,Kingston Fury Beast 32GB DDR4,Memory,Kingston,CUS0378,2022-03-24,18:02:23,2022,3,99.99,43,1,0.05,94.99,54.14,57.0,Marketplace,Debit Card,Completed,Leonardo
3781,ORD01496,PRD006,Samsung 970 EVO 500GB,Storage,Samsung,CUS0395,2024-12-22,11:03:30,2024,12,69.99,29,1,0.0,69.99,40.99,58.6,Marketplace,Cash,Completed,Fernanda
3782,ORD01496,PRD009,WD Black SN850 1TB,Storage,WD,CUS0395,2024-12-22,11:03:30,2024,12,109.99,47,3,0.2,263.98,151.18,57.3,In-Store,PIX,Completed,Fernanda
3783,ORD01497,PRD011,Seagate Barracuda 2TB,Storage,Seagate,CUS0241,2023-04-11,10:48:47,2023,4,54.99,23,1,0.0,54.99,31.99,58.2,Reseller,Debit Card,Completed,Monica
3784,ORD01497,PRD047,Corsair RM650 Modular,PSU,Corsair,CUS0241,2023-04-11,10:48:47,2023,4,89.99,38,1,0.0,89.99,51.99,57.8,Online,Boleto,Completed,Monica
3785,ORD01498,PRD025,MSI PRO Z690-A,Motherboard,MSI,CUS0448,2024-12-25,20:47:12,2024,12,189.99,81,1,0.15,161.49,92.64,57.4,In-Store,Cash,Completed,Natalia
3786,ORD01498,PRD007,Samsung 970 EVO 1TB,Storage,Samsung,CUS0448,2024-12-25,20:47:12,2024,12,119.99,51,1,0.0,119.99,68.99,57.5,Phone,Debit Card,Completed,Natalia
3787,ORD01499,PRD023,ASUS TUF Gaming B660M,Motherboard,ASUS,CUS0159,2022-04-29,19:05:33,2022,4,159.99,68,1,0.1,143.99,82.79,57.5,Phone,Credit Card,Completed,Alexandre
3788,ORD01500,PRD048,Corsair RM750 Modular,PSU,Corsair,CUS0078,2024-12-09,16:08:25,2024,12,109.99,47,1,0.05,104.49,59.84,57.3,Reseller,Debit Card,Completed,Daniela
3789,ORD01500,PRD010,WD Blue 1TB HDD,Storage,WD,CUS0078,2024-12-09,16:08:25,2024,12,44.99,19,1,0.05,42.74,24.69,57.8,Reseller,Debit Card,Completed,Daniela
3790,ORD01500,PRD054,Noctua NH-U12S,Cooler,Noctua,CUS0078,2024-12-09,16:08:25,2024,12,69.99,30,3,0.0,209.97,119.97,57.1,Marketplace,Credit Card,Completed,Daniela
3791,ORD01501,PRD018,G.Skill Trident Z5 64GB DDR5,Memory,G.Skill,CUS0284,2023-12-18,20:18:38,2023,12,289.99,124,1,0.0,289.99,165.99,57.2,Marketplace,Bank Transfer,Completed,João
3792,ORD01501,PRD004,Samsung 870 EVO 500GB,Storage,Samsung,CUS0284,2023-12-18,20:18:38,2023,12,79.99,34,3,0.0,239.97,137.97,57.5,Reseller,Debit Card,Completed,João
3793,ORD01501,PRD045,AMD RX 6700 XT 12GB,GPU,AMD,CUS0284,2023-12-18,20:18:38,2023,12,399.99,172,2,0.05,759.98,433.18,57.0,Reseller,PIX,Completed,João
3794,ORD01502,PRD039,NVIDIA RTX 3070 8GB,GPU,NVIDIA,CUS0169,2024-07-25,21:47:14,2024,7,499.99,215,2,0.2,799.98,455.98,57.0,Reseller,Bank Transfer,Completed,Larissa
3795,ORD01503,PRD023,ASUS TUF Gaming B660M,Motherboard,ASUS,CUS0224,2024-11-13,16:14:44,2024,11,159.99,68,3,0.0,479.97,275.97,57.5,Online,Credit Card,Completed,Ana
3796,ORD01503,PRD050,EVGA SuperNOVA 650W,PSU,EVGA,CUS0224,2024-11-13,16:14:44,2024,11,89.99,38,1,0.05,85.49,49.39,57.8,Online,Bank Transfer,Completed,Ana
3797,ORD01504,PRD028,Intel Core i3-12100,Processor,Intel,CUS0364,2022-02-20,22:19:27,2022,2,119.99,51,1,0.0,119.99,68.99,57.5,Phone,Cash,Completed,Gabriel
3798,ORD01504,PRD009,WD Black SN850 1TB,Storage,WD,CUS0364,2022-02-20,22:19:27,2022,2,109.99,47,1,0.0,109.99,62.99,57.3,Reseller,Credit Card,Completed,Gabriel
3799,ORD01504,PRD002,Kingston A400 480GB,Storage,Kingston,CUS0364,2022-02-20,22:19:27,2022,2,49.99,21,1,0.0,49.99,28.99,58.0,In-Store,PIX,Completed,Gabriel
3800,ORD01504,PRD017,G.Skill Trident Z5 32GB DDR5,Memory,G.Skill,CUS0364,2022-02-20,22:19:27,2022,2,149.99,64,1,0.0,149.99,85.99,57.3,Online,Debit Card,Completed,Gabriel
3801,ORD01505,PRD029,Intel Core i5-12400,Processor,Intel,CUS0203,2024-12-28,14:39:09,2024,12,199.99,86,3,0.05,569.97,324.87,57.0,Online,Cash,Completed,Rodrigo
3802,ORD01506,PRD003,Kingston A400 960GB,Storage,Kingston,CUS0073,2023-07-03,17:10:34,2023,7,89.99,38,1,0.0,89.99,51.99,57.8,Marketplace,Boleto,Completed,Fernanda
3803,ORD01507,PRD024,MSI MAG B550M MORTAR,Motherboard,MSI,CUS0272,2023-08-09,14:07:00,2023,8,129.99,55,2,0.0,259.98,149.98,57.7,Online,Cash,Completed,Tatiana
3804,ORD01507,PRD040,NVIDIA RTX 3080 10GB,GPU,NVIDIA,CUS0272,2023-08-09,14:07:00,2023,8,699.99,301,1,0.15,594.99,339.14,57.0,Online,Boleto,Completed,Tatiana
3805,ORD01507,PRD020,Kingston Fury Beast 32GB DDR4,Memory,Kingston,CUS0272,2023-08-09,14:07:00,2023,8,99.99,43,2,0.1,179.98,102.58,57.0,In-Store,Debit Card,Completed,Tatiana
3806,ORD01508,PRD030,Intel Core i5-13600K,Processor,Intel,CUS0265,2023-06-18,15:30:17,2023,6,279.99,120,3,0.0,839.97,479.97,57.1,In-Store,Bank Transfer,Completed,Daniela
3807,ORD01508,PRD043,NVIDIA RTX 4080 16GB,GPU,NVIDIA,CUS0265,2023-06-18,15:30:17,2023,6,1199.99,516,1,0.1,1079.99,615.59,57.0,Reseller,Boleto,Completed,Daniela
3808,ORD01508,PRD022,ASUS ROG Strix Z690-A,Motherboard,ASUS,CUS0265,2023-06-18,15:30:17,2023,6,319.99,137,2,0.0,639.98,365.98,57.2,Online,Credit Card,Completed,Daniela
3809,ORD01509,PRD028,Intel Core i3-12100,Processor,Intel,CUS0162,2023-08-07,20:08:13,2023,8,119.99,51,2,0.0,239.98,137.98,57.5,Reseller,Cash,Completed,Larissa
3810,ORD01509,PRD052,Thermaltake Toughpower 1000W,PSU,Thermaltake,CUS0162,2023-08-07,20:08:13,2023,8,189.99,81,1,0.0,189.99,108.99,57.4,In-Store,Boleto,Completed,Larissa
3811,ORD01509,PRD055,Corsair H100i RGB 240mm,Cooler,Corsair,CUS0162,2023-08-07,20:08:13,2023,8,129.99,56,1,0.1,116.99,66.59,56.9,Reseller,Credit Card,Completed,Larissa
3812,ORD01510,PRD011,Seagate Barracuda 2TB,Storage,Seagate,CUS0109,2023-11-09,12:03:06,2023,11,54.99,23,1,0.05,52.24,30.39,58.2,Online,Cash,Completed,Vanessa
3813,ORD01510,PRD035,AMD Ryzen 7 5800X3D,Processor,AMD,CUS0109,2023-11-09,12:03:06,2023,11,349.99,150,3,0.0,1049.97,599.97,57.1,In-Store,Boleto,Completed,Vanessa
3814,ORD01510,PRD015,Corsair Vengeance 32GB DDR4,Memory,Corsair,CUS0109,2023-11-09,12:03:06,2023,11,109.99,47,1,0.0,109.99,62.99,57.3,Marketplace,Cash,Completed,Vanessa
3815,ORD01510,PRD001,Kingston A400 240GB,Storage,Kingston,CUS0109,2023-11-09,12:03:06,2023,11,29.99,13,1,0.05,28.49,16.14,56.7,In-Store,Boleto,Completed,Vanessa
3816,ORD01511,PRD050,EVGA SuperNOVA 650W,PSU,EVGA,CUS0232,2024-01-26,13:02:00,2024,1,89.99,38,2,0.05,170.98,98.78,57.8,Marketplace,Debit Card,Completed,Carla
3817,ORD01512,PRD035,AMD Ryzen 7 5800X3D,Processor,AMD,CUS0252,2022-07-19,22:29:46,2022,7,349.99,150,2,0.05,664.98,379.98,57.1,In-Store,Bank Transfer,Completed,Lucas
3818,ORD01512,PRD031,Intel Core i7-12700K,Processor,Intel,CUS0252,2022-07-19,22:29:46,2022,7,369.99,159,1,0.2,295.99,168.79,57.0,Phone,PIX,Completed,Lucas
3819,ORD01513,PRD032,Intel Core i9-12900K,Processor,Intel,CUS0146,2023-07-28,09:41:47,2023,7,569.99,245,1,0.05,541.49,308.74,57.0,Reseller,Bank Transfer,Completed,Claudia
3820,ORD01514,PRD028,Intel Core i3-12100,Processor,Intel,CUS0051,2023-12-29,12:38:06,2023,12,119.99,51,1,0.0,119.99,68.99,57.5,Online,Cash,Completed,Renata
3821,ORD01515,PRD011,Seagate Barracuda 2TB,Storage,Seagate,CUS0163,2024-09-13,09:53:24,2024,9,54.99,23,1,0.0,54.99,31.99,58.2,Phone,Credit Card,Completed,Beatriz
3822,ORD01516,PRD025,MSI PRO Z690-A,Motherboard,MSI,CUS0193,2023-11-08,22:29:40,2023,11,189.99,81,1,0.0,189.99,108.99,57.4,In-Store,PIX,Completed,Adriana
3823,ORD01516,PRD024,MSI MAG B550M MORTAR,Motherboard,MSI,CUS0193,2023-11-08,22:29:40,2023,11,129.99,55,2,0.05,246.98,142.48,57.7,Reseller,Boleto,Completed,Adriana
3824,ORD01517,PRD023,ASUS TUF Gaming B660M,Motherboard,ASUS,CUS0323,2022-06-10,17:39:03,2022,6,159.99,68,1,0.0,159.99,91.99,57.5,Reseller,Cash,Completed,Leandro
3825,ORD01517,PRD021,ASUS ROG Strix B550-F,Motherboard,ASUS,CUS0323,2022-06-10,17:39:03,2022,6,219.99,94,2,0.2,351.98,201.58,57.3,Reseller,Credit Card,Completed,Leandro
3826,ORD01517,PRD056,Corsair H150i Elite 360mm,Cooler,Corsair,CUS0323,2022-06-10,17:39:03,2022,6,169.99,73,1,0.15,144.49,82.44,57.1,Reseller,Credit Card,Completed,Leandro
3827,ORD01517,PRD039,NVIDIA RTX 3070 8GB,GPU,NVIDIA,CUS0323,2022-06-10,17:39:03,2022,6,499.99,215,1,0.05,474.99,270.74,57.0,Online,Boleto,Completed,Leandro
3828,ORD01518,PRD056,Corsair H150i Elite 360mm,Cooler,Corsair,CUS0176,2022-03-03,16:44:10,2022,3,169.99,73,2,0.1,305.98,174.58,57.1,In-Store,Boleto,Completed,Sergio
3829,ORD01518,PRD005,Samsung 870 EVO 1TB,Storage,Samsung,CUS0176,2022-03-03,16:44:10,2022,3,129.99,56,2,0.1,233.98,133.18,56.9,Marketplace,Debit Card,Completed,Sergio
3830,ORD01519,PRD038,NVIDIA RTX 3060 12GB,GPU,NVIDIA,CUS0390,2023-11-11,21:10:10,2023,11,329.99,141,1,0.05,313.49,179.54,57.3,Reseller,Cash,Completed,Gabriel
3831,ORD01519,PRD028,Intel Core i3-12100,Processor,Intel,CUS0390,2023-11-11,21:10:10,2023,11,119.99,51,1,0.1,107.99,62.09,57.5,Phone,Debit Card,Completed,Gabriel
3832,ORD01520,PRD022,ASUS ROG Strix Z690-A,Motherboard,ASUS,CUS0484,2022-01-03,13:22:32,2022,1,319.99,137,3,0.0,959.97,548.97,57.2,Reseller,Cash,Completed,Mariana
3833,ORD01520,PRD056,Corsair H150i Elite 360mm,Cooler,Corsair,CUS0484,2022-01-03,13:22:32,2022,1,169.99,73,1,0.0,169.99,96.99,57.1,Online,Debit Card,Completed,Mariana
3834,ORD01520,PRD006,Samsung 970 EVO 500GB,Storage,Samsung,CUS0484,2022-01-03,13:22:32,2022,1,69.99,29,2,0.0,139.98,81.98,58.6,Reseller,Boleto,Completed,Mariana
3835,ORD01521,PRD059,Cooler Master Hyper 212,Cooler,Cooler Master,CUS0170,2022-01-23,12:17:23,2022,1,39.99,17,3,0.0,119.97,68.97,57.5,In-Store,PIX,Completed,Maria
3836,ORD01521,PRD010,WD Blue 1TB HDD,Storage,WD,CUS0170,2022-01-23,12:17:23,2022,1,44.99,19,1,0.0,44.99,25.99,57.8,Online,Cash,Completed,Maria
3837,ORD01522,PRD040,NVIDIA RTX 3080 10GB,GPU,NVIDIA,CUS0312,2023-08-06,22:22:02,2023,8,699.99,301,1,0.0,699.99,398.99,57.0,Online,Boleto,Completed,Daniela
3838,ORD01522,PRD037,AMD Ryzen 9 7900X,Processor,AMD,CUS0312,2023-08-06,22:22:02,2023,8,549.99,236,3,0.0,1649.97,941.97,57.1,Marketplace,PIX,Completed,Daniela
3839,ORD01523,PRD059,Cooler Master Hyper 212,Cooler,Cooler Master,CUS0002,2024-08-12,21:54:39,2024,8,39.99,17,1,0.1,35.99,20.69,57.5,Phone,Cash,Completed,André
3840,ORD01523,PRD015,Corsair Vengeance 32GB DDR4,Memory,Corsair,CUS0002,2024-08-12,21:54:39,2024,8,109.99,47,2,0.15,186.98,107.08,57.3,Reseller,PIX,Completed,André
3841,ORD01523,PRD018,G.Skill Trident Z5 64GB DDR5,Memory,G.Skill,CUS0002,2024-08-12,21:54:39,2024,8,289.99,124,1,0.2,231.99,132.79,57.2,Reseller,Boleto,Completed,André
3842,ORD01524,PRD052,Thermaltake Toughpower 1000W,PSU,Thermaltake,CUS0250,2023-12-21,11:39:34,2023,12,189.99,81,1,0.05,180.49,103.54,57.4,In-Store,Bank Transfer,Completed,Fernanda
3843,ORD01525,PRD045,AMD RX 6700 XT 12GB,GPU,AMD,CUS0135,2023-03-27,12:17:05,2023,3,399.99,172,3,0.1,1079.97,615.57,57.0,In-Store,PIX,Completed,Daniela
3844,ORD01525,PRD002,Kingston A400 480GB,Storage,Kingston,CUS0135,2023-03-27,12:17:05,2023,3,49.99,21,3,0.0,149.97,86.97,58.0,Marketplace,Cash,Completed,Daniela
3845,ORD01526,PRD032,Intel Core i9-12900K,Processor,Intel,CUS0104,2024-10-24,19:32:34,2024,10,569.99,245,1,0.0,569.99,324.99,57.0,In-Store,Boleto,Completed,Claudia
3846,ORD01526,PRD041,NVIDIA RTX 4060 8GB,GPU,NVIDIA,CUS0104,2024-10-24,19:32:34,2024,10,299.99,129,1,0.0,299.99,170.99,57.0,In-Store,Cash,Completed,Claudia
3847,ORD01526,PRD042,NVIDIA RTX 4070 12GB,GPU,NVIDIA,CUS0104,2024-10-24,19:32:34,2024,10,599.99,258,2,0.05,1139.98,649.78,57.0,Online,Credit Card,Completed,Claudia
3848,ORD01527,PRD004,Samsung 870 EVO 500GB,Storage,Samsung,CUS0328,2024-07-02,08:06:50,2024,7,79.99,34,1,0.15,67.99,39.09,57.5,Phone,Credit Card,Completed,Lucas
3849,ORD01527,PRD005,Samsung 870 EVO 1TB,Storage,Samsung,CUS0328,2024-07-02,08:06:50,2024,7,129.99,56,3,0.0,389.97,221.97,56.9,Reseller,Cash,Completed,Lucas
3850,ORD01527,PRD060,Thermaltake UX200 ARGB,Cooler,Thermaltake,CUS0328,2024-07-02,08:06:50,2024,7,34.99,15,2,0.15,59.48,33.98,57.1,Marketplace,PIX,Completed,Lucas
3851,ORD01528,PRD047,Corsair RM650 Modular,PSU,Corsair,CUS0087,2023-03-27,12:13:18,2023,3,89.99,38,1,0.1,80.99,46.79,57.8,Reseller,PIX,Completed,Priscila
3852,ORD01528,PRD027,Gigabyte Z790 AORUS Master,Motherboard,Gigabyte,CUS0087,2023-03-27,12:13:18,2023,3,449.99,193,1,0.05,427.49,244.14,57.1,In-Store,Cash,Completed,Priscila
3853,ORD01528,PRD003,Kingston A400 960GB,Storage,Kingston,CUS0087,2023-03-27,12:13:18,2023,3,89.99,38,2,0.0,179.98,103.98,57.8,In-Store,Credit Card,Completed,Priscila
3854,ORD01529,PRD049,Corsair RM850 Modular,PSU,Corsair,CUS0110,2024-01-31,17:18:11,2024,1,139.99,60,1,0.05,132.99,75.99,57.1,Online,Bank Transfer,Completed,Isabela
3855,ORD01529,PRD056,Corsair H150i Elite 360mm,Cooler,Corsair,CUS0110,2024-01-31,17:18:11,2024,1,169.99,73,1,0.2,135.99,77.59,57.1,Phone,Bank Transfer,Completed,Isabela
3856,ORD01529,PRD036,AMD Ryzen 9 5900X,Processor,AMD,CUS0110,2024-01-31,17:18:11,2024,1,449.99,193,1,0.0,449.99,256.99,57.1,Online,Credit Card,Completed,Isabela
3857,ORD01529,PRD003,Kingston A400 960GB,Storage,Kingston,CUS0110,2024-01-31,17:18:11,2024,1,89.99,38,1,0.0,89.99,51.99,57.8,Phone,Bank Transfer,Completed,Isabela
3858,ORD01530,PRD044,AMD RX 6600 8GB,GPU,AMD,CUS0421,2022-07-11,12:41:36,2022,7,289.99,124,1,0.15,246.49,141.09,57.2,Reseller,Bank Transfer,Completed,Felipe
3859,ORD01530,PRD031,Intel Core i7-12700K,Processor,Intel,CUS0421,2022-07-11,12:41:36,2022,7,369.99,159,1,0.0,369.99,210.99,57.0,Reseller,Credit Card,Completed,Felipe
3860,ORD01531,PRD004,Samsung 870 EVO 500GB,Storage,Samsung,CUS0324,2024-04-21,10:50:52,2024,4,79.99,34,1,0.15,67.99,39.09,57.5,In-Store,Credit Card,Completed,Felipe
3861,ORD01531,PRD014,Corsair Vengeance 16GB DDR4,Memory,Corsair,CUS0324,2024-04-21,10:50:52,2024,4,59.99,25,1,0.0,59.99,34.99,58.3,In-Store,Debit Card,Completed,Felipe
3862,ORD01531,PRD026,Gigabyte B550 AORUS Elite,Motherboard,Gigabyte,CUS0324,2024-04-21,10:50:52,2024,4,169.99,72,2,0.1,305.98,176.38,57.6,Marketplace,Boleto,Completed,Felipe
3863,ORD01532,PRD039,NVIDIA RTX 3070 8GB,GPU,NVIDIA,CUS0262,2023-06-09,13:13:09,2023,6,499.99,215,1,0.0,499.99,284.99,57.0,Reseller,Debit Card,Completed,Leandro
3864,ORD01532,PRD017,G.Skill Trident Z5 32GB DDR5,Memory,G.Skill,CUS0262,2023-06-09,13:13:09,2023,6,149.99,64,1,0.15,127.49,73.09,57.3,Phone,Boleto,Completed,Leandro
3865,ORD01532,PRD022,ASUS ROG Strix Z690-A,Motherboard,ASUS,CUS0262,2023-06-09,13:13:09,2023,6,319.99,137,1,0.0,319.99,182.99,57.2,Marketplace,Cash,Completed,Leandro
3866,ORD01532,PRD025,MSI PRO Z690-A,Motherboard,MSI,CUS0262,2023-06-09,13:13:09,2023,6,189.99,81,1,0.15,161.49,92.64,57.4,In-Store,PIX,Completed,Leandro
3867,ORD01533,PRD060,Thermaltake UX200 ARGB,Cooler,Thermaltake,CUS0050,2022-09-16,09:08:37,2022,9,34.99,15,1,0.05,33.24,18.99,57.1,In-Store,Cash,Completed,Viviane
3868,ORD01533,PRD040,NVIDIA RTX 3080 10GB,GPU,NVIDIA,CUS0050,2022-09-16,09:08:37,2022,9,699.99,301,1,0.05,664.99,379.04,57.0,Online,Credit Card,Completed,Viviane
3869,ORD01533,PRD012,Seagate Barracuda 4TB,Storage,Seagate,CUS0050,2022-09-16,09:08:37,2022,9,89.99,38,1,0.0,89.99,51.99,57.8,Phone,Credit Card,Completed,Viviane
3870,ORD01533,PRD011,Seagate Barracuda 2TB,Storage,Seagate,CUS0050,2022-09-16,09:08:37,2022,9,54.99,23,1,0.0,54.99,31.99,58.2,Marketplace,PIX,Completed,Viviane
3871,ORD01534,PRD039,NVIDIA RTX 3070 8GB,GPU,NVIDIA,CUS0283,2023-08-23,18:25:12,2023,8,499.99,215,1,0.0,499.99,284.99,57.0,In-Store,Debit Card,Completed,Sergio
3872,ORD01534,PRD060,Thermaltake UX200 ARGB,Cooler,Thermaltake,CUS0283,2023-08-23,18:25:12,2023,8,34.99,15,2,0.0,69.98,39.98,57.1,Online,Debit Card,Completed,Sergio
3873,ORD01535,PRD045,AMD RX 6700 XT 12GB,GPU,AMD,CUS0158,2024-07-31,17:29:25,2024,7,399.99,172,1,0.0,399.99,227.99,57.0,Online,Cash,Completed,Aline
3874,ORD01536,PRD004,Samsung 870 EVO 500GB,Storage,Samsung,CUS0427,2024-08-12,19:50:48,2024,8,79.99,34,1,0.15,67.99,39.09,57.5,Reseller,Boleto,Completed,Diego
3875,ORD01537,PRD005,Samsung 870 EVO 1TB,Storage,Samsung,CUS0213,2023-12-12,11:38:47,2023,12,129.99,56,1,0.05,123.49,70.29,56.9,Reseller,Boleto,Completed,Isabela
3876,ORD01537,PRD016,G.Skill Trident Z5 16GB DDR5,Memory,G.Skill,CUS0213,2023-12-12,11:38:47,2023,12,79.99,34,1,0.0,79.99,45.99,57.5,Reseller,Cash,Completed,Isabela
3877,ORD01538,PRD021,ASUS ROG Strix B550-F,Motherboard,ASUS,CUS0242,2022-01-13,17:30:14,2022,1,219.99,94,1,0.05,208.99,119.69,57.3,In-Store,Credit Card,Completed,Gabriel
3878,ORD01539,PRD023,ASUS TUF Gaming B660M,Motherboard,ASUS,CUS0468,2023-02-13,09:39:01,2023,2,159.99,68,1,0.0,159.99,91.99,57.5,In-Store,Bank Transfer,Completed,Carlos
3879,ORD01539,PRD052,Thermaltake Toughpower 1000W,PSU,Thermaltake,CUS0468,2023-02-13,09:39:01,2023,2,189.99,81,1,0.0,189.99,108.99,57.4,Marketplace,Credit Card,Completed,Carlos
3880,ORD01539,PRD030,Intel Core i5-13600K,Processor,Intel,CUS0468,2023-02-13,09:39:01,2023,2,279.99,120,1,0.0,279.99,159.99,57.1,Marketplace,PIX,Completed,Carlos
3881,ORD01539,PRD014,Corsair Vengeance 16GB DDR4,Memory,Corsair,CUS0468,2023-02-13,09:39:01,2023,2,59.99,25,1,0.05,56.99,33.24,58.3,Phone,Boleto,Completed,Carlos
3882,ORD01540,PRD006,Samsung 970 EVO 500GB,Storage,Samsung,CUS0424,2023-08-05,10:14:47,2023,8,69.99,29,4,0.0,279.96,163.96,58.6,Phone,Boleto,Completed,Thiago
3883,ORD01540,PRD034,AMD Ryzen 5 7600X,Processor,AMD,CUS0424,2023-08-05,10:14:47,2023,8,249.99,107,3,0.0,749.97,428.97,57.2,Phone,Boleto,Completed,Thiago
3884,ORD01540,PRD044,AMD RX 6600 8GB,GPU,AMD,CUS0424,2023-08-05,10:14:47,2023,8,289.99,124,1,0.25,217.49,124.49,57.2,Reseller,Cash,Completed,Thiago
3885,ORD01540,PRD059,Cooler Master Hyper 212,Cooler,Cooler Master,CUS0424,2023-08-05,10:14:47,2023,8,39.99,17,1,0.15,33.99,19.54,57.5,Reseller,PIX,Completed,Thiago
3886,ORD01541,PRD041,NVIDIA RTX 4060 8GB,GPU,NVIDIA,CUS0446,2023-06-03,08:07:02,2023,6,299.99,129,1,0.0,299.99,170.99,57.0,Marketplace,Debit Card,Completed,Carlos
3887,ORD01541,PRD035,AMD Ryzen 7 5800X3D,Processor,AMD,CUS0446,2023-06-03,08:07:02,2023,6,349.99,150,2,0.0,699.98,399.98,57.1,Marketplace,Boleto,Completed,Carlos
3888,ORD01541,PRD022,ASUS ROG Strix Z690-A,Motherboard,ASUS,CUS0446,2023-06-03,08:07:02,2023,6,319.99,137,2,0.0,639.98,365.98,57.2,Online,Boleto,Completed,Carlos
3889,ORD01542,PRD010,WD Blue 1TB HDD,Storage,WD,CUS0146,2024-11-21,15:40:33,2024,11,44.99,19,1,0.0,44.99,25.99,57.8,Reseller,Credit Card,Completed,Claudia
3890,ORD01542,PRD022,ASUS ROG Strix Z690-A,Motherboard,ASUS,CUS0146,2024-11-21,15:40:33,2024,11,319.99,137,1,0.15,271.99,155.54,57.2,In-Store,Bank Transfer,Completed,Claudia
3891,ORD01542,PRD023,ASUS TUF Gaming B660M,Motherboard,ASUS,CUS0146,2024-11-21,15:40:33,2024,11,159.99,68,1,0.0,159.99,91.99,57.5,Reseller,Cash,Completed,Claudia
3892,ORD01542,PRD012,Seagate Barracuda 4TB,Storage,Seagate,CUS0146,2024-11-21,15:40:33,2024,11,89.99,38,2,0.0,179.98,103.98,57.8,Reseller,Bank Transfer,Completed,Claudia
3893,ORD01543,PRD007,Samsung 970 EVO 1TB,Storage,Samsung,CUS0325,2023-04-10,08:22:34,2023,4,119.99,51,1,0.15,101.99,58.64,57.5,Phone,Boleto,Completed,Maria
3894,ORD01544,PRD023,ASUS TUF Gaming B660M,Motherboard,ASUS,CUS0214,2022-07-08,21:53:53,2022,7,159.99,68,3,0.0,479.97,275.97,57.5,Online,PIX,Completed,Beatriz
3895,ORD01544,PRD001,Kingston A400 240GB,Storage,Kingston,CUS0214,2022-07-08,21:53:53,2022,7,29.99,13,2,0.0,59.98,33.98,56.7,Reseller,Credit Card,Completed,Beatriz
3896,ORD01544,PRD032,Intel Core i9-12900K,Processor,Intel,CUS0214,2022-07-08,21:53:53,2022,7,569.99,245,1,0.05,541.49,308.74,57.0,Marketplace,Debit Card,Completed,Beatriz
3897,ORD01544,PRD038,NVIDIA RTX 3060 12GB,GPU,NVIDIA,CUS0214,2022-07-08,21:53:53,2022,7,329.99,141,2,0.0,659.98,377.98,57.3,Phone,Cash,Completed,Beatriz
3898,ORD01545,PRD003,Kingston A400 960GB,Storage,Kingston,CUS0236,2024-01-01,10:40:26,2024,1,89.99,38,3,0.0,269.97,155.97,57.8,In-Store,Boleto,Completed,Aline
3899,ORD01545,PRD035,AMD Ryzen 7 5800X3D,Processor,AMD,CUS0236,2024-01-01,10:40:26,2024,1,349.99,150,1,0.0,349.99,199.99,57.1,Phone,Boleto,Completed,Aline
3900,ORD01545,PRD033,AMD Ryzen 5 5600X,Processor,AMD,CUS0236,2024-01-01,10:40:26,2024,1,229.99,98,1,0.05,218.49,125.39,57.4,Phone,Cash,Completed,Aline
3901,ORD01546,PRD027,Gigabyte Z790 AORUS Master,Motherboard,Gigabyte,CUS0276,2023-01-26,14:02:07,2023,1,449.99,193,1,0.05,427.49,244.14,57.1,Phone,Cash,Completed,Aline
3902,ORD01547,PRD052,Thermaltake Toughpower 1000W,PSU,Thermaltake,CUS0490,2024-03-16,22:40:33,2024,3,189.99,81,1,0.0,189.99,108.99,57.4,In-Store,Credit Card,Completed,Isabela
3903,ORD01547,PRD008,Samsung 970 EVO 2TB,Storage,Samsung,CUS0490,2024-03-16,22:40:33,2024,3,219.99,94,2,0.1,395.98,226.78,57.3,Phone,Boleto,Completed,Isabela
3904,ORD01547,PRD049,Corsair RM850 Modular,PSU,Corsair,CUS0490,2024-03-16,22:40:33,2024,3,139.99,60,3,0.0,419.97,239.97,57.1,Reseller,Cash,Completed,Isabela
3905,ORD01548,PRD015,Corsair Vengeance 32GB DDR4,Memory,Corsair,CUS0336,2024-09-28,20:50:26,2024,9,109.99,47,1,0.1,98.99,56.69,57.3,Marketplace,Cash,Completed,André
3906,ORD01548,PRD053,Noctua NH-D15,Cooler,Noctua,CUS0336,2024-09-28,20:50:26,2024,9,99.99,43,1,0.05,94.99,54.14,57.0,Phone,Debit Card,Completed,André
3907,ORD01549,PRD054,Noctua NH-U12S,Cooler,Noctua,CUS0046,2022-10-11,19:28:26,2022,10,69.99,30,1,0.0,69.99,39.99,57.1,Online,PIX,Completed,Fernanda
3908,ORD01550,PRD013,Corsair Vengeance 8GB DDR4,Memory,Corsair,CUS0018,2024-07-01,15:00:16,2024,7,29.99,12,1,0.0,29.99,17.99,60.0,Phone,Credit Card,Completed,Camila
3909,ORD01550,PRD010,WD Blue 1TB HDD,Storage,WD,CUS0018,2024-07-01,15:00:16,2024,7,44.99,19,1,0.0,44.99,25.99,57.8,Reseller,PIX,Completed,Camila
3910,ORD01550,PRD022,ASUS ROG Strix Z690-A,Motherboard,ASUS,CUS0018,2024-07-01,15:00:16,2024,7,319.99,137,2,0.1,575.98,329.38,57.2,In-Store,PIX,Completed,Camila
3911,ORD01551,PRD033,AMD Ryzen 5 5600X,Processor,AMD,CUS0260,2024-05-20,21:00:30,2024,5,229.99,98,1,0.0,229.99,131.99,57.4,In-Store,Bank Transfer,Completed,Ana
3912,ORD01552,PRD034,AMD Ryzen 5 7600X,Processor,AMD,CUS0256,2024-12-28,18:48:57,2024,12,249.99,107,2,0.05,474.98,271.68,57.2,In-Store,Cash,Completed,Pedro
3913,ORD01552,PRD050,EVGA SuperNOVA 650W,PSU,EVGA,CUS0256,2024-12-28,18:48:57,2024,12,89.99,38,1,0.05,85.49,49.39,57.8,Marketplace,PIX,Completed,Pedro
3914,ORD01553,PRD050,EVGA SuperNOVA 650W,PSU,EVGA,CUS0273,2023-06-03,10:19:43,2023,6,89.99,38,4,0.0,359.96,207.96,57.8,Marketplace,Credit Card,Completed,Camila
3915,ORD01553,PRD059,Cooler Master Hyper 212,Cooler,Cooler Master,CUS0273,2023-06-03,10:19:43,2023,6,39.99,17,2,0.0,79.98,45.98,57.5,In-Store,Boleto,Completed,Camila
3916,ORD01554,PRD020,Kingston Fury Beast 32GB DDR4,Memory,Kingston,CUS0295,2023-01-10,08:34:09,2023,1,99.99,43,4,0.2,319.97,182.37,57.0,In-Store,Cash,Completed,Marcelo
3917,ORD01555,PRD040,NVIDIA RTX 3080 10GB,GPU,NVIDIA,CUS0401,2024-09-15,16:04:47,2024,9,699.99,301,3,0.15,1784.97,1017.42,57.0,Online,Boleto,Completed,Isabela
3918,ORD01555,PRD013,Corsair Vengeance 8GB DDR4,Memory,Corsair,CUS0401,2024-09-15,16:04:47,2024,9,29.99,12,1,0.05,28.49,17.09,60.0,Online,Boleto,Completed,Isabela
3919,ORD01555,PRD039,NVIDIA RTX 3070 8GB,GPU,NVIDIA,CUS0401,2024-09-15,16:04:47,2024,9,499.99,215,1,0.05,474.99,270.74,57.0,Marketplace,Credit Card,Completed,Isabela
3920,ORD01556,PRD048,Corsair RM750 Modular,PSU,Corsair,CUS0433,2023-10-15,22:16:38,2023,10,109.99,47,1,0.0,109.99,62.99,57.3,Reseller,Debit Card,Completed,Matheus
3921,ORD01556,PRD056,Corsair H150i Elite 360mm,Cooler,Corsair,CUS0433,2023-10-15,22:16:38,2023,10,169.99,73,2,0.1,305.98,174.58,57.1,In-Store,Boleto,Completed,Matheus
3922,ORD01556,PRD039,NVIDIA RTX 3070 8GB,GPU,NVIDIA,CUS0433,2023-10-15,22:16:38,2023,10,499.99,215,2,0.0,999.98,569.98,57.0,In-Store,Credit Card,Completed,Matheus
3923,ORD01556,PRD020,Kingston Fury Beast 32GB DDR4,Memory,Kingston,CUS0433,2023-10-15,22:16:38,2023,10,99.99,43,1,0.0,99.99,56.99,57.0,In-Store,Cash,Completed,Matheus
3924,ORD01557,PRD037,AMD Ryzen 9 7900X,Processor,AMD,CUS0303,2024-01-10,20:18:29,2024,1,549.99,236,1,0.15,467.49,266.89,57.1,Reseller,Cash,Completed,Gabriel
3925,ORD01558,PRD002,Kingston A400 480GB,Storage,Kingston,CUS0484,2024-06-20,16:07:11,2024,6,49.99,21,1,0.1,44.99,26.09,58.0,In-Store,PIX,Completed,Mariana
3926,ORD01558,PRD058,DeepCool AK620,Cooler,DeepCool,CUS0484,2024-06-20,16:07:11,2024,6,54.99,23,1,0.05,52.24,30.39,58.2,Phone,Boleto,Completed,Mariana
3927,ORD01559,PRD015,Corsair Vengeance 32GB DDR4,Memory,Corsair,CUS0094,2023-12-01,11:13:32,2023,12,109.99,47,2,0.25,164.98,94.48,57.3,Phone,Debit Card,Completed,Monica
3928,ORD01559,PRD057,NZXT Kraken X73 360mm,Cooler,NZXT,CUS0094,2023-12-01,11:13:32,2023,12,189.99,81,1,0.0,189.99,108.99,57.4,Reseller,Bank Transfer,Completed,Monica
3929,ORD01559,PRD060,Thermaltake UX200 ARGB,Cooler,Thermaltake,CUS0094,2023-12-01,11:13:32,2023,12,34.99,15,1,0.0,34.99,19.99,57.1,Online,Credit Card,Completed,Monica
3930,ORD01559,PRD037,AMD Ryzen 9 7900X,Processor,AMD,CUS0094,2023-12-01,11:13:32,2023,12,549.99,236,1,0.0,549.99,313.99,57.1,Marketplace,Credit Card,Completed,Monica
3931,ORD01560,PRD044,AMD RX 6600 8GB,GPU,AMD,CUS0029,2024-03-06,14:34:23,2024,3,289.99,124,1,0.05,275.49,157.69,57.2,Reseller,Boleto,Completed,Leonardo
3932,ORD01561,PRD009,WD Black SN850 1TB,Storage,WD,CUS0499,2022-10-03,10:02:11,2022,10,109.99,47,1,0.1,98.99,56.69,57.3,Phone,Credit Card,Completed,Matheus
3933,ORD01561,PRD022,ASUS ROG Strix Z690-A,Motherboard,ASUS,CUS0499,2022-10-03,10:02:11,2022,10,319.99,137,2,0.05,607.98,347.68,57.2,Marketplace,Bank Transfer,Completed,Matheus
3934,ORD01561,PRD057,NZXT Kraken X73 360mm,Cooler,NZXT,CUS0499,2022-10-03,10:02:11,2022,10,189.99,81,1,0.0,189.99,108.99,57.4,Online,Credit Card,Completed,Matheus
3935,ORD01561,PRD012,Seagate Barracuda 4TB,Storage,Seagate,CUS0499,2022-10-03,10:02:11,2022,10,89.99,38,3,0.05,256.47,148.17,57.8,Reseller,Debit Card,Completed,Matheus
3936,ORD01562,PRD055,Corsair H100i RGB 240mm,Cooler,Corsair,CUS0153,2023-06-18,10:20:49,2023,6,129.99,56,2,0.0,259.98,147.98,56.9,In-Store,PIX,Completed,Ricardo
3937,ORD01562,PRD035,AMD Ryzen 7 5800X3D,Processor,AMD,CUS0153,2023-06-18,10:20:49,2023,6,349.99,150,1,0.05,332.49,189.99,57.1,Marketplace,Debit Card,Completed,Ricardo
3938,ORD01563,PRD058,DeepCool AK620,Cooler,DeepCool,CUS0408,2024-07-19,22:34:50,2024,7,54.99,23,2,0.05,104.48,60.78,58.2,Marketplace,PIX,Completed,Claudia
3939,ORD01563,PRD034,AMD Ryzen 5 7600X,Processor,AMD,CUS0408,2024-07-19,22:34:50,2024,7,249.99,107,2,0.05,474.98,271.68,57.2,Phone,Debit Card,Completed,Claudia
3940,ORD01563,PRD009,WD Black SN850 1TB,Storage,WD,CUS0408,2024-07-19,22:34:50,2024,7,109.99,47,1,0.05,104.49,59.84,57.3,Marketplace,PIX,Completed,Claudia
3941,ORD01564,PRD023,ASUS TUF Gaming B660M,Motherboard,ASUS,CUS0402,2024-09-09,22:21:20,2024,9,159.99,68,1,0.1,143.99,82.79,57.5,Online,Cash,Completed,Ricardo
3942,ORD01564,PRD042,NVIDIA RTX 4070 12GB,GPU,NVIDIA,CUS0402,2024-09-09,22:21:20,2024,9,599.99,258,3,0.05,1709.97,974.67,57.0,Reseller,Debit Card,Completed,Ricardo
3943,ORD01565,PRD057,NZXT Kraken X73 360mm,Cooler,NZXT,CUS0087,2024-06-23,16:18:26,2024,6,189.99,81,1,0.15,161.49,92.64,57.4,Reseller,PIX,Completed,Priscila
3944,ORD01565,PRD007,Samsung 970 EVO 1TB,Storage,Samsung,CUS0087,2024-06-23,16:18:26,2024,6,119.99,51,3,0.0,359.97,206.97,57.5,Online,Boleto,Completed,Priscila
3945,ORD01566,PRD053,Noctua NH-D15,Cooler,Noctua,CUS0064,2022-03-15,19:40:00,2022,3,99.99,43,1,0.15,84.99,48.44,57.0,Online,Debit Card,Completed,Gabriel
3946,ORD01567,PRD007,Samsung 970 EVO 1TB,Storage,Samsung,CUS0037,2024-12-13,14:01:47,2024,12,119.99,51,2,0.1,215.98,124.18,57.5,Phone,Boleto,Completed,Leandro
3947,ORD01567,PRD020,Kingston Fury Beast 32GB DDR4,Memory,Kingston,CUS0037,2024-12-13,14:01:47,2024,12,99.99,43,1,0.15,84.99,48.44,57.0,Online,Cash,Completed,Leandro
3948,ORD01567,PRD038,NVIDIA RTX 3060 12GB,GPU,NVIDIA,CUS0037,2024-12-13,14:01:47,2024,12,329.99,141,1,0.15,280.49,160.64,57.3,Reseller,PIX,Completed,Leandro
3949,ORD01567,PRD034,AMD Ryzen 5 7600X,Processor,AMD,CUS0037,2024-12-13,14:01:47,2024,12,249.99,107,1,0.0,249.99,142.99,57.2,Marketplace,Bank Transfer,Completed,Leandro
3950,ORD01568,PRD028,Intel Core i3-12100,Processor,Intel,CUS0263,2022-04-17,18:45:25,2022,4,119.99,51,1,0.0,119.99,68.99,57.5,In-Store,Bank Transfer,Completed,Sergio
3951,ORD01569,PRD015,Corsair Vengeance 32GB DDR4,Memory,Corsair,CUS0463,2023-09-21,14:12:40,2023,9,109.99,47,2,0.2,175.98,100.78,57.3,Online,Credit Card,Completed,Pedro
3952,ORD01569,PRD023,ASUS TUF Gaming B660M,Motherboard,ASUS,CUS0463,2023-09-21,14:12:40,2023,9,159.99,68,1,0.0,159.99,91.99,57.5,Marketplace,Boleto,Completed,Pedro
3953,ORD01569,PRD046,AMD RX 7900 XTX 24GB,GPU,AMD,CUS0463,2023-09-21,14:12:40,2023,9,999.99,430,1,0.0,999.99,569.99,57.0,Marketplace,Credit Card,Completed,Pedro
3954,ORD01569,PRD002,Kingston A400 480GB,Storage,Kingston,CUS0463,2023-09-21,14:12:40,2023,9,49.99,21,1,0.0,49.99,28.99,58.0,In-Store,PIX,Completed,Pedro
3955,ORD01570,PRD032,Intel Core i9-12900K,Processor,Intel,CUS0449,2024-12-24,22:57:12,2024,12,569.99,245,1,0.05,541.49,308.74,57.0,Marketplace,Debit Card,Completed,Matheus
3956,ORD01570,PRD024,MSI MAG B550M MORTAR,Motherboard,MSI,CUS0449,2024-12-24,22:57:12,2024,12,129.99,55,4,0.1,467.96,269.96,57.7,Phone,Credit Card,Completed,Matheus
3957,ORD01571,PRD043,NVIDIA RTX 4080 16GB,GPU,NVIDIA,CUS0113,2024-02-13,08:49:22,2024,2,1199.99,516,1,0.1,1079.99,615.59,57.0,In-Store,Bank Transfer,Completed,Priscila
3958,ORD01572,PRD020,Kingston Fury Beast 32GB DDR4,Memory,Kingston,CUS0279,2023-12-09,10:33:07,2023,12,99.99,43,1,0.05,94.99,54.14,57.0,Phone,Boleto,Completed,Paulo
3959,ORD01572,PRD021,ASUS ROG Strix B550-F,Motherboard,ASUS,CUS0279,2023-12-09,10:33:07,2023,12,219.99,94,4,0.05,835.96,478.76,57.3,In-Store,Cash,Completed,Paulo
3960,ORD01573,PRD038,NVIDIA RTX 3060 12GB,GPU,NVIDIA,CUS0083,2023-10-24,22:48:52,2023,10,329.99,141,1,0.1,296.99,170.09,57.3,In-Store,Bank Transfer,Completed,Roberto
3961,ORD01573,PRD031,Intel Core i7-12700K,Processor,Intel,CUS0083,2023-10-24,22:48:52,2023,10,369.99,159,2,0.0,739.98,421.98,57.0,In-Store,Debit Card,Completed,Roberto
3962,ORD01574,PRD025,MSI PRO Z690-A,Motherboard,MSI,CUS0175,2023-10-14,20:37:25,2023,10,189.99,81,1,0.05,180.49,103.54,57.4,Online,Boleto,Completed,Sandra
3963,ORD01574,PRD039,NVIDIA RTX 3070 8GB,GPU,NVIDIA,CUS0175,2023-10-14,20:37:25,2023,10,499.99,215,1,0.1,449.99,256.49,57.0,Reseller,Debit Card,Completed,Sandra
3964,ORD01574,PRD036,AMD Ryzen 9 5900X,Processor,AMD,CUS0175,2023-10-14,20:37:25,2023,10,449.99,193,4,0.15,1529.97,873.77,57.1,In-Store,Bank Transfer,Completed,Sandra
3965,ORD01574,PRD010,WD Blue 1TB HDD,Storage,WD,CUS0175,2023-10-14,20:37:25,2023,10,44.99,19,3,0.15,114.72,66.27,57.8,Phone,Debit Card,Completed,Sandra
3966,ORD01575,PRD049,Corsair RM850 Modular,PSU,Corsair,CUS0171,2023-06-11,11:59:39,2023,6,139.99,60,1,0.05,132.99,75.99,57.1,Phone,PIX,Completed,Vanessa
3967,ORD01575,PRD052,Thermaltake Toughpower 1000W,PSU,Thermaltake,CUS0171,2023-06-11,11:59:39,2023,6,189.99,81,1,0.0,189.99,108.99,57.4,Reseller,Cash,Completed,Vanessa
3968,ORD01576,PRD021,ASUS ROG Strix B550-F,Motherboard,ASUS,CUS0392,2023-11-12,17:14:49,2023,11,219.99,94,2,0.1,395.98,226.78,57.3,In-Store,Debit Card,Completed,Mariana
3969,ORD01576,PRD060,Thermaltake UX200 ARGB,Cooler,Thermaltake,CUS0392,2023-11-12,17:14:49,2023,11,34.99,15,2,0.0,69.98,39.98,57.1,Reseller,Cash,Completed,Mariana
3970,ORD01576,PRD059,Cooler Master Hyper 212,Cooler,Cooler Master,CUS0392,2023-11-12,17:14:49,2023,11,39.99,17,2,0.0,79.98,45.98,57.5,Phone,Credit Card,Completed,Mariana
3971,ORD01576,PRD057,NZXT Kraken X73 360mm,Cooler,NZXT,CUS0392,2023-11-12,17:14:49,2023,11,189.99,81,1,0.05,180.49,103.54,57.4,Marketplace,Bank Transfer,Completed,Mariana
3972,ORD01577,PRD053,Noctua NH-D15,Cooler,Noctua,CUS0266,2024-08-31,16:48:55,2024,8,99.99,43,3,0.15,254.97,145.32,57.0,Online,Credit Card,Completed,Juliana
3973,ORD01577,PRD038,NVIDIA RTX 3060 12GB,GPU,NVIDIA,CUS0266,2024-08-31,16:48:55,2024,8,329.99,141,1,0.1,296.99,170.09,57.3,Phone,Boleto,Completed,Juliana
3974,ORD01578,PRD035,AMD Ryzen 7 5800X3D,Processor,AMD,CUS0484,2022-06-28,18:06:26,2022,6,349.99,150,2,0.0,699.98,399.98,57.1,In-Store,Boleto,Completed,Mariana
3975,ORD01578,PRD056,Corsair H150i Elite 360mm,Cooler,Corsair,CUS0484,2022-06-28,18:06:26,2022,6,169.99,73,1,0.1,152.99,87.29,57.1,Phone,PIX,Completed,Mariana
3976,ORD01579,PRD024,MSI MAG B550M MORTAR,Motherboard,MSI,CUS0171,2023-04-18,13:13:43,2023,4,129.99,55,1,0.0,129.99,74.99,57.7,Reseller,Bank Transfer,Completed,Vanessa
3977,ORD01580,PRD029,Intel Core i5-12400,Processor,Intel,CUS0328,2022-12-12,21:14:58,2022,12,199.99,86,2,0.0,399.98,227.98,57.0,Reseller,Boleto,Completed,Lucas
3978,ORD01580,PRD025,MSI PRO Z690-A,Motherboard,MSI,CUS0328,2022-12-12,21:14:58,2022,12,189.99,81,1,0.15,161.49,92.64,57.4,In-Store,Debit Card,Completed,Lucas
3979,ORD01580,PRD021,ASUS ROG Strix B550-F,Motherboard,ASUS,CUS0328,2022-12-12,21:14:58,2022,12,219.99,94,1,0.0,219.99,125.99,57.3,Online,Bank Transfer,Completed,Lucas
3980,ORD01580,PRD009,WD Black SN850 1TB,Storage,WD,CUS0328,2022-12-12,21:14:58,2022,12,109.99,47,1,0.0,109.99,62.99,57.3,Marketplace,Debit Card,Completed,Lucas
3981,ORD01581,PRD035,AMD Ryzen 7 5800X3D,Processor,AMD,CUS0459,2022-01-13,17:51:06,2022,1,349.99,150,1,0.0,349.99,199.99,57.1,Marketplace,Debit Card,Completed,Maria
3982,ORD01582,PRD051,be quiet! Straight Power 850W,PSU,be quiet!,CUS0324,2024-01-03,08:30:26,2024,1,169.99,73,1,0.05,161.49,92.14,57.1,Marketplace,Credit Card,Completed,Felipe
3983,ORD01582,PRD023,ASUS TUF Gaming B660M,Motherboard,ASUS,CUS0324,2024-01-03,08:30:26,2024,1,159.99,68,1,0.0,159.99,91.99,57.5,Reseller,Cash,Completed,Felipe
3984,ORD01582,PRD037,AMD Ryzen 9 7900X,Processor,AMD,CUS0324,2024-01-03,08:30:26,2024,1,549.99,236,1,0.0,549.99,313.99,57.1,Online,Credit Card,Completed,Felipe
3985,ORD01583,PRD024,MSI MAG B550M MORTAR,Motherboard,MSI,CUS0060,2023-02-14,10:03:05,2023,2,129.99,55,2,0.0,259.98,149.98,57.7,Online,Bank Transfer,Completed,Thiago
3986,ORD01584,PRD018,G.Skill Trident Z5 64GB DDR5,Memory,G.Skill,CUS0005,2024-12-06,08:11:35,2024,12,289.99,124,4,0.0,1159.96,663.96,57.2,Reseller,Cash,Completed,João
3987,ORD01584,PRD037,AMD Ryzen 9 7900X,Processor,AMD,CUS0005,2024-12-06,08:11:35,2024,12,549.99,236,1,0.05,522.49,298.29,57.1,Online,Bank Transfer,Completed,João
3988,ORD01584,PRD016,G.Skill Trident Z5 16GB DDR5,Memory,G.Skill,CUS0005,2024-12-06,08:11:35,2024,12,79.99,34,1,0.2,63.99,36.79,57.5,Phone,Debit Card,Completed,João
3989,ORD01585,PRD051,be quiet! Straight Power 850W,PSU,be quiet!,CUS0411,2022-03-12,22:36:14,2022,3,169.99,73,3,0.0,509.97,290.97,57.1,In-Store,Credit Card,Completed,Viviane
3990,ORD01586,PRD009,WD Black SN850 1TB,Storage,WD,CUS0095,2023-11-09,19:36:48,2023,11,109.99,47,1,0.0,109.99,62.99,57.3,Online,Debit Card,Completed,Rafael
3991,ORD01586,PRD049,Corsair RM850 Modular,PSU,Corsair,CUS0095,2023-11-09,19:36:48,2023,11,139.99,60,1,0.0,139.99,79.99,57.1,Phone,Boleto,Completed,Rafael
3992,ORD01587,PRD051,be quiet! Straight Power 850W,PSU,be quiet!,CUS0016,2023-07-11,11:25:43,2023,7,169.99,73,2,0.0,339.98,193.98,57.1,Phone,Credit Card,Completed,Cristina
3993,ORD01587,PRD045,AMD RX 6700 XT 12GB,GPU,AMD,CUS0016,2023-07-11,11:25:43,2023,7,399.99,172,2,0.0,799.98,455.98,57.0,In-Store,Credit Card,Completed,Cristina
3994,ORD01587,PRD032,Intel Core i9-12900K,Processor,Intel,CUS0016,2023-07-11,11:25:43,2023,7,569.99,245,1,0.0,569.99,324.99,57.0,In-Store,Bank Transfer,Completed,Cristina
3995,ORD01587,PRD052,Thermaltake Toughpower 1000W,PSU,Thermaltake,CUS0016,2023-07-11,11:25:43,2023,7,189.99,81,1,0.1,170.99,98.09,57.4,Phone,PIX,Completed,Cristina
3996,ORD01588,PRD045,AMD RX 6700 XT 12GB,GPU,AMD,CUS0241,2022-11-06,14:36:05,2022,11,399.99,172,4,0.05,1519.96,866.36,57.0,In-Store,Bank Transfer,Completed,Monica
3997,ORD01588,PRD009,WD Black SN850 1TB,Storage,WD,CUS0241,2022-11-06,14:36:05,2022,11,109.99,47,3,0.0,329.97,188.97,57.3,In-Store,Credit Card,Completed,Monica
3998,ORD01588,PRD020,Kingston Fury Beast 32GB DDR4,Memory,Kingston,CUS0241,2022-11-06,14:36:05,2022,11,99.99,43,1,0.15,84.99,48.44,57.0,Reseller,Credit Card,Completed,Monica
3999,ORD01588,PRD018,G.Skill Trident Z5 64GB DDR5,Memory,G.Skill,CUS0241,2022-11-06,14:36:05,2022,11,289.99,124,1,0.0,289.99,165.99,57.2,Phone,Bank Transfer,Completed,Monica
4000,ORD01589,PRD053,Noctua NH-D15,Cooler,Noctua,CUS0158,2024-11-06,13:00:43,2024,11,99.99,43,2,0.0,199.98,113.98,57.0,Reseller,Boleto,Completed,Aline
4001,ORD01589,PRD060,Thermaltake UX200 ARGB,Cooler,Thermaltake,CUS0158,2024-11-06,13:00:43,2024,11,34.99,15,1,0.05,33.24,18.99,57.1,Reseller,Bank Transfer,Completed,Aline
4002,ORD01590,PRD034,AMD Ryzen 5 7600X,Processor,AMD,CUS0269,2023-06-08,16:54:25,2023,6,249.99,107,1,0.0,249.99,142.99,57.2,Marketplace,Debit Card,Completed,Bruno
4003,ORD01590,PRD057,NZXT Kraken X73 360mm,Cooler,NZXT,CUS0269,2023-06-08,16:54:25,2023,6,189.99,81,1,0.1,170.99,98.09,57.4,In-Store,PIX,Completed,Bruno
4004,ORD01591,PRD031,Intel Core i7-12700K,Processor,Intel,CUS0110,2023-10-26,11:10:20,2023,10,369.99,159,1,0.15,314.49,179.34,57.0,Online,Bank Transfer,Completed,Isabela
4005,ORD01592,PRD028,Intel Core i3-12100,Processor,Intel,CUS0246,2023-05-22,11:19:46,2023,5,119.99,51,3,0.15,305.97,175.92,57.5,Online,Debit Card,Completed,Henrique
4006,ORD01592,PRD005,Samsung 870 EVO 1TB,Storage,Samsung,CUS0246,2023-05-22,11:19:46,2023,5,129.99,56,4,0.05,493.96,281.16,56.9,Marketplace,Boleto,Completed,Henrique
4007,ORD01592,PRD021,ASUS ROG Strix B550-F,Motherboard,ASUS,CUS0246,2023-05-22,11:19:46,2023,5,219.99,94,1,0.0,219.99,125.99,57.3,Reseller,Debit Card,Completed,Henrique
4008,ORD01592,PRD024,MSI MAG B550M MORTAR,Motherboard,MSI,CUS0246,2023-05-22,11:19:46,2023,5,129.99,55,4,0.05,493.96,284.96,57.7,Online,PIX,Completed,Henrique
4009,ORD01593,PRD059,Cooler Master Hyper 212,Cooler,Cooler Master,CUS0370,2022-09-19,11:51:25,2022,9,39.99,17,1,0.15,33.99,19.54,57.5,Phone,Debit Card,Completed,Monica
4010,ORD01593,PRD053,Noctua NH-D15,Cooler,Noctua,CUS0370,2022-09-19,11:51:25,2022,9,99.99,43,2,0.05,189.98,108.28,57.0,Marketplace,Credit Card,Completed,Monica
4011,ORD01594,PRD056,Corsair H150i Elite 360mm,Cooler,Corsair,CUS0340,2023-10-25,13:27:27,2023,10,169.99,73,1,0.0,169.99,96.99,57.1,Phone,Credit Card,Completed,Gustavo
4012,ORD01594,PRD033,AMD Ryzen 5 5600X,Processor,AMD,CUS0340,2023-10-25,13:27:27,2023,10,229.99,98,1,0.0,229.99,131.99,57.4,In-Store,Boleto,Completed,Gustavo
4013,ORD01595,PRD017,G.Skill Trident Z5 32GB DDR5,Memory,G.Skill,CUS0173,2022-02-21,19:29:45,2022,2,149.99,64,1,0.15,127.49,73.09,57.3,Phone,Cash,Completed,Beatriz
4014,ORD01596,PRD059,Cooler Master Hyper 212,Cooler,Cooler Master,CUS0279,2022-10-13,22:11:43,2022,10,39.99,17,1,0.15,33.99,19.54,57.5,Marketplace,Credit Card,Completed,Paulo
4015,ORD01597,PRD008,Samsung 970 EVO 2TB,Storage,Samsung,CUS0420,2024-02-27,20:37:48,2024,2,219.99,94,1,0.1,197.99,113.39,57.3,In-Store,Cash,Completed,Diego
4016,ORD01597,PRD044,AMD RX 6600 8GB,GPU,AMD,CUS0420,2024-02-27,20:37:48,2024,2,289.99,124,1,0.1,260.99,149.39,57.2,Online,Debit Card,Completed,Diego
4017,ORD01597,PRD017,G.Skill Trident Z5 32GB DDR5,Memory,G.Skill,CUS0420,2024-02-27,20:37:48,2024,2,149.99,64,1,0.0,149.99,85.99,57.3,Marketplace,Debit Card,Completed,Diego
4018,ORD01597,PRD021,ASUS ROG Strix B550-F,Motherboard,ASUS,CUS0420,2024-02-27,20:37:48,2024,2,219.99,94,1,0.0,219.99,125.99,57.3,In-Store,Credit Card,Completed,Diego
4019,ORD01598,PRD038,NVIDIA RTX 3060 12GB,GPU,NVIDIA,CUS0255,2024-11-18,15:39:27,2024,11,329.99,141,2,0.05,626.98,359.08,57.3,Online,Cash,Completed,Monica
4020,ORD01598,PRD008,Samsung 970 EVO 2TB,Storage,Samsung,CUS0255,2024-11-18,15:39:27,2024,11,219.99,94,1,0.15,186.99,107.09,57.3,Phone,Credit Card,Completed,Monica
4021,ORD01598,PRD012,Seagate Barracuda 4TB,Storage,Seagate,CUS0255,2024-11-18,15:39:27,2024,11,89.99,38,1,0.0,89.99,51.99,57.8,Online,Cash,Completed,Monica
4022,ORD01599,PRD043,NVIDIA RTX 4080 16GB,GPU,NVIDIA,CUS0264,2024-01-05,16:26:47,2024,1,1199.99,516,2,0.2,1919.98,1094.38,57.0,Marketplace,Credit Card,Completed,Juliana
4023,ORD01599,PRD045,AMD RX 6700 XT 12GB,GPU,AMD,CUS0264,2024-01-05,16:26:47,2024,1,399.99,172,1,0.0,399.99,227.99,57.0,In-Store,Credit Card,Completed,Juliana
4024,ORD01599,PRD060,Thermaltake UX200 ARGB,Cooler,Thermaltake,CUS0264,2024-01-05,16:26:47,2024,1,34.99,15,2,0.25,52.48,29.99,57.1,Marketplace,Credit Card,Completed,Juliana
4025,ORD01600,PRD030,Intel Core i5-13600K,Processor,Intel,CUS0477,2024-03-17,08:41:47,2024,3,279.99,120,4,0.0,1119.96,639.96,57.1,In-Store,Boleto,Completed,Patricia
4026,ORD01600,PRD029,Intel Core i5-12400,Processor,Intel,CUS0477,2024-03-17,08:41:47,2024,3,199.99,86,1,0.05,189.99,108.29,57.0,In-Store,Debit Card,Completed,Patricia
4027,ORD01600,PRD028,Intel Core i3-12100,Processor,Intel,CUS0477,2024-03-17,08:41:47,2024,3,119.99,51,4,0.0,479.96,275.96,57.5,Reseller,PIX,Completed,Patricia
4028,ORD01601,PRD039,NVIDIA RTX 3070 8GB,GPU,NVIDIA,CUS0418,2022-11-02,22:47:02,2022,11,499.99,215,1,0.1,449.99,256.49,57.0,Marketplace,PIX,Completed,Bruno
4029,ORD01601,PRD004,Samsung 870 EVO 500GB,Storage,Samsung,CUS0418,2022-11-02,22:47:02,2022,11,79.99,34,1,0.15,67.99,39.09,57.5,Online,Bank Transfer,Completed,Bruno
4030,ORD01601,PRD053,Noctua NH-D15,Cooler,Noctua,CUS0418,2022-11-02,22:47:02,2022,11,99.99,43,1,0.2,79.99,45.59,57.0,In-Store,Cash,Completed,Bruno
4031,ORD01602,PRD041,NVIDIA RTX 4060 8GB,GPU,NVIDIA,CUS0337,2023-06-16,17:36:19,2023,6,299.99,129,1,0.0,299.99,170.99,57.0,Reseller,Bank Transfer,Completed,Ana
4032,ORD01602,PRD044,AMD RX 6600 8GB,GPU,AMD,CUS0337,2023-06-16,17:36:19,2023,6,289.99,124,1,0.0,289.99,165.99,57.2,Online,Credit Card,Completed,Ana
4033,ORD01602,PRD034,AMD Ryzen 5 7600X,Processor,AMD,CUS0337,2023-06-16,17:36:19,2023,6,249.99,107,1,0.0,249.99,142.99,57.2,Online,Debit Card,Completed,Ana
4034,ORD01602,PRD040,NVIDIA RTX 3080 10GB,GPU,NVIDIA,CUS0337,2023-06-16,17:36:19,2023,6,699.99,301,1,0.0,699.99,398.99,57.0,In-Store,Credit Card,Completed,Ana
4035,ORD01603,PRD026,Gigabyte B550 AORUS Elite,Motherboard,Gigabyte,CUS0075,2022-03-19,18:51:18,2022,3,169.99,72,1,0.25,127.49,73.49,57.6,Phone,Debit Card,Completed,Beatriz
4036,ORD01604,PRD030,Intel Core i5-13600K,Processor,Intel,CUS0235,2024-10-11,13:14:54,2024,10,279.99,120,4,0.1,1007.96,575.96,57.1,Online,Credit Card,Completed,Gabriel
4037,ORD01604,PRD048,Corsair RM750 Modular,PSU,Corsair,CUS0235,2024-10-11,13:14:54,2024,10,109.99,47,2,0.15,186.98,107.08,57.3,Reseller,Credit Card,Completed,Gabriel
4038,ORD01605,PRD023,ASUS TUF Gaming B660M,Motherboard,ASUS,CUS0346,2024-10-03,13:17:08,2024,10,159.99,68,1,0.0,159.99,91.99,57.5,Online,Cash,Completed,Fabio
4039,ORD01605,PRD020,Kingston Fury Beast 32GB DDR4,Memory,Kingston,CUS0346,2024-10-03,13:17:08,2024,10,99.99,43,3,0.1,269.97,153.87,57.0,Phone,Credit Card,Completed,Fabio
4040,ORD01606,PRD006,Samsung 970 EVO 500GB,Storage,Samsung,CUS0448,2024-12-09,10:31:34,2024,12,69.99,29,1,0.0,69.99,40.99,58.6,Marketplace,PIX,Completed,Natalia
4041,ORD01606,PRD043,NVIDIA RTX 4080 16GB,GPU,NVIDIA,CUS0448,2024-12-09,10:31:34,2024,12,1199.99,516,1,0.0,1199.99,683.99,57.0,Marketplace,Boleto,Completed,Natalia
4042,ORD01606,PRD029,Intel Core i5-12400,Processor,Intel,CUS0448,2024-12-09,10:31:34,2024,12,199.99,86,2,0.15,339.98,193.78,57.0,In-Store,Debit Card,Completed,Natalia
4043,ORD01607,PRD030,Intel Core i5-13600K,Processor,Intel,CUS0261,2024-11-06,16:41:26,2024,11,279.99,120,2,0.0,559.98,319.98,57.1,Phone,Cash,Completed,Patricia
4044,ORD01607,PRD007,Samsung 970 EVO 1TB,Storage,Samsung,CUS0261,2024-11-06,16:41:26,2024,11,119.99,51,1,0.1,107.99,62.09,57.5,Phone,Bank Transfer,Completed,Patricia
4045,ORD01608,PRD014,Corsair Vengeance 16GB DDR4,Memory,Corsair,CUS0090,2022-06-18,12:56:36,2022,6,59.99,25,2,0.15,101.98,59.48,58.3,Marketplace,Debit Card,Completed,Vanessa
4046,ORD01608,PRD052,Thermaltake Toughpower 1000W,PSU,Thermaltake,CUS0090,2022-06-18,12:56:36,2022,6,189.99,81,1,0.05,180.49,103.54,57.4,In-Store,Bank Transfer,Completed,Vanessa
4047,ORD01609,PRD053,Noctua NH-D15,Cooler,Noctua,CUS0464,2022-06-04,10:45:41,2022,6,99.99,43,1,0.05,94.99,54.14,57.0,Marketplace,Bank Transfer,Completed,Aline
4048,ORD01609,PRD024,MSI MAG B550M MORTAR,Motherboard,MSI,CUS0464,2022-06-04,10:45:41,2022,6,129.99,55,4,0.05,493.96,284.96,57.7,Online,Debit Card,Completed,Aline
4049,ORD01610,PRD010,WD Blue 1TB HDD,Storage,WD,CUS0011,2022-03-24,13:07:05,2022,3,44.99,19,1,0.05,42.74,24.69,57.8,Online,Debit Card,Completed,Juliana
4050,ORD01611,PRD009,WD Black SN850 1TB,Storage,WD,CUS0311,2024-12-08,08:52:07,2024,12,109.99,47,1,0.0,109.99,62.99,57.3,In-Store,Bank Transfer,Completed,Viviane
4051,ORD01611,PRD031,Intel Core i7-12700K,Processor,Intel,CUS0311,2024-12-08,08:52:07,2024,12,369.99,159,1,0.05,351.49,200.44,57.0,Online,Boleto,Completed,Viviane
4052,ORD01611,PRD054,Noctua NH-U12S,Cooler,Noctua,CUS0311,2024-12-08,08:52:07,2024,12,69.99,30,3,0.05,199.47,113.97,57.1,In-Store,PIX,Completed,Viviane
4053,ORD01612,PRD020,Kingston Fury Beast 32GB DDR4,Memory,Kingston,CUS0463,2023-12-09,08:53:02,2023,12,99.99,43,2,0.0,199.98,113.98,57.0,Phone,PIX,Completed,Pedro
4054,ORD01613,PRD005,Samsung 870 EVO 1TB,Storage,Samsung,CUS0444,2024-08-20,10:27:14,2024,8,129.99,56,1,0.0,129.99,73.99,56.9,Phone,Bank Transfer,Completed,Juliana
4055,ORD01613,PRD033,AMD Ryzen 5 5600X,Processor,AMD,CUS0444,2024-08-20,10:27:14,2024,8,229.99,98,1,0.0,229.99,131.99,57.4,In-Store,Boleto,Completed,Juliana
4056,ORD01613,PRD028,Intel Core i3-12100,Processor,Intel,CUS0444,2024-08-20,10:27:14,2024,8,119.99,51,1,0.15,101.99,58.64,57.5,Reseller,Bank Transfer,Completed,Juliana
4057,ORD01614,PRD043,NVIDIA RTX 4080 16GB,GPU,NVIDIA,CUS0195,2023-06-28,20:26:23,2023,6,1199.99,516,1,0.05,1139.99,649.79,57.0,Phone,Cash,Completed,Paulo
4058,ORD01614,PRD013,Corsair Vengeance 8GB DDR4,Memory,Corsair,CUS0195,2023-06-28,20:26:23,2023,6,29.99,12,1,0.15,25.49,15.29,60.0,Phone,Debit Card,Completed,Paulo
4059,ORD01614,PRD001,Kingston A400 240GB,Storage,Kingston,CUS0195,2023-06-28,20:26:23,2023,6,29.99,13,1,0.1,26.99,15.29,56.7,Marketplace,Credit Card,Completed,Paulo
4060,ORD01615,PRD002,Kingston A400 480GB,Storage,Kingston,CUS0148,2024-01-02,10:16:40,2024,1,49.99,21,1,0.15,42.49,24.64,58.0,Phone,PIX,Completed,Fabio
4061,ORD01616,PRD060,Thermaltake UX200 ARGB,Cooler,Thermaltake,CUS0040,2022-03-06,11:07:39,2022,3,34.99,15,2,0.1,62.98,35.98,57.1,Reseller,Cash,Completed,Daniela
4062,ORD01616,PRD053,Noctua NH-D15,Cooler,Noctua,CUS0040,2022-03-06,11:07:39,2022,3,99.99,43,1,0.0,99.99,56.99,57.0,Reseller,Credit Card,Completed,Daniela
4063,ORD01616,PRD019,Kingston Fury Beast 16GB DDR4,Memory,Kingston,CUS0040,2022-03-06,11:07:39,2022,3,54.99,23,2,0.0,109.98,63.98,58.2,Reseller,Bank Transfer,Completed,Daniela
4064,ORD01616,PRD047,Corsair RM650 Modular,PSU,Corsair,CUS0040,2022-03-06,11:07:39,2022,3,89.99,38,1,0.15,76.49,44.19,57.8,Phone,Boleto,Completed,Daniela
4065,ORD01617,PRD048,Corsair RM750 Modular,PSU,Corsair,CUS0082,2022-11-18,09:57:13,2022,11,109.99,47,1,0.0,109.99,62.99,57.3,In-Store,Cash,Completed,Pedro
4066,ORD01617,PRD047,Corsair RM650 Modular,PSU,Corsair,CUS0082,2022-11-18,09:57:13,2022,11,89.99,38,1,0.05,85.49,49.39,57.8,Phone,Cash,Completed,Pedro
4067,ORD01617,PRD033,AMD Ryzen 5 5600X,Processor,AMD,CUS0082,2022-11-18,09:57:13,2022,11,229.99,98,1,0.0,229.99,131.99,57.4,Online,Bank Transfer,Completed,Pedro
4068,ORD01617,PRD041,NVIDIA RTX 4060 8GB,GPU,NVIDIA,CUS0082,2022-11-18,09:57:13,2022,11,299.99,129,2,0.1,539.98,307.78,57.0,Marketplace,Credit Card,Completed,Pedro
4069,ORD01618,PRD052,Thermaltake Toughpower 1000W,PSU,Thermaltake,CUS0437,2023-07-13,15:36:53,2023,7,189.99,81,1,0.0,189.99,108.99,57.4,Marketplace,Credit Card,Completed,Beatriz
4070,ORD01619,PRD013,Corsair Vengeance 8GB DDR4,Memory,Corsair,CUS0164,2023-10-24,19:49:01,2023,10,29.99,12,2,0.0,59.98,35.98,60.0,Online,PIX,Completed,Roberto
4071,ORD01619,PRD025,MSI PRO Z690-A,Motherboard,MSI,CUS0164,2023-10-24,19:49:01,2023,10,189.99,81,1,0.0,189.99,108.99,57.4,Phone,PIX,Completed,Roberto
4072,ORD01620,PRD015,Corsair Vengeance 32GB DDR4,Memory,Corsair,CUS0043,2022-08-09,11:50:05,2022,8,109.99,47,1,0.0,109.99,62.99,57.3,Phone,Cash,Completed,Rafael
4073,ORD01620,PRD011,Seagate Barracuda 2TB,Storage,Seagate,CUS0043,2022-08-09,11:50:05,2022,8,54.99,23,2,0.0,109.98,63.98,58.2,Reseller,Cash,Completed,Rafael
4074,ORD01620,PRD032,Intel Core i9-12900K,Processor,Intel,CUS0043,2022-08-09,11:50:05,2022,8,569.99,245,2,0.0,1139.98,649.98,57.0,Phone,PIX,Completed,Rafael
4075,ORD01621,PRD015,Corsair Vengeance 32GB DDR4,Memory,Corsair,CUS0204,2022-07-06,13:56:18,2022,7,109.99,47,4,0.0,439.96,251.96,57.3,Marketplace,Credit Card,Completed,Pedro
4076,ORD01622,PRD045,AMD RX 6700 XT 12GB,GPU,AMD,CUS0101,2024-06-29,11:23:53,2024,6,399.99,172,1,0.0,399.99,227.99,57.0,Online,Bank Transfer,Completed,Beatriz
4077,ORD01622,PRD003,Kingston A400 960GB,Storage,Kingston,CUS0101,2024-06-29,11:23:53,2024,6,89.99,38,3,0.15,229.47,132.57,57.8,Phone,Boleto,Completed,Beatriz
4078,ORD01623,PRD021,ASUS ROG Strix B550-F,Motherboard,ASUS,CUS0097,2022-04-14,18:04:05,2022,4,219.99,94,1,0.1,197.99,113.39,57.3,Online,Cash,Completed,Roberto
4079,ORD01623,PRD017,G.Skill Trident Z5 32GB DDR5,Memory,G.Skill,CUS0097,2022-04-14,18:04:05,2022,4,149.99,64,1,0.0,149.99,85.99,57.3,Reseller,Debit Card,Completed,Roberto
4080,ORD01623,PRD008,Samsung 970 EVO 2TB,Storage,Samsung,CUS0097,2022-04-14,18:04:05,2022,4,219.99,94,1,0.0,219.99,125.99,57.3,Reseller,Cash,Completed,Roberto
4081,ORD01623,PRD009,WD Black SN850 1TB,Storage,WD,CUS0097,2022-04-14,18:04:05,2022,4,109.99,47,1,0.1,98.99,56.69,57.3,Reseller,Bank Transfer,Completed,Roberto
4082,ORD01624,PRD027,Gigabyte Z790 AORUS Master,Motherboard,Gigabyte,CUS0086,2022-06-15,22:29:27,2022,6,449.99,193,1,0.0,449.99,256.99,57.1,Phone,Cash,Completed,Daniela
4083,ORD01624,PRD035,AMD Ryzen 7 5800X3D,Processor,AMD,CUS0086,2022-06-15,22:29:27,2022,6,349.99,150,1,0.05,332.49,189.99,57.1,Marketplace,Cash,Completed,Daniela
4084,ORD01624,PRD025,MSI PRO Z690-A,Motherboard,MSI,CUS0086,2022-06-15,22:29:27,2022,6,189.99,81,1,0.15,161.49,92.64,57.4,Marketplace,Bank Transfer,Completed,Daniela
4085,ORD01625,PRD025,MSI PRO Z690-A,Motherboard,MSI,CUS0479,2023-07-04,10:16:32,2023,7,189.99,81,1,0.25,142.49,81.74,57.4,Reseller,Debit Card,Completed,Alexandre
4086,ORD01625,PRD031,Intel Core i7-12700K,Processor,Intel,CUS0479,2023-07-04,10:16:32,2023,7,369.99,159,1,0.1,332.99,189.89,57.0,Reseller,Credit Card,Completed,Alexandre
4087,ORD01625,PRD045,AMD RX 6700 XT 12GB,GPU,AMD,CUS0479,2023-07-04,10:16:32,2023,7,399.99,172,1,0.15,339.99,193.79,57.0,Online,Debit Card,Completed,Alexandre
4088,ORD01625,PRD039,NVIDIA RTX 3070 8GB,GPU,NVIDIA,CUS0479,2023-07-04,10:16:32,2023,7,499.99,215,1,0.0,499.99,284.99,57.0,Online,Bank Transfer,Completed,Alexandre
4089,ORD01626,PRD015,Corsair Vengeance 32GB DDR4,Memory,Corsair,CUS0493,2024-11-02,12:43:29,2024,11,109.99,47,1,0.15,93.49,53.54,57.3,In-Store,Credit Card,Completed,Sandra
4090,ORD01626,PRD016,G.Skill Trident Z5 16GB DDR5,Memory,G.Skill,CUS0493,2024-11-02,12:43:29,2024,11,79.99,34,1,0.0,79.99,45.99,57.5,Online,PIX,Completed,Sandra
4091,ORD01626,PRD044,AMD RX 6600 8GB,GPU,AMD,CUS0493,2024-11-02,12:43:29,2024,11,289.99,124,2,0.1,521.98,298.78,57.2,Reseller,Cash,Completed,Sandra
4092,ORD01626,PRD045,AMD RX 6700 XT 12GB,GPU,AMD,CUS0493,2024-11-02,12:43:29,2024,11,399.99,172,1,0.0,399.99,227.99,57.0,Online,Credit Card,Completed,Sandra
4093,ORD01627,PRD022,ASUS ROG Strix Z690-A,Motherboard,ASUS,CUS0477,2023-08-29,20:49:02,2023,8,319.99,137,2,0.0,639.98,365.98,57.2,Reseller,Boleto,Completed,Patricia
4094,ORD01628,PRD012,Seagate Barracuda 4TB,Storage,Seagate,CUS0195,2022-11-15,16:25:12,2022,11,89.99,38,1,0.05,85.49,49.39,57.8,Phone,Boleto,Completed,Paulo
4095,ORD01628,PRD043,NVIDIA RTX 4080 16GB,GPU,NVIDIA,CUS0195,2022-11-15,16:25:12,2022,11,1199.99,516,2,0.05,2279.98,1299.58,57.0,Online,Bank Transfer,Completed,Paulo
4096,ORD01628,PRD053,Noctua NH-D15,Cooler,Noctua,CUS0195,2022-11-15,16:25:12,2022,11,99.99,43,3,0.05,284.97,162.42,57.0,In-Store,PIX,Completed,Paulo
4097,ORD01628,PRD035,AMD Ryzen 7 5800X3D,Processor,AMD,CUS0195,2022-11-15,16:25:12,2022,11,349.99,150,1,0.0,349.99,199.99,57.1,In-Store,Boleto,Completed,Paulo
4098,ORD01629,PRD010,WD Blue 1TB HDD,Storage,WD,CUS0058,2023-10-13,09:14:22,2023,10,44.99,19,1,0.2,35.99,20.79,57.8,In-Store,Boleto,Completed,Gabriel
4099,ORD01629,PRD015,Corsair Vengeance 32GB DDR4,Memory,Corsair,CUS0058,2023-10-13,09:14:22,2023,10,109.99,47,3,0.0,329.97,188.97,57.3,Phone,Boleto,Completed,Gabriel
4100,ORD01629,PRD003,Kingston A400 960GB,Storage,Kingston,CUS0058,2023-10-13,09:14:22,2023,10,89.99,38,1,0.05,85.49,49.39,57.8,Marketplace,Boleto,Completed,Gabriel
4101,ORD01629,PRD007,Samsung 970 EVO 1TB,Storage,Samsung,CUS0058,2023-10-13,09:14:22,2023,10,119.99,51,1,0.1,107.99,62.09,57.5,Phone,PIX,Completed,Gabriel
4102,ORD01630,PRD040,NVIDIA RTX 3080 10GB,GPU,NVIDIA,CUS0443,2022-11-04,15:39:16,2022,11,699.99,301,1,0.2,559.99,319.19,57.0,Online,PIX,Completed,Pedro
4103,ORD01630,PRD001,Kingston A400 240GB,Storage,Kingston,CUS0443,2022-11-04,15:39:16,2022,11,29.99,13,3,0.05,85.47,48.42,56.7,In-Store,Cash,Completed,Pedro
4104,ORD01630,PRD020,Kingston Fury Beast 32GB DDR4,Memory,Kingston,CUS0443,2022-11-04,15:39:16,2022,11,99.99,43,1,0.1,89.99,51.29,57.0,Marketplace,Boleto,Completed,Pedro
4105,ORD01631,PRD037,AMD Ryzen 9 7900X,Processor,AMD,CUS0051,2023-09-11,14:35:47,2023,9,549.99,236,1,0.0,549.99,313.99,57.1,In-Store,Cash,Completed,Renata
4106,ORD01632,PRD006,Samsung 970 EVO 500GB,Storage,Samsung,CUS0251,2023-08-08,18:08:37,2023,8,69.99,29,1,0.0,69.99,40.99,58.6,Reseller,Bank Transfer,Completed,Claudia
4107,ORD01633,PRD027,Gigabyte Z790 AORUS Master,Motherboard,Gigabyte,CUS0420,2024-09-10,21:59:48,2024,9,449.99,193,2,0.05,854.98,488.28,57.1,In-Store,Bank Transfer,Completed,Diego
4108,ORD01633,PRD001,Kingston A400 240GB,Storage,Kingston,CUS0420,2024-09-10,21:59:48,2024,9,29.99,13,1,0.0,29.99,16.99,56.7,Reseller,Bank Transfer,Completed,Diego
4109,ORD01633,PRD058,DeepCool AK620,Cooler,DeepCool,CUS0420,2024-09-10,21:59:48,2024,9,54.99,23,1,0.1,49.49,28.79,58.2,Online,Debit Card,Completed,Diego
4110,ORD01633,PRD034,AMD Ryzen 5 7600X,Processor,AMD,CUS0420,2024-09-10,21:59:48,2024,9,249.99,107,2,0.0,499.98,285.98,57.2,Reseller,Cash,Completed,Diego
4111,ORD01634,PRD038,NVIDIA RTX 3060 12GB,GPU,NVIDIA,CUS0418,2022-12-23,10:29:23,2022,12,329.99,141,4,0.0,1319.96,755.96,57.3,Online,Boleto,Completed,Bruno
4112,ORD01635,PRD058,DeepCool AK620,Cooler,DeepCool,CUS0051,2022-07-10,11:48:42,2022,7,54.99,23,2,0.0,109.98,63.98,58.2,Marketplace,Cash,Completed,Renata
4113,ORD01635,PRD051,be quiet! Straight Power 850W,PSU,be quiet!,CUS0051,2022-07-10,11:48:42,2022,7,169.99,73,1,0.0,169.99,96.99,57.1,Phone,PIX,Completed,Renata
4114,ORD01635,PRD038,NVIDIA RTX 3060 12GB,GPU,NVIDIA,CUS0051,2022-07-10,11:48:42,2022,7,329.99,141,1,0.0,329.99,188.99,57.3,Online,Boleto,Completed,Renata
4115,ORD01635,PRD039,NVIDIA RTX 3070 8GB,GPU,NVIDIA,CUS0051,2022-07-10,11:48:42,2022,7,499.99,215,3,0.15,1274.97,726.72,57.0,Online,Cash,Completed,Renata
4116,ORD01636,PRD006,Samsung 970 EVO 500GB,Storage,Samsung,CUS0215,2024-08-21,12:31:55,2024,8,69.99,29,3,0.0,209.97,122.97,58.6,Online,PIX,Completed,Juliana
4117,ORD01637,PRD048,Corsair RM750 Modular,PSU,Corsair,CUS0127,2022-08-12,15:49:31,2022,8,109.99,47,1,0.05,104.49,59.84,57.3,In-Store,PIX,Completed,Ana
4118,ORD01637,PRD051,be quiet! Straight Power 850W,PSU,be quiet!,CUS0127,2022-08-12,15:49:31,2022,8,169.99,73,2,0.0,339.98,193.98,57.1,Phone,Cash,Completed,Ana
4119,ORD01637,PRD030,Intel Core i5-13600K,Processor,Intel,CUS0127,2022-08-12,15:49:31,2022,8,279.99,120,2,0.0,559.98,319.98,57.1,Online,Boleto,Completed,Ana
4120,ORD01638,PRD019,Kingston Fury Beast 16GB DDR4,Memory,Kingston,CUS0434,2023-09-24,21:44:25,2023,9,54.99,23,3,0.05,156.72,91.17,58.2,Online,Boleto,Completed,Adriana
4121,ORD01638,PRD029,Intel Core i5-12400,Processor,Intel,CUS0434,2023-09-24,21:44:25,2023,9,199.99,86,1,0.0,199.99,113.99,57.0,Phone,Debit Card,Completed,Adriana
4122,ORD01638,PRD030,Intel Core i5-13600K,Processor,Intel,CUS0434,2023-09-24,21:44:25,2023,9,279.99,120,3,0.05,797.97,455.97,57.1,Reseller,Bank Transfer,Completed,Adriana
4123,ORD01639,PRD034,AMD Ryzen 5 7600X,Processor,AMD,CUS0162,2022-07-07,15:24:03,2022,7,249.99,107,1,0.1,224.99,128.69,57.2,In-Store,Cash,Completed,Larissa
4124,ORD01640,PRD036,AMD Ryzen 9 5900X,Processor,AMD,CUS0500,2024-07-30,17:23:38,2024,7,449.99,193,4,0.05,1709.96,976.56,57.1,Phone,Boleto,Completed,Rodrigo
4125,ORD01641,PRD031,Intel Core i7-12700K,Processor,Intel,CUS0081,2024-04-01,21:22:06,2024,4,369.99,159,2,0.0,739.98,421.98,57.0,Online,Cash,Completed,Carla
4126,ORD01641,PRD030,Intel Core i5-13600K,Processor,Intel,CUS0081,2024-04-01,21:22:06,2024,4,279.99,120,3,0.15,713.97,407.97,57.1,Phone,Debit Card,Completed,Carla
4127,ORD01641,PRD040,NVIDIA RTX 3080 10GB,GPU,NVIDIA,CUS0081,2024-04-01,21:22:06,2024,4,699.99,301,4,0.05,2659.96,1516.16,57.0,In-Store,PIX,Completed,Carla
4128,ORD01642,PRD006,Samsung 970 EVO 500GB,Storage,Samsung,CUS0348,2022-12-16,11:54:45,2022,12,69.99,29,2,0.0,139.98,81.98,58.6,Marketplace,Credit Card,Completed,Rafael
4129,ORD01642,PRD019,Kingston Fury Beast 16GB DDR4,Memory,Kingston,CUS0348,2022-12-16,11:54:45,2022,12,54.99,23,1,0.0,54.99,31.99,58.2,Reseller,Credit Card,Completed,Rafael
4130,ORD01642,PRD015,Corsair Vengeance 32GB DDR4,Memory,Corsair,CUS0348,2022-12-16,11:54:45,2022,12,109.99,47,1,0.05,104.49,59.84,57.3,Phone,Bank Transfer,Completed,Rafael
4131,ORD01643,PRD044,AMD RX 6600 8GB,GPU,AMD,CUS0243,2024-05-20,19:20:47,2024,5,289.99,124,1,0.0,289.99,165.99,57.2,Phone,Cash,Completed,Daniela
4132,ORD01643,PRD048,Corsair RM750 Modular,PSU,Corsair,CUS0243,2024-05-20,19:20:47,2024,5,109.99,47,1,0.05,104.49,59.84,57.3,Reseller,PIX,Completed,Daniela
4133,ORD01643,PRD033,AMD Ryzen 5 5600X,Processor,AMD,CUS0243,2024-05-20,19:20:47,2024,5,229.99,98,1,0.1,206.99,118.79,57.4,Marketplace,Debit Card,Completed,Daniela
4134,ORD01644,PRD018,G.Skill Trident Z5 64GB DDR5,Memory,G.Skill,CUS0084,2023-11-28,08:14:28,2023,11,289.99,124,2,0.05,550.98,315.38,57.2,Phone,Credit Card,Completed,Henrique
4135,ORD01645,PRD058,DeepCool AK620,Cooler,DeepCool,CUS0086,2024-11-14,11:08:08,2024,11,54.99,23,1,0.0,54.99,31.99,58.2,Reseller,PIX,Completed,Daniela
4136,ORD01645,PRD057,NZXT Kraken X73 360mm,Cooler,NZXT,CUS0086,2024-11-14,11:08:08,2024,11,189.99,81,1,0.15,161.49,92.64,57.4,Online,Debit Card,Completed,Daniela
4137,ORD01645,PRD015,Corsair Vengeance 32GB DDR4,Memory,Corsair,CUS0086,2024-11-14,11:08:08,2024,11,109.99,47,1,0.0,109.99,62.99,57.3,Phone,Boleto,Completed,Daniela
4138,ORD01646,PRD018,G.Skill Trident Z5 64GB DDR5,Memory,G.Skill,CUS0098,2023-08-19,21:31:42,2023,8,289.99,124,1,0.1,260.99,149.39,57.2,Marketplace,Bank Transfer,Completed,Larissa
4139,ORD01646,PRD055,Corsair H100i RGB 240mm,Cooler,Corsair,CUS0098,2023-08-19,21:31:42,2023,8,129.99,56,3,0.0,389.97,221.97,56.9,Phone,Boleto,Completed,Larissa
4140,ORD01647,PRD035,AMD Ryzen 7 5800X3D,Processor,AMD,CUS0223,2022-01-19,09:43:16,2022,1,349.99,150,1,0.0,349.99,199.99,57.1,In-Store,Bank Transfer,Completed,Ricardo
4141,ORD01648,PRD046,AMD RX 7900 XTX 24GB,GPU,AMD,CUS0010,2023-08-21,16:18:28,2023,8,999.99,430,2,0.1,1799.98,1025.98,57.0,Phone,Credit Card,Completed,Thiago
4142,ORD01648,PRD028,Intel Core i3-12100,Processor,Intel,CUS0010,2023-08-21,16:18:28,2023,8,119.99,51,2,0.0,239.98,137.98,57.5,Marketplace,Cash,Completed,Thiago
4143,ORD01649,PRD049,Corsair RM850 Modular,PSU,Corsair,CUS0079,2023-11-27,20:35:07,2023,11,139.99,60,1,0.25,104.99,59.99,57.1,Marketplace,Credit Card,Completed,Isabela
4144,ORD01650,PRD039,NVIDIA RTX 3070 8GB,GPU,NVIDIA,CUS0333,2022-01-14,14:32:50,2022,1,499.99,215,1,0.2,399.99,227.99,57.0,In-Store,Cash,Completed,Juliana
4145,ORD01650,PRD018,G.Skill Trident Z5 64GB DDR5,Memory,G.Skill,CUS0333,2022-01-14,14:32:50,2022,1,289.99,124,2,0.0,579.98,331.98,57.2,In-Store,Bank Transfer,Completed,Juliana
4146,ORD01650,PRD058,DeepCool AK620,Cooler,DeepCool,CUS0333,2022-01-14,14:32:50,2022,1,54.99,23,1,0.0,54.99,31.99,58.2,Online,PIX,Completed,Juliana
4147,ORD01650,PRD021,ASUS ROG Strix B550-F,Motherboard,ASUS,CUS0333,2022-01-14,14:32:50,2022,1,219.99,94,3,0.1,593.97,340.17,57.3,Online,Credit Card,Completed,Juliana
4148,ORD01651,PRD035,AMD Ryzen 7 5800X3D,Processor,AMD,CUS0233,2023-11-17,10:31:19,2023,11,349.99,150,1,0.05,332.49,189.99,57.1,In-Store,Credit Card,Completed,Gustavo
4149,ORD01652,PRD039,NVIDIA RTX 3070 8GB,GPU,NVIDIA,CUS0411,2023-03-04,14:13:59,2023,3,499.99,215,1,0.2,399.99,227.99,57.0,Reseller,Credit Card,Completed,Viviane
4150,ORD01652,PRD041,NVIDIA RTX 4060 8GB,GPU,NVIDIA,CUS0411,2023-03-04,14:13:59,2023,3,299.99,129,1,0.0,299.99,170.99,57.0,Online,Bank Transfer,Completed,Viviane
4151,ORD01652,PRD016,G.Skill Trident Z5 16GB DDR5,Memory,G.Skill,CUS0411,2023-03-04,14:13:59,2023,3,79.99,34,1,0.0,79.99,45.99,57.5,Online,Boleto,Completed,Viviane
4152,ORD01652,PRD040,NVIDIA RTX 3080 10GB,GPU,NVIDIA,CUS0411,2023-03-04,14:13:59,2023,3,699.99,301,2,0.0,1399.98,797.98,57.0,Online,Bank Transfer,Completed,Viviane
4153,ORD01653,PRD040,NVIDIA RTX 3080 10GB,GPU,NVIDIA,CUS0484,2023-12-29,10:30:42,2023,12,699.99,301,1,0.15,594.99,339.14,57.0,Phone,PIX,Completed,Mariana
4154,ORD01654,PRD009,WD Black SN850 1TB,Storage,WD,CUS0275,2024-11-18,16:36:41,2024,11,109.99,47,1,0.05,104.49,59.84,57.3,Phone,Debit Card,Completed,Vanessa
4155,ORD01655,PRD007,Samsung 970 EVO 1TB,Storage,Samsung,CUS0283,2024-09-24,13:09:04,2024,9,119.99,51,3,0.2,287.98,165.58,57.5,Reseller,PIX,Completed,Sergio
4156,ORD01655,PRD059,Cooler Master Hyper 212,Cooler,Cooler Master,CUS0283,2024-09-24,13:09:04,2024,9,39.99,17,1,0.15,33.99,19.54,57.5,Reseller,Cash,Completed,Sergio
4157,ORD01655,PRD027,Gigabyte Z790 AORUS Master,Motherboard,Gigabyte,CUS0283,2024-09-24,13:09:04,2024,9,449.99,193,1,0.0,449.99,256.99,57.1,In-Store,PIX,Completed,Sergio
4158,ORD01655,PRD028,Intel Core i3-12100,Processor,Intel,CUS0283,2024-09-24,13:09:04,2024,9,119.99,51,1,0.0,119.99,68.99,57.5,Marketplace,Bank Transfer,Completed,Sergio
4159,ORD01656,PRD004,Samsung 870 EVO 500GB,Storage,Samsung,CUS0085,2023-01-03,14:04:29,2023,1,79.99,34,4,0.05,303.96,174.76,57.5,In-Store,Cash,Completed,Adriana
4160,ORD01656,PRD047,Corsair RM650 Modular,PSU,Corsair,CUS0085,2023-01-03,14:04:29,2023,1,89.99,38,2,0.0,179.98,103.98,57.8,In-Store,Credit Card,Completed,Adriana
4161,ORD01657,PRD011,Seagate Barracuda 2TB,Storage,Seagate,CUS0477,2024-02-16,20:07:27,2024,2,54.99,23,1,0.25,41.24,23.99,58.2,Online,PIX,Completed,Patricia
4162,ORD01657,PRD008,Samsung 970 EVO 2TB,Storage,Samsung,CUS0477,2024-02-16,20:07:27,2024,2,219.99,94,2,0.0,439.98,251.98,57.3,Marketplace,Cash,Completed,Patricia
4163,ORD01657,PRD017,G.Skill Trident Z5 32GB DDR5,Memory,G.Skill,CUS0477,2024-02-16,20:07:27,2024,2,149.99,64,1,0.25,112.49,64.49,57.3,In-Store,Debit Card,Completed,Patricia
4164,ORD01657,PRD045,AMD RX 6700 XT 12GB,GPU,AMD,CUS0477,2024-02-16,20:07:27,2024,2,399.99,172,1,0.15,339.99,193.79,57.0,Marketplace,Credit Card,Completed,Patricia
4165,ORD01658,PRD035,AMD Ryzen 7 5800X3D,Processor,AMD,CUS0284,2023-12-14,16:33:16,2023,12,349.99,150,1,0.05,332.49,189.99,57.1,Marketplace,Cash,Completed,João
4166,ORD01659,PRD020,Kingston Fury Beast 32GB DDR4,Memory,Kingston,CUS0375,2023-03-18,16:18:50,2023,3,99.99,43,3,0.1,269.97,153.87,57.0,Phone,Bank Transfer,Completed,Beatriz
4167,ORD01659,PRD009,WD Black SN850 1TB,Storage,WD,CUS0375,2023-03-18,16:18:50,2023,3,109.99,47,1,0.0,109.99,62.99,57.3,Phone,Bank Transfer,Completed,Beatriz
4168,ORD01659,PRD015,Corsair Vengeance 32GB DDR4,Memory,Corsair,CUS0375,2023-03-18,16:18:50,2023,3,109.99,47,1,0.05,104.49,59.84,57.3,In-Store,PIX,Completed,Beatriz
4169,ORD01660,PRD041,NVIDIA RTX 4060 8GB,GPU,NVIDIA,CUS0305,2024-05-15,09:31:04,2024,5,299.99,129,1,0.05,284.99,162.44,57.0,Reseller,Boleto,Completed,Natalia
4170,ORD01660,PRD009,WD Black SN850 1TB,Storage,WD,CUS0305,2024-05-15,09:31:04,2024,5,109.99,47,4,0.05,417.96,239.36,57.3,Marketplace,Debit Card,Completed,Natalia
4171,ORD01661,PRD014,Corsair Vengeance 16GB DDR4,Memory,Corsair,CUS0428,2023-10-17,21:58:29,2023,10,59.99,25,1,0.15,50.99,29.74,58.3,In-Store,Debit Card,Completed,Alexandre
4172,ORD01662,PRD060,Thermaltake UX200 ARGB,Cooler,Thermaltake,CUS0029,2023-06-20,21:03:45,2023,6,34.99,15,2,0.0,69.98,39.98,57.1,Marketplace,Boleto,Completed,Leonardo
4173,ORD01662,PRD007,Samsung 970 EVO 1TB,Storage,Samsung,CUS0029,2023-06-20,21:03:45,2023,6,119.99,51,1,0.15,101.99,58.64,57.5,Marketplace,PIX,Completed,Leonardo
4174,ORD01662,PRD031,Intel Core i7-12700K,Processor,Intel,CUS0029,2023-06-20,21:03:45,2023,6,369.99,159,1,0.05,351.49,200.44,57.0,Marketplace,Boleto,Completed,Leonardo
4175,ORD01663,PRD046,AMD RX 7900 XTX 24GB,GPU,AMD,CUS0164,2023-12-17,10:08:00,2023,12,999.99,430,2,0.0,1999.98,1139.98,57.0,Reseller,Boleto,Completed,Roberto
4176,ORD01663,PRD021,ASUS ROG Strix B550-F,Motherboard,ASUS,CUS0164,2023-12-17,10:08:00,2023,12,219.99,94,1,0.0,219.99,125.99,57.3,Phone,Cash,Completed,Roberto
4177,ORD01663,PRD057,NZXT Kraken X73 360mm,Cooler,NZXT,CUS0164,2023-12-17,10:08:00,2023,12,189.99,81,2,0.0,379.98,217.98,57.4,In-Store,Debit Card,Completed,Roberto
4178,ORD01663,PRD028,Intel Core i3-12100,Processor,Intel,CUS0164,2023-12-17,10:08:00,2023,12,119.99,51,2,0.05,227.98,131.08,57.5,Reseller,PIX,Completed,Roberto
4179,ORD01664,PRD036,AMD Ryzen 9 5900X,Processor,AMD,CUS0287,2023-06-20,12:41:57,2023,6,449.99,193,1,0.15,382.49,218.44,57.1,Online,Cash,Completed,Carlos
4180,ORD01664,PRD055,Corsair H100i RGB 240mm,Cooler,Corsair,CUS0287,2023-06-20,12:41:57,2023,6,129.99,56,1,0.05,123.49,70.29,56.9,Online,Boleto,Completed,Carlos
4181,ORD01664,PRD016,G.Skill Trident Z5 16GB DDR5,Memory,G.Skill,CUS0287,2023-06-20,12:41:57,2023,6,79.99,34,1,0.0,79.99,45.99,57.5,Online,Debit Card,Completed,Carlos
4182,ORD01665,PRD020,Kingston Fury Beast 32GB DDR4,Memory,Kingston,CUS0147,2022-08-03,09:55:20,2022,8,99.99,43,1,0.0,99.99,56.99,57.0,Reseller,Bank Transfer,Completed,Maria
4183,ORD01666,PRD019,Kingston Fury Beast 16GB DDR4,Memory,Kingston,CUS0203,2023-07-31,16:56:20,2023,7,54.99,23,3,0.0,164.97,95.97,58.2,Phone,Cash,Completed,Rodrigo
4184,ORD01666,PRD059,Cooler Master Hyper 212,Cooler,Cooler Master,CUS0203,2023-07-31,16:56:20,2023,7,39.99,17,1,0.1,35.99,20.69,57.5,Marketplace,Debit Card,Completed,Rodrigo
4185,ORD01666,PRD043,NVIDIA RTX 4080 16GB,GPU,NVIDIA,CUS0203,2023-07-31,16:56:20,2023,7,1199.99,516,1,0.0,1199.99,683.99,57.0,In-Store,Debit Card,Completed,Rodrigo
4186,ORD01666,PRD060,Thermaltake UX200 ARGB,Cooler,Thermaltake,CUS0203,2023-07-31,16:56:20,2023,7,34.99,15,1,0.0,34.99,19.99,57.1,Marketplace,Credit Card,Completed,Rodrigo
4187,ORD01667,PRD017,G.Skill Trident Z5 32GB DDR5,Memory,G.Skill,CUS0286,2023-07-24,16:34:57,2023,7,149.99,64,1,0.05,142.49,81.69,57.3,In-Store,Debit Card,Completed,Ana
4188,ORD01668,PRD047,Corsair RM650 Modular,PSU,Corsair,CUS0335,2022-08-10,22:45:16,2022,8,89.99,38,2,0.15,152.98,88.38,57.8,Marketplace,PIX,Completed,Priscila
4189,ORD01668,PRD004,Samsung 870 EVO 500GB,Storage,Samsung,CUS0335,2022-08-10,22:45:16,2022,8,79.99,34,1,0.1,71.99,41.39,57.5,Online,PIX,Completed,Priscila
4190,ORD01669,PRD048,Corsair RM750 Modular,PSU,Corsair,CUS0245,2024-06-27,14:14:40,2024,6,109.99,47,1,0.0,109.99,62.99,57.3,Phone,Cash,Completed,Adriana
4191,ORD01669,PRD051,be quiet! Straight Power 850W,PSU,be quiet!,CUS0245,2024-06-27,14:14:40,2024,6,169.99,73,1,0.1,152.99,87.29,57.1,Phone,Debit Card,Completed,Adriana
4192,ORD01669,PRD059,Cooler Master Hyper 212,Cooler,Cooler Master,CUS0245,2024-06-27,14:14:40,2024,6,39.99,17,1,0.0,39.99,22.99,57.5,Reseller,Debit Card,Completed,Adriana
4193,ORD01670,PRD030,Intel Core i5-13600K,Processor,Intel,CUS0413,2023-12-31,14:13:45,2023,12,279.99,120,2,0.05,531.98,303.98,57.1,Phone,Debit Card,Completed,Roberto
4194,ORD01670,PRD008,Samsung 970 EVO 2TB,Storage,Samsung,CUS0413,2023-12-31,14:13:45,2023,12,219.99,94,1,0.2,175.99,100.79,57.3,In-Store,Bank Transfer,Completed,Roberto
4195,ORD01670,PRD003,Kingston A400 960GB,Storage,Kingston,CUS0413,2023-12-31,14:13:45,2023,12,89.99,38,2,0.0,179.98,103.98,57.8,In-Store,PIX,Completed,Roberto
4196,ORD01671,PRD003,Kingston A400 960GB,Storage,Kingston,CUS0160,2024-11-13,18:42:49,2024,11,89.99,38,1,0.0,89.99,51.99,57.8,In-Store,Debit Card,Completed,Larissa
4197,ORD01672,PRD006,Samsung 970 EVO 500GB,Storage,Samsung,CUS0253,2023-05-12,18:40:58,2023,5,69.99,29,1,0.1,62.99,36.89,58.6,In-Store,Credit Card,Completed,Natalia
4198,ORD01672,PRD055,Corsair H100i RGB 240mm,Cooler,Corsair,CUS0253,2023-05-12,18:40:58,2023,5,129.99,56,3,0.0,389.97,221.97,56.9,Phone,Cash,Completed,Natalia
4199,ORD01673,PRD014,Corsair Vengeance 16GB DDR4,Memory,Corsair,CUS0425,2024-02-08,22:09:02,2024,2,59.99,25,1,0.0,59.99,34.99,58.3,Reseller,Cash,Completed,Leandro
4200,ORD01673,PRD003,Kingston A400 960GB,Storage,Kingston,CUS0425,2024-02-08,22:09:02,2024,2,89.99,38,1,0.1,80.99,46.79,57.8,In-Store,Debit Card,Completed,Leandro
4201,ORD01673,PRD017,G.Skill Trident Z5 32GB DDR5,Memory,G.Skill,CUS0425,2024-02-08,22:09:02,2024,2,149.99,64,1,0.0,149.99,85.99,57.3,Online,Credit Card,Completed,Leandro
4202,ORD01673,PRD019,Kingston Fury Beast 16GB DDR4,Memory,Kingston,CUS0425,2024-02-08,22:09:02,2024,2,54.99,23,1,0.0,54.99,31.99,58.2,Reseller,Debit Card,Completed,Leandro
4203,ORD01674,PRD039,NVIDIA RTX 3070 8GB,GPU,NVIDIA,CUS0096,2024-07-14,12:29:26,2024,7,499.99,215,2,0.0,999.98,569.98,57.0,Marketplace,Credit Card,Completed,Natalia
4204,ORD01675,PRD019,Kingston Fury Beast 16GB DDR4,Memory,Kingston,CUS0324,2024-05-21,21:02:06,2024,5,54.99,23,1,0.0,54.99,31.99,58.2,Phone,Credit Card,Completed,Felipe
4205,ORD01675,PRD049,Corsair RM850 Modular,PSU,Corsair,CUS0324,2024-05-21,21:02:06,2024,5,139.99,60,3,0.1,377.97,215.97,57.1,Phone,Debit Card,Completed,Felipe
4206,ORD01675,PRD043,NVIDIA RTX 4080 16GB,GPU,NVIDIA,CUS0324,2024-05-21,21:02:06,2024,5,1199.99,516,1,0.0,1199.99,683.99,57.0,In-Store,Boleto,Completed,Felipe
4207,ORD01675,PRD035,AMD Ryzen 7 5800X3D,Processor,AMD,CUS0324,2024-05-21,21:02:06,2024,5,349.99,150,1,0.2,279.99,159.99,57.1,Marketplace,Boleto,Completed,Felipe
4208,ORD01676,PRD035,AMD Ryzen 7 5800X3D,Processor,AMD,CUS0382,2023-04-13,11:50:55,2023,4,349.99,150,1,0.0,349.99,199.99,57.1,Online,Cash,Completed,Patricia
4209,ORD01676,PRD039,NVIDIA RTX 3070 8GB,GPU,NVIDIA,CUS0382,2023-04-13,11:50:55,2023,4,499.99,215,1,0.1,449.99,256.49,57.0,In-Store,Boleto,Completed,Patricia
4210,ORD01677,PRD033,AMD Ryzen 5 5600X,Processor,AMD,CUS0133,2023-01-14,14:54:24,2023,1,229.99,98,2,0.0,459.98,263.98,57.4,Marketplace,Boleto,Completed,Carlos
4211,ORD01677,PRD023,ASUS TUF Gaming B660M,Motherboard,ASUS,CUS0133,2023-01-14,14:54:24,2023,1,159.99,68,1,0.0,159.99,91.99,57.5,In-Store,Cash,Completed,Carlos
4212,ORD01677,PRD017,G.Skill Trident Z5 32GB DDR5,Memory,G.Skill,CUS0133,2023-01-14,14:54:24,2023,1,149.99,64,2,0.0,299.98,171.98,57.3,In-Store,Debit Card,Completed,Carlos
4213,ORD01677,PRD010,WD Blue 1TB HDD,Storage,WD,CUS0133,2023-01-14,14:54:24,2023,1,44.99,19,1,0.1,40.49,23.39,57.8,In-Store,Cash,Completed,Carlos
4214,ORD01678,PRD042,NVIDIA RTX 4070 12GB,GPU,NVIDIA,CUS0409,2024-06-09,08:52:19,2024,6,599.99,258,1,0.05,569.99,324.89,57.0,Reseller,Credit Card,Completed,Tatiana
4215,ORD01678,PRD059,Cooler Master Hyper 212,Cooler,Cooler Master,CUS0409,2024-06-09,08:52:19,2024,6,39.99,17,2,0.0,79.98,45.98,57.5,Reseller,PIX,Completed,Tatiana
4216,ORD01679,PRD002,Kingston A400 480GB,Storage,Kingston,CUS0189,2024-07-16,18:38:43,2024,7,49.99,21,3,0.0,149.97,86.97,58.0,Marketplace,Cash,Completed,Beatriz
4217,ORD01679,PRD037,AMD Ryzen 9 7900X,Processor,AMD,CUS0189,2024-07-16,18:38:43,2024,7,549.99,236,1,0.0,549.99,313.99,57.1,Phone,Boleto,Completed,Beatriz
4218,ORD01679,PRD051,be quiet! Straight Power 850W,PSU,be quiet!,CUS0189,2024-07-16,18:38:43,2024,7,169.99,73,1,0.05,161.49,92.14,57.1,Phone,Bank Transfer,Completed,Beatriz
4219,ORD01680,PRD054,Noctua NH-U12S,Cooler,Noctua,CUS0447,2023-07-13,19:42:33,2023,7,69.99,30,1,0.1,62.99,35.99,57.1,Phone,PIX,Completed,Larissa
4220,ORD01680,PRD051,be quiet! Straight Power 850W,PSU,be quiet!,CUS0447,2023-07-13,19:42:33,2023,7,169.99,73,1,0.0,169.99,96.99,57.1,In-Store,Cash,Completed,Larissa
4221,ORD01681,PRD006,Samsung 970 EVO 500GB,Storage,Samsung,CUS0101,2023-10-11,14:52:17,2023,10,69.99,29,1,0.0,69.99,40.99,58.6,Reseller,Cash,Completed,Beatriz
4222,ORD01682,PRD042,NVIDIA RTX 4070 12GB,GPU,NVIDIA,CUS0008,2023-11-27,17:31:33,2023,11,599.99,258,1,0.05,569.99,324.89,57.0,Online,Boleto,Completed,Fernanda
4223,ORD01683,PRD019,Kingston Fury Beast 16GB DDR4,Memory,Kingston,CUS0369,2023-11-02,15:35:10,2023,11,54.99,23,1,0.15,46.74,27.19,58.2,Reseller,PIX,Completed,Juliana
4224,ORD01683,PRD045,AMD RX 6700 XT 12GB,GPU,AMD,CUS0369,2023-11-02,15:35:10,2023,11,399.99,172,2,0.05,759.98,433.18,57.0,In-Store,Credit Card,Completed,Juliana
4225,ORD01683,PRD028,Intel Core i3-12100,Processor,Intel,CUS0369,2023-11-02,15:35:10,2023,11,119.99,51,1,0.0,119.99,68.99,57.5,Online,Bank Transfer,Completed,Juliana
4226,ORD01684,PRD051,be quiet! Straight Power 850W,PSU,be quiet!,CUS0376,2023-05-28,16:44:41,2023,5,169.99,73,1,0.0,169.99,96.99,57.1,Online,Bank Transfer,Completed,Viviane
4227,ORD01684,PRD021,ASUS ROG Strix B550-F,Motherboard,ASUS,CUS0376,2023-05-28,16:44:41,2023,5,219.99,94,1,0.0,219.99,125.99,57.3,In-Store,Cash,Completed,Viviane
4228,ORD01685,PRD057,NZXT Kraken X73 360mm,Cooler,NZXT,CUS0361,2024-09-23,17:29:25,2024,9,189.99,81,1,0.1,170.99,98.09,57.4,Reseller,Credit Card,Completed,Renata
4229,ORD01686,PRD037,AMD Ryzen 9 7900X,Processor,AMD,CUS0175,2023-06-26,17:16:55,2023,6,549.99,236,2,0.0,1099.98,627.98,57.1,Marketplace,PIX,Completed,Sandra
4230,ORD01686,PRD034,AMD Ryzen 5 7600X,Processor,AMD,CUS0175,2023-06-26,17:16:55,2023,6,249.99,107,1,0.0,249.99,142.99,57.2,Marketplace,Bank Transfer,Completed,Sandra
4231,ORD01687,PRD013,Corsair Vengeance 8GB DDR4,Memory,Corsair,CUS0261,2024-04-13,10:23:12,2024,4,29.99,12,2,0.2,47.98,28.78,60.0,Reseller,Boleto,Completed,Patricia
4232,ORD01687,PRD051,be quiet! Straight Power 850W,PSU,be quiet!,CUS0261,2024-04-13,10:23:12,2024,4,169.99,73,1,0.0,169.99,96.99,57.1,Reseller,Boleto,Completed,Patricia
4233,ORD01687,PRD048,Corsair RM750 Modular,PSU,Corsair,CUS0261,2024-04-13,10:23:12,2024,4,109.99,47,1,0.0,109.99,62.99,57.3,Phone,Bank Transfer,Completed,Patricia
4234,ORD01687,PRD001,Kingston A400 240GB,Storage,Kingston,CUS0261,2024-04-13,10:23:12,2024,4,29.99,13,1,0.15,25.49,14.44,56.7,Online,Debit Card,Completed,Patricia
4235,ORD01688,PRD056,Corsair H150i Elite 360mm,Cooler,Corsair,CUS0378,2022-07-05,12:56:00,2022,7,169.99,73,1,0.2,135.99,77.59,57.1,In-Store,Bank Transfer,Completed,Leonardo
4236,ORD01689,PRD054,Noctua NH-U12S,Cooler,Noctua,CUS0187,2022-11-09,14:04:36,2022,11,69.99,30,1,0.0,69.99,39.99,57.1,In-Store,Bank Transfer,Completed,Rodrigo
4237,ORD01689,PRD048,Corsair RM750 Modular,PSU,Corsair,CUS0187,2022-11-09,14:04:36,2022,11,109.99,47,1,0.05,104.49,59.84,57.3,Marketplace,Boleto,Completed,Rodrigo
4238,ORD01689,PRD014,Corsair Vengeance 16GB DDR4,Memory,Corsair,CUS0187,2022-11-09,14:04:36,2022,11,59.99,25,2,0.05,113.98,66.48,58.3,Online,Bank Transfer,Completed,Rodrigo
4239,ORD01690,PRD015,Corsair Vengeance 32GB DDR4,Memory,Corsair,CUS0058,2023-03-19,16:18:48,2023,3,109.99,47,1,0.0,109.99,62.99,57.3,In-Store,Bank Transfer,Completed,Gabriel
4240,ORD01690,PRD032,Intel Core i9-12900K,Processor,Intel,CUS0058,2023-03-19,16:18:48,2023,3,569.99,245,2,0.0,1139.98,649.98,57.0,Marketplace,Cash,Completed,Gabriel
4241,ORD01690,PRD026,Gigabyte B550 AORUS Elite,Motherboard,Gigabyte,CUS0058,2023-03-19,16:18:48,2023,3,169.99,72,2,0.0,339.98,195.98,57.6,Phone,PIX,Completed,Gabriel
4242,ORD01690,PRD028,Intel Core i3-12100,Processor,Intel,CUS0058,2023-03-19,16:18:48,2023,3,119.99,51,1,0.1,107.99,62.09,57.5,Phone,Cash,Completed,Gabriel
4243,ORD01691,PRD027,Gigabyte Z790 AORUS Master,Motherboard,Gigabyte,CUS0479,2024-12-18,10:02:08,2024,12,449.99,193,2,0.0,899.98,513.98,57.1,In-Store,PIX,Completed,Alexandre
4244,ORD01691,PRD024,MSI MAG B550M MORTAR,Motherboard,MSI,CUS0479,2024-12-18,10:02:08,2024,12,129.99,55,1,0.15,110.49,63.74,57.7,Reseller,Credit Card,Completed,Alexandre
4245,ORD01691,PRD016,G.Skill Trident Z5 16GB DDR5,Memory,G.Skill,CUS0479,2024-12-18,10:02:08,2024,12,79.99,34,3,0.05,227.97,131.07,57.5,In-Store,Credit Card,Completed,Alexandre
4246,ORD01692,PRD049,Corsair RM850 Modular,PSU,Corsair,CUS0387,2023-08-09,09:16:40,2023,8,139.99,60,1,0.05,132.99,75.99,57.1,Online,Cash,Completed,Adriana
4247,ORD01692,PRD047,Corsair RM650 Modular,PSU,Corsair,CUS0387,2023-08-09,09:16:40,2023,8,89.99,38,1,0.0,89.99,51.99,57.8,Online,Credit Card,Completed,Adriana
4248,ORD01693,PRD027,Gigabyte Z790 AORUS Master,Motherboard,Gigabyte,CUS0055,2024-03-04,15:37:20,2024,3,449.99,193,1,0.05,427.49,244.14,57.1,Online,Bank Transfer,Completed,Carla
4249,ORD01693,PRD017,G.Skill Trident Z5 32GB DDR5,Memory,G.Skill,CUS0055,2024-03-04,15:37:20,2024,3,149.99,64,1,0.05,142.49,81.69,57.3,In-Store,Boleto,Completed,Carla
4250,ORD01693,PRD015,Corsair Vengeance 32GB DDR4,Memory,Corsair,CUS0055,2024-03-04,15:37:20,2024,3,109.99,47,1,0.0,109.99,62.99,57.3,Phone,Credit Card,Completed,Carla
4251,ORD01693,PRD055,Corsair H100i RGB 240mm,Cooler,Corsair,CUS0055,2024-03-04,15:37:20,2024,3,129.99,56,2,0.05,246.98,140.58,56.9,In-Store,Cash,Completed,Carla
4252,ORD01694,PRD055,Corsair H100i RGB 240mm,Cooler,Corsair,CUS0242,2022-09-14,22:47:48,2022,9,129.99,56,1,0.05,123.49,70.29,56.9,Phone,Debit Card,Completed,Gabriel
4253,ORD01695,PRD034,AMD Ryzen 5 7600X,Processor,AMD,CUS0268,2023-11-26,20:08:22,2023,11,249.99,107,2,0.0,499.98,285.98,57.2,Online,Debit Card,Completed,Tatiana
4254,ORD01695,PRD047,Corsair RM650 Modular,PSU,Corsair,CUS0268,2023-11-26,20:08:22,2023,11,89.99,38,1,0.15,76.49,44.19,57.8,Online,PIX,Completed,Tatiana
4255,ORD01696,PRD022,ASUS ROG Strix Z690-A,Motherboard,ASUS,CUS0300,2024-08-14,17:59:47,2024,8,319.99,137,1,0.0,319.99,182.99,57.2,In-Store,Bank Transfer,Completed,Fernanda
4256,ORD01697,PRD022,ASUS ROG Strix Z690-A,Motherboard,ASUS,CUS0238,2023-06-11,10:52:59,2023,6,319.99,137,3,0.15,815.97,466.62,57.2,Online,Bank Transfer,Completed,Lucas
4257,ORD01697,PRD001,Kingston A400 240GB,Storage,Kingston,CUS0238,2023-06-11,10:52:59,2023,6,29.99,13,1,0.05,28.49,16.14,56.7,Marketplace,Cash,Completed,Lucas
4258,ORD01697,PRD016,G.Skill Trident Z5 16GB DDR5,Memory,G.Skill,CUS0238,2023-06-11,10:52:59,2023,6,79.99,34,1,0.0,79.99,45.99,57.5,Online,PIX,Completed,Lucas
4259,ORD01697,PRD024,MSI MAG B550M MORTAR,Motherboard,MSI,CUS0238,2023-06-11,10:52:59,2023,6,129.99,55,3,0.0,389.97,224.97,57.7,Reseller,Boleto,Completed,Lucas
4260,ORD01698,PRD025,MSI PRO Z690-A,Motherboard,MSI,CUS0192,2024-12-28,12:55:51,2024,12,189.99,81,1,0.0,189.99,108.99,57.4,Phone,Bank Transfer,Completed,Larissa
4261,ORD01698,PRD008,Samsung 970 EVO 2TB,Storage,Samsung,CUS0192,2024-12-28,12:55:51,2024,12,219.99,94,1,0.0,219.99,125.99,57.3,Phone,Bank Transfer,Completed,Larissa
4262,ORD01699,PRD037,AMD Ryzen 9 7900X,Processor,AMD,CUS0418,2024-06-02,18:39:43,2024,6,549.99,236,1,0.0,549.99,313.99,57.1,Online,Credit Card,Completed,Bruno
4263,ORD01699,PRD021,ASUS ROG Strix B550-F,Motherboard,ASUS,CUS0418,2024-06-02,18:39:43,2024,6,219.99,94,1,0.25,164.99,94.49,57.3,Reseller,PIX,Completed,Bruno
4264,ORD01700,PRD031,Intel Core i7-12700K,Processor,Intel,CUS0068,2023-12-05,09:53:27,2023,12,369.99,159,1,0.05,351.49,200.44,57.0,Reseller,Cash,Completed,Roberto
4265,ORD01700,PRD043,NVIDIA RTX 4080 16GB,GPU,NVIDIA,CUS0068,2023-12-05,09:53:27,2023,12,1199.99,516,1,0.0,1199.99,683.99,57.0,Reseller,Bank Transfer,Completed,Roberto
4266,ORD01701,PRD031,Intel Core i7-12700K,Processor,Intel,CUS0460,2022-12-06,13:15:32,2022,12,369.99,159,1,0.0,369.99,210.99,57.0,Marketplace,Boleto,Completed,Leonardo
4267,ORD01701,PRD021,ASUS ROG Strix B550-F,Motherboard,ASUS,CUS0460,2022-12-06,13:15:32,2022,12,219.99,94,1,0.0,219.99,125.99,57.3,In-Store,Credit Card,Completed,Leonardo
4268,ORD01701,PRD011,Seagate Barracuda 2TB,Storage,Seagate,CUS0460,2022-12-06,13:15:32,2022,12,54.99,23,1,0.2,43.99,25.59,58.2,Marketplace,Debit Card,Completed,Leonardo
4269,ORD01702,PRD053,Noctua NH-D15,Cooler,Noctua,CUS0085,2022-06-24,19:12:25,2022,6,99.99,43,1,0.15,84.99,48.44,57.0,In-Store,PIX,Completed,Adriana
4270,ORD01703,PRD050,EVGA SuperNOVA 650W,PSU,EVGA,CUS0314,2023-01-19,08:42:23,2023,1,89.99,38,1,0.0,89.99,51.99,57.8,In-Store,Cash,Completed,Isabela
4271,ORD01703,PRD007,Samsung 970 EVO 1TB,Storage,Samsung,CUS0314,2023-01-19,08:42:23,2023,1,119.99,51,2,0.0,239.98,137.98,57.5,In-Store,Cash,Completed,Isabela
4272,ORD01703,PRD047,Corsair RM650 Modular,PSU,Corsair,CUS0314,2023-01-19,08:42:23,2023,1,89.99,38,1,0.1,80.99,46.79,57.8,In-Store,Debit Card,Completed,Isabela
4273,ORD01704,PRD022,ASUS ROG Strix Z690-A,Motherboard,ASUS,CUS0385,2022-09-03,11:09:17,2022,9,319.99,137,4,0.05,1215.96,695.36,57.2,In-Store,Credit Card,Completed,Mariana
4274,ORD01704,PRD018,G.Skill Trident Z5 64GB DDR5,Memory,G.Skill,CUS0385,2022-09-03,11:09:17,2022,9,289.99,124,1,0.0,289.99,165.99,57.2,Marketplace,Cash,Completed,Mariana
4275,ORD01705,PRD029,Intel Core i5-12400,Processor,Intel,CUS0330,2022-01-06,19:35:25,2022,1,199.99,86,3,0.0,599.97,341.97,57.0,Marketplace,Credit Card,Completed,Juliana
4276,ORD01705,PRD021,ASUS ROG Strix B550-F,Motherboard,ASUS,CUS0330,2022-01-06,19:35:25,2022,1,219.99,94,3,0.15,560.97,321.27,57.3,Online,Cash,Completed,Juliana
4277,ORD01706,PRD008,Samsung 970 EVO 2TB,Storage,Samsung,CUS0243,2022-06-03,09:29:34,2022,6,219.99,94,2,0.1,395.98,226.78,57.3,Phone,Boleto,Completed,Daniela
4278,ORD01707,PRD048,Corsair RM750 Modular,PSU,Corsair,CUS0329,2022-01-02,16:30:09,2022,1,109.99,47,1,0.05,104.49,59.84,57.3,Phone,Credit Card,Completed,Paulo
4279,ORD01707,PRD053,Noctua NH-D15,Cooler,Noctua,CUS0329,2022-01-02,16:30:09,2022,1,99.99,43,1,0.1,89.99,51.29,57.0,In-Store,Cash,Completed,Paulo
4280,ORD01707,PRD040,NVIDIA RTX 3080 10GB,GPU,NVIDIA,CUS0329,2022-01-02,16:30:09,2022,1,699.99,301,2,0.0,1399.98,797.98,57.0,Marketplace,Bank Transfer,Completed,Paulo
4281,ORD01708,PRD011,Seagate Barracuda 2TB,Storage,Seagate,CUS0309,2024-08-03,10:29:06,2024,8,54.99,23,2,0.0,109.98,63.98,58.2,In-Store,Debit Card,Completed,Ana
4282,ORD01708,PRD053,Noctua NH-D15,Cooler,Noctua,CUS0309,2024-08-03,10:29:06,2024,8,99.99,43,1,0.0,99.99,56.99,57.0,In-Store,Credit Card,Completed,Ana
4283,ORD01708,PRD010,WD Blue 1TB HDD,Storage,WD,CUS0309,2024-08-03,10:29:06,2024,8,44.99,19,1,0.0,44.99,25.99,57.8,In-Store,Credit Card,Completed,Ana
4284,ORD01709,PRD043,NVIDIA RTX 4080 16GB,GPU,NVIDIA,CUS0066,2024-02-11,17:24:24,2024,2,1199.99,516,1,0.0,1199.99,683.99,57.0,Online,PIX,Completed,Camila
4285,ORD01710,PRD057,NZXT Kraken X73 360mm,Cooler,NZXT,CUS0128,2024-07-18,19:33:18,2024,7,189.99,81,1,0.15,161.49,92.64,57.4,Online,PIX,Completed,Camila
4286,ORD01710,PRD012,Seagate Barracuda 4TB,Storage,Seagate,CUS0128,2024-07-18,19:33:18,2024,7,89.99,38,2,0.1,161.98,93.58,57.8,Phone,Cash,Completed,Camila
4287,ORD01710,PRD026,Gigabyte B550 AORUS Elite,Motherboard,Gigabyte,CUS0128,2024-07-18,19:33:18,2024,7,169.99,72,1,0.0,169.99,97.99,57.6,Online,Credit Card,Completed,Camila
4288,ORD01711,PRD013,Corsair Vengeance 8GB DDR4,Memory,Corsair,CUS0277,2024-01-17,19:58:49,2024,1,29.99,12,1,0.1,26.99,16.19,60.0,Online,Bank Transfer,Completed,Daniela
4289,ORD01712,PRD013,Corsair Vengeance 8GB DDR4,Memory,Corsair,CUS0410,2022-10-01,13:24:03,2022,10,29.99,12,1,0.1,26.99,16.19,60.0,Phone,Debit Card,Completed,Henrique
4290,ORD01712,PRD053,Noctua NH-D15,Cooler,Noctua,CUS0410,2022-10-01,13:24:03,2022,10,99.99,43,3,0.1,269.97,153.87,57.0,In-Store,Boleto,Completed,Henrique
4291,ORD01713,PRD009,WD Black SN850 1TB,Storage,WD,CUS0293,2023-06-20,15:17:29,2023,6,109.99,47,1,0.25,82.49,47.24,57.3,Online,Credit Card,Completed,Daniela
4292,ORD01714,PRD006,Samsung 970 EVO 500GB,Storage,Samsung,CUS0482,2023-10-13,10:30:53,2023,10,69.99,29,1,0.1,62.99,36.89,58.6,Reseller,Bank Transfer,Completed,Felipe
4293,ORD01714,PRD048,Corsair RM750 Modular,PSU,Corsair,CUS0482,2023-10-13,10:30:53,2023,10,109.99,47,1,0.0,109.99,62.99,57.3,Marketplace,Bank Transfer,Completed,Felipe
4294,ORD01714,PRD035,AMD Ryzen 7 5800X3D,Processor,AMD,CUS0482,2023-10-13,10:30:53,2023,10,349.99,150,2,0.0,699.98,399.98,57.1,In-Store,Debit Card,Completed,Felipe
4295,ORD01715,PRD035,AMD Ryzen 7 5800X3D,Processor,AMD,CUS0472,2024-12-01,11:42:50,2024,12,349.99,150,3,0.05,997.47,569.97,57.1,Phone,Boleto,Completed,Adriana
4296,ORD01716,PRD017,G.Skill Trident Z5 32GB DDR5,Memory,G.Skill,CUS0237,2023-07-20,08:56:15,2023,7,149.99,64,1,0.0,149.99,85.99,57.3,In-Store,Credit Card,Completed,Rodrigo
4297,ORD01716,PRD052,Thermaltake Toughpower 1000W,PSU,Thermaltake,CUS0237,2023-07-20,08:56:15,2023,7,189.99,81,1,0.0,189.99,108.99,57.4,Reseller,Credit Card,Completed,Rodrigo
4298,ORD01716,PRD022,ASUS ROG Strix Z690-A,Motherboard,ASUS,CUS0237,2023-07-20,08:56:15,2023,7,319.99,137,1,0.2,255.99,146.39,57.2,Reseller,Boleto,Completed,Rodrigo
4299,ORD01716,PRD028,Intel Core i3-12100,Processor,Intel,CUS0237,2023-07-20,08:56:15,2023,7,119.99,51,3,0.1,323.97,186.27,57.5,Reseller,PIX,Completed,Rodrigo
4300,ORD01717,PRD010,WD Blue 1TB HDD,Storage,WD,CUS0179,2022-01-02,16:47:27,2022,1,44.99,19,1,0.0,44.99,25.99,57.8,In-Store,Cash,Completed,Viviane
4301,ORD01717,PRD026,Gigabyte B550 AORUS Elite,Motherboard,Gigabyte,CUS0179,2022-01-02,16:47:27,2022,1,169.99,72,1,0.05,161.49,93.09,57.6,Phone,Boleto,Completed,Viviane
4302,ORD01717,PRD040,NVIDIA RTX 3080 10GB,GPU,NVIDIA,CUS0179,2022-01-02,16:47:27,2022,1,699.99,301,3,0.0,2099.97,1196.97,57.0,Marketplace,Cash,Completed,Viviane
4303,ORD01717,PRD012,Seagate Barracuda 4TB,Storage,Seagate,CUS0179,2022-01-02,16:47:27,2022,1,89.99,38,1,0.0,89.99,51.99,57.8,Reseller,PIX,Completed,Viviane
4304,ORD01718,PRD052,Thermaltake Toughpower 1000W,PSU,Thermaltake,CUS0052,2022-01-30,22:21:19,2022,1,189.99,81,1,0.1,170.99,98.09,57.4,Online,PIX,Completed,Larissa
4305,ORD01718,PRD012,Seagate Barracuda 4TB,Storage,Seagate,CUS0052,2022-01-30,22:21:19,2022,1,89.99,38,2,0.0,179.98,103.98,57.8,Online,Boleto,Completed,Larissa
4306,ORD01718,PRD026,Gigabyte B550 AORUS Elite,Motherboard,Gigabyte,CUS0052,2022-01-30,22:21:19,2022,1,169.99,72,1,0.0,169.99,97.99,57.6,Reseller,Bank Transfer,Completed,Larissa
4307,ORD01719,PRD013,Corsair Vengeance 8GB DDR4,Memory,Corsair,CUS0420,2023-12-20,18:56:49,2023,12,29.99,12,2,0.0,59.98,35.98,60.0,Online,Cash,Completed,Diego
4308,ORD01719,PRD025,MSI PRO Z690-A,Motherboard,MSI,CUS0420,2023-12-20,18:56:49,2023,12,189.99,81,3,0.2,455.98,261.58,57.4,Online,PIX,Completed,Diego
4309,ORD01720,PRD054,Noctua NH-U12S,Cooler,Noctua,CUS0410,2024-06-11,11:13:47,2024,6,69.99,30,2,0.0,139.98,79.98,57.1,Marketplace,Debit Card,Completed,Henrique
4310,ORD01720,PRD051,be quiet! Straight Power 850W,PSU,be quiet!,CUS0410,2024-06-11,11:13:47,2024,6,169.99,73,1,0.0,169.99,96.99,57.1,In-Store,Bank Transfer,Completed,Henrique
4311,ORD01720,PRD028,Intel Core i3-12100,Processor,Intel,CUS0410,2024-06-11,11:13:47,2024,6,119.99,51,1,0.0,119.99,68.99,57.5,Online,Bank Transfer,Completed,Henrique
4312,ORD01720,PRD002,Kingston A400 480GB,Storage,Kingston,CUS0410,2024-06-11,11:13:47,2024,6,49.99,21,1,0.0,49.99,28.99,58.0,In-Store,Debit Card,Completed,Henrique
4313,ORD01721,PRD009,WD Black SN850 1TB,Storage,WD,CUS0240,2024-04-04,17:32:26,2024,4,109.99,47,1,0.0,109.99,62.99,57.3,Marketplace,Boleto,Completed,Cristina
4314,ORD01722,PRD042,NVIDIA RTX 4070 12GB,GPU,NVIDIA,CUS0039,2022-06-23,17:05:53,2022,6,599.99,258,1,0.25,449.99,256.49,57.0,Reseller,Bank Transfer,Completed,Carlos
4315,ORD01722,PRD018,G.Skill Trident Z5 64GB DDR5,Memory,G.Skill,CUS0039,2022-06-23,17:05:53,2022,6,289.99,124,1,0.0,289.99,165.99,57.2,Marketplace,Credit Card,Completed,Carlos
4316,ORD01723,PRD005,Samsung 870 EVO 1TB,Storage,Samsung,CUS0356,2024-05-30,22:04:51,2024,5,129.99,56,1,0.0,129.99,73.99,56.9,Online,Debit Card,Completed,Marcelo
4317,ORD01723,PRD041,NVIDIA RTX 4060 8GB,GPU,NVIDIA,CUS0356,2024-05-30,22:04:51,2024,5,299.99,129,1,0.0,299.99,170.99,57.0,Reseller,Cash,Completed,Marcelo
4318,ORD01724,PRD002,Kingston A400 480GB,Storage,Kingston,CUS0371,2024-05-02,16:56:58,2024,5,49.99,21,1,0.1,44.99,26.09,58.0,Online,Boleto,Completed,Leandro
4319,ORD01724,PRD015,Corsair Vengeance 32GB DDR4,Memory,Corsair,CUS0371,2024-05-02,16:56:58,2024,5,109.99,47,1,0.0,109.99,62.99,57.3,Online,PIX,Completed,Leandro
4320,ORD01725,PRD053,Noctua NH-D15,Cooler,Noctua,CUS0472,2024-09-24,16:34:33,2024,9,99.99,43,1,0.05,94.99,54.14,57.0,Online,Cash,Completed,Adriana
4321,ORD01725,PRD003,Kingston A400 960GB,Storage,Kingston,CUS0472,2024-09-24,16:34:33,2024,9,89.99,38,2,0.05,170.98,98.78,57.8,Phone,Debit Card,Completed,Adriana
4322,ORD01726,PRD015,Corsair Vengeance 32GB DDR4,Memory,Corsair,CUS0247,2024-07-15,11:42:40,2024,7,109.99,47,1,0.0,109.99,62.99,57.3,Reseller,Bank Transfer,Completed,Patricia
4323,ORD01727,PRD057,NZXT Kraken X73 360mm,Cooler,NZXT,CUS0474,2024-10-13,14:19:53,2024,10,189.99,81,1,0.0,189.99,108.99,57.4,Reseller,Debit Card,Completed,Isabela
4324,ORD01727,PRD001,Kingston A400 240GB,Storage,Kingston,CUS0474,2024-10-13,14:19:53,2024,10,29.99,13,2,0.0,59.98,33.98,56.7,Phone,Bank Transfer,Completed,Isabela
4325,ORD01727,PRD036,AMD Ryzen 9 5900X,Processor,AMD,CUS0474,2024-10-13,14:19:53,2024,10,449.99,193,1,0.05,427.49,244.14,57.1,Phone,Credit Card,Completed,Isabela
4326,ORD01728,PRD029,Intel Core i5-12400,Processor,Intel,CUS0347,2024-01-12,09:53:06,2024,1,199.99,86,2,0.15,339.98,193.78,57.0,Reseller,Boleto,Completed,Bruno
4327,ORD01728,PRD032,Intel Core i9-12900K,Processor,Intel,CUS0347,2024-01-12,09:53:06,2024,1,569.99,245,3,0.1,1538.97,877.47,57.0,Reseller,PIX,Completed,Bruno
4328,ORD01728,PRD060,Thermaltake UX200 ARGB,Cooler,Thermaltake,CUS0347,2024-01-12,09:53:06,2024,1,34.99,15,1,0.05,33.24,18.99,57.1,Marketplace,Credit Card,Completed,Bruno
4329,ORD01729,PRD018,G.Skill Trident Z5 64GB DDR5,Memory,G.Skill,CUS0350,2022-12-08,10:25:12,2022,12,289.99,124,1,0.0,289.99,165.99,57.2,In-Store,PIX,Completed,Henrique
4330,ORD01729,PRD058,DeepCool AK620,Cooler,DeepCool,CUS0350,2022-12-08,10:25:12,2022,12,54.99,23,4,0.15,186.97,108.77,58.2,Online,Cash,Completed,Henrique
4331,ORD01730,PRD004,Samsung 870 EVO 500GB,Storage,Samsung,CUS0129,2022-04-12,17:29:48,2022,4,79.99,34,1,0.0,79.99,45.99,57.5,Reseller,Boleto,Completed,Leticia
4332,ORD01730,PRD042,NVIDIA RTX 4070 12GB,GPU,NVIDIA,CUS0129,2022-04-12,17:29:48,2022,4,599.99,258,1,0.15,509.99,290.69,57.0,Phone,Boleto,Completed,Leticia
4333,ORD01731,PRD020,Kingston Fury Beast 32GB DDR4,Memory,Kingston,CUS0322,2024-01-27,14:26:35,2024,1,99.99,43,1,0.0,99.99,56.99,57.0,In-Store,Credit Card,Completed,Carlos
4334,ORD01731,PRD025,MSI PRO Z690-A,Motherboard,MSI,CUS0322,2024-01-27,14:26:35,2024,1,189.99,81,1,0.1,170.99,98.09,57.4,Phone,Credit Card,Completed,Carlos
4335,ORD01732,PRD024,MSI MAG B550M MORTAR,Motherboard,MSI,CUS0483,2024-12-05,18:54:01,2024,12,129.99,55,1,0.0,129.99,74.99,57.7,Phone,Boleto,Completed,João
4336,ORD01733,PRD039,NVIDIA RTX 3070 8GB,GPU,NVIDIA,CUS0257,2024-05-28,11:50:04,2024,5,499.99,215,1,0.0,499.99,284.99,57.0,Marketplace,Cash,Completed,Leonardo
4337,ORD01733,PRD059,Cooler Master Hyper 212,Cooler,Cooler Master,CUS0257,2024-05-28,11:50:04,2024,5,39.99,17,4,0.0,159.96,91.96,57.5,Phone,Boleto,Completed,Leonardo
4338,ORD01733,PRD002,Kingston A400 480GB,Storage,Kingston,CUS0257,2024-05-28,11:50:04,2024,5,49.99,21,1,0.05,47.49,27.54,58.0,Online,Credit Card,Completed,Leonardo
4339,ORD01733,PRD018,G.Skill Trident Z5 64GB DDR5,Memory,G.Skill,CUS0257,2024-05-28,11:50:04,2024,5,289.99,124,3,0.0,869.97,497.97,57.2,Phone,Debit Card,Completed,Leonardo
4340,ORD01734,PRD040,NVIDIA RTX 3080 10GB,GPU,NVIDIA,CUS0450,2024-09-30,09:19:40,2024,9,699.99,301,2,0.0,1399.98,797.98,57.0,Reseller,Debit Card,Completed,Thiago
4341,ORD01734,PRD014,Corsair Vengeance 16GB DDR4,Memory,Corsair,CUS0450,2024-09-30,09:19:40,2024,9,59.99,25,1,0.0,59.99,34.99,58.3,Reseller,Cash,Completed,Thiago
4342,ORD01734,PRD006,Samsung 970 EVO 500GB,Storage,Samsung,CUS0450,2024-09-30,09:19:40,2024,9,69.99,29,2,0.05,132.98,77.88,58.6,Phone,Bank Transfer,Completed,Thiago
4343,ORD01735,PRD055,Corsair H100i RGB 240mm,Cooler,Corsair,CUS0332,2022-07-25,14:52:04,2022,7,129.99,56,1,0.0,129.99,73.99,56.9,In-Store,Cash,Completed,Monica
4344,ORD01735,PRD058,DeepCool AK620,Cooler,DeepCool,CUS0332,2022-07-25,14:52:04,2022,7,54.99,23,2,0.1,98.98,57.58,58.2,Marketplace,Bank Transfer,Completed,Monica
4345,ORD01735,PRD005,Samsung 870 EVO 1TB,Storage,Samsung,CUS0332,2022-07-25,14:52:04,2022,7,129.99,56,1,0.0,129.99,73.99,56.9,Marketplace,Bank Transfer,Completed,Monica
4346,ORD01735,PRD054,Noctua NH-U12S,Cooler,Noctua,CUS0332,2022-07-25,14:52:04,2022,7,69.99,30,3,0.05,199.47,113.97,57.1,In-Store,Debit Card,Completed,Monica
4347,ORD01736,PRD051,be quiet! Straight Power 850W,PSU,be quiet!,CUS0362,2023-09-24,22:00:24,2023,9,169.99,73,1,0.15,144.49,82.44,57.1,Online,Boleto,Completed,Fernanda
4348,ORD01736,PRD031,Intel Core i7-12700K,Processor,Intel,CUS0362,2023-09-24,22:00:24,2023,9,369.99,159,1,0.0,369.99,210.99,57.0,In-Store,PIX,Completed,Fernanda
4349,ORD01737,PRD037,AMD Ryzen 9 7900X,Processor,AMD,CUS0419,2022-06-29,18:19:58,2022,6,549.99,236,2,0.05,1044.98,596.58,57.1,Marketplace,PIX,Completed,Daniela
4350,ORD01737,PRD036,AMD Ryzen 9 5900X,Processor,AMD,CUS0419,2022-06-29,18:19:58,2022,6,449.99,193,2,0.0,899.98,513.98,57.1,In-Store,Debit Card,Completed,Daniela
4351,ORD01738,PRD058,DeepCool AK620,Cooler,DeepCool,CUS0156,2022-07-08,12:34:09,2022,7,54.99,23,1,0.0,54.99,31.99,58.2,Marketplace,Boleto,Completed,Alexandre
4352,ORD01738,PRD022,ASUS ROG Strix Z690-A,Motherboard,ASUS,CUS0156,2022-07-08,12:34:09,2022,7,319.99,137,1,0.0,319.99,182.99,57.2,Reseller,Bank Transfer,Completed,Alexandre
4353,ORD01738,PRD026,Gigabyte B550 AORUS Elite,Motherboard,Gigabyte,CUS0156,2022-07-08,12:34:09,2022,7,169.99,72,1,0.1,152.99,88.19,57.6,Online,PIX,Completed,Alexandre
4354,ORD01738,PRD035,AMD Ryzen 7 5800X3D,Processor,AMD,CUS0156,2022-07-08,12:34:09,2022,7,349.99,150,2,0.0,699.98,399.98,57.1,Marketplace,Credit Card,Completed,Alexandre
4355,ORD01739,PRD025,MSI PRO Z690-A,Motherboard,MSI,CUS0014,2023-12-02,20:05:38,2023,12,189.99,81,1,0.0,189.99,108.99,57.4,Phone,Bank Transfer,Completed,Renata
4356,ORD01739,PRD053,Noctua NH-D15,Cooler,Noctua,CUS0014,2023-12-02,20:05:38,2023,12,99.99,43,1,0.15,84.99,48.44,57.0,Reseller,Debit Card,Completed,Renata
4357,ORD01739,PRD041,NVIDIA RTX 4060 8GB,GPU,NVIDIA,CUS0014,2023-12-02,20:05:38,2023,12,299.99,129,1,0.25,224.99,128.24,57.0,Online,Bank Transfer,Completed,Renata
4358,ORD01740,PRD052,Thermaltake Toughpower 1000W,PSU,Thermaltake,CUS0263,2024-01-20,18:21:16,2024,1,189.99,81,1,0.0,189.99,108.99,57.4,Phone,Bank Transfer,Completed,Sergio
4359,ORD01740,PRD034,AMD Ryzen 5 7600X,Processor,AMD,CUS0263,2024-01-20,18:21:16,2024,1,249.99,107,1,0.2,199.99,114.39,57.2,In-Store,Bank Transfer,Completed,Sergio
4360,ORD01741,PRD028,Intel Core i3-12100,Processor,Intel,CUS0126,2022-08-22,15:25:04,2022,8,119.99,51,1,0.0,119.99,68.99,57.5,Reseller,Debit Card,Completed,Vanessa
4361,ORD01741,PRD011,Seagate Barracuda 2TB,Storage,Seagate,CUS0126,2022-08-22,15:25:04,2022,8,54.99,23,3,0.05,156.72,91.17,58.2,Online,Bank Transfer,Completed,Vanessa
4362,ORD01741,PRD019,Kingston Fury Beast 16GB DDR4,Memory,Kingston,CUS0126,2022-08-22,15:25:04,2022,8,54.99,23,2,0.0,109.98,63.98,58.2,Online,Credit Card,Completed,Vanessa
4363,ORD01742,PRD018,G.Skill Trident Z5 64GB DDR5,Memory,G.Skill,CUS0223,2023-07-19,20:40:28,2023,7,289.99,124,1,0.15,246.49,141.09,57.2,In-Store,Cash,Completed,Ricardo
4364,ORD01742,PRD011,Seagate Barracuda 2TB,Storage,Seagate,CUS0223,2023-07-19,20:40:28,2023,7,54.99,23,3,0.25,123.73,71.98,58.2,In-Store,PIX,Completed,Ricardo
4365,ORD01742,PRD056,Corsair H150i Elite 360mm,Cooler,Corsair,CUS0223,2023-07-19,20:40:28,2023,7,169.99,73,3,0.05,484.47,276.42,57.1,Online,Cash,Completed,Ricardo
4366,ORD01742,PRD033,AMD Ryzen 5 5600X,Processor,AMD,CUS0223,2023-07-19,20:40:28,2023,7,229.99,98,1,0.1,206.99,118.79,57.4,Online,PIX,Completed,Ricardo
4367,ORD01743,PRD046,AMD RX 7900 XTX 24GB,GPU,AMD,CUS0293,2023-08-08,09:05:08,2023,8,999.99,430,2,0.0,1999.98,1139.98,57.0,Phone,Bank Transfer,Completed,Daniela
4368,ORD01744,PRD023,ASUS TUF Gaming B660M,Motherboard,ASUS,CUS0205,2022-04-22,19:40:35,2022,4,159.99,68,2,0.05,303.98,174.78,57.5,Marketplace,Debit Card,Completed,Leonardo
4369,ORD01744,PRD044,AMD RX 6600 8GB,GPU,AMD,CUS0205,2022-04-22,19:40:35,2022,4,289.99,124,1,0.05,275.49,157.69,57.2,Reseller,PIX,Completed,Leonardo
4370,ORD01745,PRD055,Corsair H100i RGB 240mm,Cooler,Corsair,CUS0267,2023-07-28,14:10:42,2023,7,129.99,56,1,0.0,129.99,73.99,56.9,In-Store,Bank Transfer,Completed,Bruno
4371,ORD01745,PRD027,Gigabyte Z790 AORUS Master,Motherboard,Gigabyte,CUS0267,2023-07-28,14:10:42,2023,7,449.99,193,2,0.05,854.98,488.28,57.1,Phone,Cash,Completed,Bruno
4372,ORD01745,PRD057,NZXT Kraken X73 360mm,Cooler,NZXT,CUS0267,2023-07-28,14:10:42,2023,7,189.99,81,2,0.0,379.98,217.98,57.4,Reseller,Debit Card,Completed,Bruno
4373,ORD01745,PRD035,AMD Ryzen 7 5800X3D,Processor,AMD,CUS0267,2023-07-28,14:10:42,2023,7,349.99,150,1,0.1,314.99,179.99,57.1,Reseller,Boleto,Completed,Bruno
4374,ORD01746,PRD012,Seagate Barracuda 4TB,Storage,Seagate,CUS0152,2022-01-28,21:19:26,2022,1,89.99,38,1,0.0,89.99,51.99,57.8,Reseller,Boleto,Completed,Lucas
4375,ORD01746,PRD032,Intel Core i9-12900K,Processor,Intel,CUS0152,2022-01-28,21:19:26,2022,1,569.99,245,1,0.0,569.99,324.99,57.0,Phone,Cash,Completed,Lucas
4376,ORD01746,PRD051,be quiet! Straight Power 850W,PSU,be quiet!,CUS0152,2022-01-28,21:19:26,2022,1,169.99,73,1,0.0,169.99,96.99,57.1,In-Store,Boleto,Completed,Lucas
4377,ORD01747,PRD024,MSI MAG B550M MORTAR,Motherboard,MSI,CUS0204,2022-09-15,15:18:33,2022,9,129.99,55,1,0.05,123.49,71.24,57.7,Reseller,Bank Transfer,Completed,Pedro
4378,ORD01748,PRD009,WD Black SN850 1TB,Storage,WD,CUS0223,2024-02-04,17:11:25,2024,2,109.99,47,1,0.0,109.99,62.99,57.3,Reseller,Boleto,Completed,Ricardo
4379,ORD01748,PRD056,Corsair H150i Elite 360mm,Cooler,Corsair,CUS0223,2024-02-04,17:11:25,2024,2,169.99,73,1,0.15,144.49,82.44,57.1,Phone,PIX,Completed,Ricardo
4380,ORD01749,PRD039,NVIDIA RTX 3070 8GB,GPU,NVIDIA,CUS0066,2023-12-21,09:50:40,2023,12,499.99,215,1,0.05,474.99,270.74,57.0,Phone,PIX,Completed,Camila
4381,ORD01749,PRD014,Corsair Vengeance 16GB DDR4,Memory,Corsair,CUS0066,2023-12-21,09:50:40,2023,12,59.99,25,1,0.0,59.99,34.99,58.3,Online,Boleto,Completed,Camila
4382,ORD01749,PRD024,MSI MAG B550M MORTAR,Motherboard,MSI,CUS0066,2023-12-21,09:50:40,2023,12,129.99,55,1,0.15,110.49,63.74,57.7,Marketplace,Debit Card,Completed,Camila
4383,ORD01749,PRD003,Kingston A400 960GB,Storage,Kingston,CUS0066,2023-12-21,09:50:40,2023,12,89.99,38,1,0.2,71.99,41.59,57.8,Phone,Boleto,Completed,Camila
4384,ORD01750,PRD029,Intel Core i5-12400,Processor,Intel,CUS0154,2024-07-24,19:20:13,2024,7,199.99,86,2,0.0,399.98,227.98,57.0,In-Store,Cash,Completed,Aline
4385,ORD01750,PRD013,Corsair Vengeance 8GB DDR4,Memory,Corsair,CUS0154,2024-07-24,19:20:13,2024,7,29.99,12,1,0.0,29.99,17.99,60.0,Phone,Boleto,Completed,Aline
4386,ORD01750,PRD032,Intel Core i9-12900K,Processor,Intel,CUS0154,2024-07-24,19:20:13,2024,7,569.99,245,2,0.15,968.98,552.48,57.0,Phone,Cash,Completed,Aline
4387,ORD01751,PRD004,Samsung 870 EVO 500GB,Storage,Samsung,CUS0111,2023-12-13,14:43:30,2023,12,79.99,34,1,0.05,75.99,43.69,57.5,In-Store,Credit Card,Completed,Henrique
4388,ORD01751,PRD016,G.Skill Trident Z5 16GB DDR5,Memory,G.Skill,CUS0111,2023-12-13,14:43:30,2023,12,79.99,34,1,0.15,67.99,39.09,57.5,In-Store,Debit Card,Completed,Henrique
4389,ORD01751,PRD060,Thermaltake UX200 ARGB,Cooler,Thermaltake,CUS0111,2023-12-13,14:43:30,2023,12,34.99,15,3,0.0,104.97,59.97,57.1,In-Store,Boleto,Completed,Henrique
4390,ORD01751,PRD007,Samsung 970 EVO 1TB,Storage,Samsung,CUS0111,2023-12-13,14:43:30,2023,12,119.99,51,4,0.1,431.96,248.36,57.5,Marketplace,Credit Card,Completed,Henrique
4391,ORD01752,PRD039,NVIDIA RTX 3070 8GB,GPU,NVIDIA,CUS0178,2022-10-29,09:21:24,2022,10,499.99,215,1,0.0,499.99,284.99,57.0,In-Store,Credit Card,Completed,Fernanda
4392,ORD01752,PRD019,Kingston Fury Beast 16GB DDR4,Memory,Kingston,CUS0178,2022-10-29,09:21:24,2022,10,54.99,23,2,0.1,98.98,57.58,58.2,In-Store,PIX,Completed,Fernanda
4393,ORD01752,PRD006,Samsung 970 EVO 500GB,Storage,Samsung,CUS0178,2022-10-29,09:21:24,2022,10,69.99,29,4,0.05,265.96,155.76,58.6,Reseller,Boleto,Completed,Fernanda
4394,ORD01753,PRD037,AMD Ryzen 9 7900X,Processor,AMD,CUS0041,2023-04-29,16:06:03,2023,4,549.99,236,2,0.05,1044.98,596.58,57.1,Online,PIX,Completed,Paulo
4395,ORD01754,PRD037,AMD Ryzen 9 7900X,Processor,AMD,CUS0152,2022-01-01,18:59:23,2022,1,549.99,236,1,0.05,522.49,298.29,57.1,Phone,Credit Card,Completed,Lucas
4396,ORD01754,PRD055,Corsair H100i RGB 240mm,Cooler,Corsair,CUS0152,2022-01-01,18:59:23,2022,1,129.99,56,2,0.1,233.98,133.18,56.9,Reseller,Boleto,Completed,Lucas
4397,ORD01754,PRD030,Intel Core i5-13600K,Processor,Intel,CUS0152,2022-01-01,18:59:23,2022,1,279.99,120,1,0.0,279.99,159.99,57.1,Online,Bank Transfer,Completed,Lucas
4398,ORD01755,PRD023,ASUS TUF Gaming B660M,Motherboard,ASUS,CUS0108,2024-12-21,09:46:47,2024,12,159.99,68,1,0.0,159.99,91.99,57.5,Marketplace,PIX,Completed,Carlos
4399,ORD01755,PRD001,Kingston A400 240GB,Storage,Kingston,CUS0108,2024-12-21,09:46:47,2024,12,29.99,13,1,0.0,29.99,16.99,56.7,Phone,Boleto,Completed,Carlos
4400,ORD01755,PRD004,Samsung 870 EVO 500GB,Storage,Samsung,CUS0108,2024-12-21,09:46:47,2024,12,79.99,34,3,0.1,215.97,124.17,57.5,Marketplace,Debit Card,Completed,Carlos
4401,ORD01756,PRD032,Intel Core i9-12900K,Processor,Intel,CUS0406,2022-11-26,22:12:48,2022,11,569.99,245,1,0.15,484.49,276.24,57.0,Online,Cash,Completed,Fabio
4402,ORD01757,PRD027,Gigabyte Z790 AORUS Master,Motherboard,Gigabyte,CUS0371,2022-10-29,09:35:03,2022,10,449.99,193,1,0.0,449.99,256.99,57.1,Marketplace,Debit Card,Completed,Leandro
4403,ORD01757,PRD034,AMD Ryzen 5 7600X,Processor,AMD,CUS0371,2022-10-29,09:35:03,2022,10,249.99,107,3,0.0,749.97,428.97,57.2,Marketplace,Debit Card,Completed,Leandro
4404,ORD01758,PRD028,Intel Core i3-12100,Processor,Intel,CUS0249,2023-02-07,13:57:48,2023,2,119.99,51,2,0.0,239.98,137.98,57.5,Online,Debit Card,Completed,Gabriel
4405,ORD01758,PRD020,Kingston Fury Beast 32GB DDR4,Memory,Kingston,CUS0249,2023-02-07,13:57:48,2023,2,99.99,43,2,0.1,179.98,102.58,57.0,Reseller,Debit Card,Completed,Gabriel
4406,ORD01758,PRD013,Corsair Vengeance 8GB DDR4,Memory,Corsair,CUS0249,2023-02-07,13:57:48,2023,2,29.99,12,1,0.05,28.49,17.09,60.0,Online,Boleto,Completed,Gabriel
4407,ORD01759,PRD041,NVIDIA RTX 4060 8GB,GPU,NVIDIA,CUS0479,2024-05-16,17:02:04,2024,5,299.99,129,1,0.2,239.99,136.79,57.0,Phone,Cash,Completed,Alexandre
4408,ORD01760,PRD019,Kingston Fury Beast 16GB DDR4,Memory,Kingston,CUS0088,2024-12-30,12:20:47,2024,12,54.99,23,3,0.0,164.97,95.97,58.2,Phone,Credit Card,Completed,Tatiana
4409,ORD01760,PRD004,Samsung 870 EVO 500GB,Storage,Samsung,CUS0088,2024-12-30,12:20:47,2024,12,79.99,34,1,0.0,79.99,45.99,57.5,Marketplace,Bank Transfer,Completed,Tatiana
4410,ORD01760,PRD037,AMD Ryzen 9 7900X,Processor,AMD,CUS0088,2024-12-30,12:20:47,2024,12,549.99,236,2,0.2,879.98,502.38,57.1,Phone,Bank Transfer,Completed,Tatiana
4411,ORD01760,PRD054,Noctua NH-U12S,Cooler,Noctua,CUS0088,2024-12-30,12:20:47,2024,12,69.99,30,4,0.2,223.97,127.97,57.1,Phone,Boleto,Completed,Tatiana
4412,ORD01761,PRD040,NVIDIA RTX 3080 10GB,GPU,NVIDIA,CUS0097,2022-09-16,08:42:02,2022,9,699.99,301,1,0.0,699.99,398.99,57.0,Phone,Cash,Completed,Roberto
4413,ORD01761,PRD034,AMD Ryzen 5 7600X,Processor,AMD,CUS0097,2022-09-16,08:42:02,2022,9,249.99,107,1,0.0,249.99,142.99,57.2,Marketplace,Debit Card,Completed,Roberto
4414,ORD01761,PRD019,Kingston Fury Beast 16GB DDR4,Memory,Kingston,CUS0097,2022-09-16,08:42:02,2022,9,54.99,23,2,0.1,98.98,57.58,58.2,Online,Bank Transfer,Completed,Roberto
4415,ORD01761,PRD047,Corsair RM650 Modular,PSU,Corsair,CUS0097,2022-09-16,08:42:02,2022,9,89.99,38,1,0.0,89.99,51.99,57.8,In-Store,Credit Card,Completed,Roberto
4416,ORD01762,PRD022,ASUS ROG Strix Z690-A,Motherboard,ASUS,CUS0156,2022-11-13,14:10:59,2022,11,319.99,137,1,0.0,319.99,182.99,57.2,Marketplace,Boleto,Completed,Alexandre
4417,ORD01762,PRD059,Cooler Master Hyper 212,Cooler,Cooler Master,CUS0156,2022-11-13,14:10:59,2022,11,39.99,17,1,0.0,39.99,22.99,57.5,Reseller,Bank Transfer,Completed,Alexandre
4418,ORD01763,PRD059,Cooler Master Hyper 212,Cooler,Cooler Master,CUS0004,2022-12-02,13:51:24,2022,12,39.99,17,2,0.1,71.98,41.38,57.5,Phone,Cash,Completed,Leandro
4419,ORD01764,PRD006,Samsung 970 EVO 500GB,Storage,Samsung,CUS0350,2024-06-08,13:57:51,2024,6,69.99,29,1,0.05,66.49,38.94,58.6,Marketplace,Boleto,Completed,Henrique
4420,ORD01765,PRD033,AMD Ryzen 5 5600X,Processor,AMD,CUS0151,2024-10-03,12:24:05,2024,10,229.99,98,1,0.0,229.99,131.99,57.4,Phone,PIX,Completed,Juliana
4421,ORD01765,PRD047,Corsair RM650 Modular,PSU,Corsair,CUS0151,2024-10-03,12:24:05,2024,10,89.99,38,3,0.25,202.48,116.98,57.8,Online,Bank Transfer,Completed,Juliana
4422,ORD01765,PRD019,Kingston Fury Beast 16GB DDR4,Memory,Kingston,CUS0151,2024-10-03,12:24:05,2024,10,54.99,23,1,0.0,54.99,31.99,58.2,Reseller,Cash,Completed,Juliana
4423,ORD01765,PRD030,Intel Core i5-13600K,Processor,Intel,CUS0151,2024-10-03,12:24:05,2024,10,279.99,120,1,0.25,209.99,119.99,57.1,Marketplace,Debit Card,Completed,Juliana
4424,ORD01766,PRD038,NVIDIA RTX 3060 12GB,GPU,NVIDIA,CUS0033,2022-04-17,21:18:03,2022,4,329.99,141,1,0.15,280.49,160.64,57.3,In-Store,Bank Transfer,Completed,Diego
4425,ORD01766,PRD057,NZXT Kraken X73 360mm,Cooler,NZXT,CUS0033,2022-04-17,21:18:03,2022,4,189.99,81,1,0.1,170.99,98.09,57.4,In-Store,Cash,Completed,Diego
4426,ORD01767,PRD059,Cooler Master Hyper 212,Cooler,Cooler Master,CUS0165,2024-06-28,16:41:47,2024,6,39.99,17,1,0.05,37.99,21.84,57.5,Marketplace,Credit Card,Completed,Isabela
4427,ORD01768,PRD034,AMD Ryzen 5 7600X,Processor,AMD,CUS0161,2023-10-09,22:32:04,2023,10,249.99,107,1,0.05,237.49,135.84,57.2,Online,Debit Card,Completed,Beatriz
4428,ORD01768,PRD041,NVIDIA RTX 4060 8GB,GPU,NVIDIA,CUS0161,2023-10-09,22:32:04,2023,10,299.99,129,1,0.25,224.99,128.24,57.0,Reseller,Cash,Completed,Beatriz
4429,ORD01769,PRD004,Samsung 870 EVO 500GB,Storage,Samsung,CUS0338,2022-05-29,16:05:13,2022,5,79.99,34,2,0.1,143.98,82.78,57.5,In-Store,Cash,Completed,Leandro
4430,ORD01769,PRD050,EVGA SuperNOVA 650W,PSU,EVGA,CUS0338,2022-05-29,16:05:13,2022,5,89.99,38,1,0.05,85.49,49.39,57.8,Online,Cash,Completed,Leandro
4431,ORD01769,PRD057,NZXT Kraken X73 360mm,Cooler,NZXT,CUS0338,2022-05-29,16:05:13,2022,5,189.99,81,1,0.0,189.99,108.99,57.4,Reseller,Bank Transfer,Completed,Leandro
4432,ORD01769,PRD010,WD Blue 1TB HDD,Storage,WD,CUS0338,2022-05-29,16:05:13,2022,5,44.99,19,1,0.15,38.24,22.09,57.8,Phone,Boleto,Completed,Leandro
4433,ORD01770,PRD048,Corsair RM750 Modular,PSU,Corsair,CUS0395,2024-07-03,22:25:34,2024,7,109.99,47,1,0.0,109.99,62.99,57.3,Online,PIX,Completed,Fernanda
4434,ORD01770,PRD056,Corsair H150i Elite 360mm,Cooler,Corsair,CUS0395,2024-07-03,22:25:34,2024,7,169.99,73,1,0.0,169.99,96.99,57.1,Online,PIX,Completed,Fernanda
4435,ORD01770,PRD057,NZXT Kraken X73 360mm,Cooler,NZXT,CUS0395,2024-07-03,22:25:34,2024,7,189.99,81,2,0.1,341.98,196.18,57.4,Marketplace,Bank Transfer,Completed,Fernanda
4436,ORD01771,PRD058,DeepCool AK620,Cooler,DeepCool,CUS0400,2024-06-16,22:26:10,2024,6,54.99,23,3,0.0,164.97,95.97,58.2,Marketplace,Credit Card,Completed,Diego
4437,ORD01771,PRD012,Seagate Barracuda 4TB,Storage,Seagate,CUS0400,2024-06-16,22:26:10,2024,6,89.99,38,2,0.0,179.98,103.98,57.8,Online,Debit Card,Completed,Diego
4438,ORD01771,PRD049,Corsair RM850 Modular,PSU,Corsair,CUS0400,2024-06-16,22:26:10,2024,6,139.99,60,1,0.0,139.99,79.99,57.1,Phone,Bank Transfer,Completed,Diego
4439,ORD01772,PRD051,be quiet! Straight Power 850W,PSU,be quiet!,CUS0320,2024-10-05,17:33:21,2024,10,169.99,73,1,0.05,161.49,92.14,57.1,Marketplace,Cash,Completed,Alexandre
4440,ORD01772,PRD049,Corsair RM850 Modular,PSU,Corsair,CUS0320,2024-10-05,17:33:21,2024,10,139.99,60,2,0.15,237.98,135.98,57.1,Phone,PIX,Completed,Alexandre
4441,ORD01773,PRD024,MSI MAG B550M MORTAR,Motherboard,MSI,CUS0392,2023-03-12,21:30:39,2023,3,129.99,55,3,0.05,370.47,213.72,57.7,In-Store,Debit Card,Completed,Mariana
4442,ORD01773,PRD020,Kingston Fury Beast 32GB DDR4,Memory,Kingston,CUS0392,2023-03-12,21:30:39,2023,3,99.99,43,1,0.05,94.99,54.14,57.0,Reseller,Bank Transfer,Completed,Mariana
4443,ORD01774,PRD040,NVIDIA RTX 3080 10GB,GPU,NVIDIA,CUS0198,2023-04-10,15:27:11,2023,4,699.99,301,2,0.05,1329.98,758.08,57.0,Reseller,Debit Card,Completed,Alexandre
4444,ORD01774,PRD029,Intel Core i5-12400,Processor,Intel,CUS0198,2023-04-10,15:27:11,2023,4,199.99,86,1,0.05,189.99,108.29,57.0,Phone,Debit Card,Completed,Alexandre
4445,ORD01774,PRD058,DeepCool AK620,Cooler,DeepCool,CUS0198,2023-04-10,15:27:11,2023,4,54.99,23,1,0.0,54.99,31.99,58.2,Online,Credit Card,Completed,Alexandre
4446,ORD01775,PRD015,Corsair Vengeance 32GB DDR4,Memory,Corsair,CUS0416,2024-10-07,13:16:28,2024,10,109.99,47,1,0.15,93.49,53.54,57.3,Reseller,Boleto,Completed,Carlos
4447,ORD01775,PRD042,NVIDIA RTX 4070 12GB,GPU,NVIDIA,CUS0416,2024-10-07,13:16:28,2024,10,599.99,258,2,0.2,959.98,547.18,57.0,Phone,Boleto,Completed,Carlos
4448,ORD01775,PRD044,AMD RX 6600 8GB,GPU,AMD,CUS0416,2024-10-07,13:16:28,2024,10,289.99,124,1,0.0,289.99,165.99,57.2,Marketplace,Bank Transfer,Completed,Carlos
4449,ORD01775,PRD004,Samsung 870 EVO 500GB,Storage,Samsung,CUS0416,2024-10-07,13:16:28,2024,10,79.99,34,1,0.2,63.99,36.79,57.5,Phone,Debit Card,Completed,Carlos
4450,ORD01776,PRD016,G.Skill Trident Z5 16GB DDR5,Memory,G.Skill,CUS0065,2023-01-24,09:51:40,2023,1,79.99,34,1,0.0,79.99,45.99,57.5,Phone,Credit Card,Completed,Paulo
4451,ORD01777,PRD042,NVIDIA RTX 4070 12GB,GPU,NVIDIA,CUS0192,2023-08-10,14:31:35,2023,8,599.99,258,1,0.0,599.99,341.99,57.0,Phone,PIX,Completed,Larissa
4452,ORD01777,PRD043,NVIDIA RTX 4080 16GB,GPU,NVIDIA,CUS0192,2023-08-10,14:31:35,2023,8,1199.99,516,1,0.0,1199.99,683.99,57.0,In-Store,Boleto,Completed,Larissa
4453,ORD01778,PRD059,Cooler Master Hyper 212,Cooler,Cooler Master,CUS0261,2024-02-19,09:59:21,2024,2,39.99,17,2,0.0,79.98,45.98,57.5,Reseller,Cash,Completed,Patricia
4454,ORD01778,PRD049,Corsair RM850 Modular,PSU,Corsair,CUS0261,2024-02-19,09:59:21,2024,2,139.99,60,2,0.2,223.98,127.98,57.1,Online,Debit Card,Completed,Patricia
4455,ORD01778,PRD035,AMD Ryzen 7 5800X3D,Processor,AMD,CUS0261,2024-02-19,09:59:21,2024,2,349.99,150,1,0.0,349.99,199.99,57.1,Marketplace,Cash,Completed,Patricia
4456,ORD01778,PRD002,Kingston A400 480GB,Storage,Kingston,CUS0261,2024-02-19,09:59:21,2024,2,49.99,21,3,0.05,142.47,82.62,58.0,Phone,Credit Card,Completed,Patricia
4457,ORD01779,PRD036,AMD Ryzen 9 5900X,Processor,AMD,CUS0485,2024-07-16,11:13:47,2024,7,449.99,193,4,0.05,1709.96,976.56,57.1,Reseller,PIX,Completed,Gabriel
4458,ORD01780,PRD033,AMD Ryzen 5 5600X,Processor,AMD,CUS0113,2023-09-07,17:57:50,2023,9,229.99,98,1,0.0,229.99,131.99,57.4,Reseller,Boleto,Completed,Priscila
4459,ORD01781,PRD011,Seagate Barracuda 2TB,Storage,Seagate,CUS0471,2024-12-30,22:53:54,2024,12,54.99,23,1,0.05,52.24,30.39,58.2,Reseller,Boleto,Completed,Larissa
4460,ORD01781,PRD052,Thermaltake Toughpower 1000W,PSU,Thermaltake,CUS0471,2024-12-30,22:53:54,2024,12,189.99,81,2,0.0,379.98,217.98,57.4,Reseller,Boleto,Completed,Larissa
4461,ORD01781,PRD041,NVIDIA RTX 4060 8GB,GPU,NVIDIA,CUS0471,2024-12-30,22:53:54,2024,12,299.99,129,1,0.0,299.99,170.99,57.0,Online,Credit Card,Completed,Larissa
4462,ORD01782,PRD003,Kingston A400 960GB,Storage,Kingston,CUS0419,2023-07-24,14:51:13,2023,7,89.99,38,2,0.0,179.98,103.98,57.8,Phone,Bank Transfer,Completed,Daniela
4463,ORD01783,PRD046,AMD RX 7900 XTX 24GB,GPU,AMD,CUS0318,2023-05-22,17:21:46,2023,5,999.99,430,3,0.0,2999.97,1709.97,57.0,Marketplace,Boleto,Completed,Sergio
4464,ORD01783,PRD005,Samsung 870 EVO 1TB,Storage,Samsung,CUS0318,2023-05-22,17:21:46,2023,5,129.99,56,3,0.0,389.97,221.97,56.9,Marketplace,PIX,Completed,Sergio
4465,ORD01783,PRD031,Intel Core i7-12700K,Processor,Intel,CUS0318,2023-05-22,17:21:46,2023,5,369.99,159,2,0.15,628.98,358.68,57.0,Phone,Credit Card,Completed,Sergio
4466,ORD01784,PRD056,Corsair H150i Elite 360mm,Cooler,Corsair,CUS0270,2024-07-02,19:33:37,2024,7,169.99,73,3,0.0,509.97,290.97,57.1,In-Store,Bank Transfer,Completed,Monica
4467,ORD01784,PRD008,Samsung 970 EVO 2TB,Storage,Samsung,CUS0270,2024-07-02,19:33:37,2024,7,219.99,94,3,0.0,659.97,377.97,57.3,Phone,Credit Card,Completed,Monica
4468,ORD01784,PRD023,ASUS TUF Gaming B660M,Motherboard,ASUS,CUS0270,2024-07-02,19:33:37,2024,7,159.99,68,2,0.25,239.99,137.99,57.5,In-Store,PIX,Completed,Monica
4469,ORD01785,PRD027,Gigabyte Z790 AORUS Master,Motherboard,Gigabyte,CUS0375,2024-09-25,12:34:34,2024,9,449.99,193,1,0.0,449.99,256.99,57.1,Reseller,Cash,Completed,Beatriz
4470,ORD01785,PRD023,ASUS TUF Gaming B660M,Motherboard,ASUS,CUS0375,2024-09-25,12:34:34,2024,9,159.99,68,2,0.0,319.98,183.98,57.5,Reseller,Credit Card,Completed,Beatriz
4471,ORD01786,PRD028,Intel Core i3-12100,Processor,Intel,CUS0465,2024-07-22,15:48:01,2024,7,119.99,51,1,0.1,107.99,62.09,57.5,Reseller,PIX,Completed,Ana
4472,ORD01787,PRD048,Corsair RM750 Modular,PSU,Corsair,CUS0086,2023-11-20,20:48:32,2023,11,109.99,47,2,0.0,219.98,125.98,57.3,In-Store,Bank Transfer,Completed,Daniela
4473,ORD01787,PRD043,NVIDIA RTX 4080 16GB,GPU,NVIDIA,CUS0086,2023-11-20,20:48:32,2023,11,1199.99,516,1,0.1,1079.99,615.59,57.0,Phone,Debit Card,Completed,Daniela
4474,ORD01787,PRD057,NZXT Kraken X73 360mm,Cooler,NZXT,CUS0086,2023-11-20,20:48:32,2023,11,189.99,81,1,0.0,189.99,108.99,57.4,Marketplace,PIX,Completed,Daniela
4475,ORD01788,PRD022,ASUS ROG Strix Z690-A,Motherboard,ASUS,CUS0097,2022-09-19,09:01:56,2022,9,319.99,137,1,0.0,319.99,182.99,57.2,Reseller,Boleto,Completed,Roberto
4476,ORD01788,PRD058,DeepCool AK620,Cooler,DeepCool,CUS0097,2022-09-19,09:01:56,2022,9,54.99,23,1,0.0,54.99,31.99,58.2,Phone,Bank Transfer,Completed,Roberto
4477,ORD01788,PRD040,NVIDIA RTX 3080 10GB,GPU,NVIDIA,CUS0097,2022-09-19,09:01:56,2022,9,699.99,301,1,0.05,664.99,379.04,57.0,Online,Credit Card,Completed,Roberto
4478,ORD01788,PRD051,be quiet! Straight Power 850W,PSU,be quiet!,CUS0097,2022-09-19,09:01:56,2022,9,169.99,73,1,0.15,144.49,82.44,57.1,In-Store,Bank Transfer,Completed,Roberto
4479,ORD01789,PRD012,Seagate Barracuda 4TB,Storage,Seagate,CUS0404,2023-01-01,10:52:20,2023,1,89.99,38,1,0.0,89.99,51.99,57.8,Phone,Debit Card,Completed,Leticia
4480,ORD01789,PRD020,Kingston Fury Beast 32GB DDR4,Memory,Kingston,CUS0404,2023-01-01,10:52:20,2023,1,99.99,43,1,0.05,94.99,54.14,57.0,Marketplace,Boleto,Completed,Leticia
4481,ORD01790,PRD051,be quiet! Straight Power 850W,PSU,be quiet!,CUS0274,2024-11-13,17:55:34,2024,11,169.99,73,1,0.0,169.99,96.99,57.1,Marketplace,PIX,Completed,Gustavo
4482,ORD01790,PRD026,Gigabyte B550 AORUS Elite,Motherboard,Gigabyte,CUS0274,2024-11-13,17:55:34,2024,11,169.99,72,1,0.05,161.49,93.09,57.6,Online,Debit Card,Completed,Gustavo
4483,ORD01790,PRD040,NVIDIA RTX 3080 10GB,GPU,NVIDIA,CUS0274,2024-11-13,17:55:34,2024,11,699.99,301,2,0.05,1329.98,758.08,57.0,In-Store,Cash,Completed,Gustavo
4484,ORD01790,PRD060,Thermaltake UX200 ARGB,Cooler,Thermaltake,CUS0274,2024-11-13,17:55:34,2024,11,34.99,15,1,0.0,34.99,19.99,57.1,In-Store,Debit Card,Completed,Gustavo
4485,ORD01791,PRD036,AMD Ryzen 9 5900X,Processor,AMD,CUS0462,2023-01-31,17:38:18,2023,1,449.99,193,2,0.0,899.98,513.98,57.1,Reseller,Credit Card,Completed,Felipe
4486,ORD01792,PRD027,Gigabyte Z790 AORUS Master,Motherboard,Gigabyte,CUS0014,2022-04-06,10:50:11,2022,4,449.99,193,2,0.0,899.98,513.98,57.1,Reseller,PIX,Completed,Renata
4487,ORD01792,PRD009,WD Black SN850 1TB,Storage,WD,CUS0014,2022-04-06,10:50:11,2022,4,109.99,47,1,0.0,109.99,62.99,57.3,In-Store,Boleto,Completed,Renata
4488,ORD01792,PRD022,ASUS ROG Strix Z690-A,Motherboard,ASUS,CUS0014,2022-04-06,10:50:11,2022,4,319.99,137,1,0.15,271.99,155.54,57.2,Reseller,Bank Transfer,Completed,Renata
4489,ORD01792,PRD004,Samsung 870 EVO 500GB,Storage,Samsung,CUS0014,2022-04-06,10:50:11,2022,4,79.99,34,2,0.1,143.98,82.78,57.5,Online,PIX,Completed,Renata
4490,ORD01793,PRD004,Samsung 870 EVO 500GB,Storage,Samsung,CUS0431,2023-05-01,10:27:52,2023,5,79.99,34,2,0.15,135.98,78.18,57.5,Online,Cash,Completed,Natalia
4491,ORD01793,PRD018,G.Skill Trident Z5 64GB DDR5,Memory,G.Skill,CUS0431,2023-05-01,10:27:52,2023,5,289.99,124,1,0.05,275.49,157.69,57.2,Reseller,Bank Transfer,Completed,Natalia
4492,ORD01793,PRD045,AMD RX 6700 XT 12GB,GPU,AMD,CUS0431,2023-05-01,10:27:52,2023,5,399.99,172,3,0.05,1139.97,649.77,57.0,Online,PIX,Completed,Natalia
4493,ORD01793,PRD058,DeepCool AK620,Cooler,DeepCool,CUS0431,2023-05-01,10:27:52,2023,5,54.99,23,1,0.05,52.24,30.39,58.2,Reseller,Debit Card,Completed,Natalia
4494,ORD01794,PRD053,Noctua NH-D15,Cooler,Noctua,CUS0317,2023-09-03,09:28:14,2023,9,99.99,43,1,0.2,79.99,45.59,57.0,Reseller,Boleto,Completed,Larissa
4495,ORD01795,PRD003,Kingston A400 960GB,Storage,Kingston,CUS0440,2023-07-20,21:06:52,2023,7,89.99,38,1,0.05,85.49,49.39,57.8,Online,Credit Card,Completed,Larissa
4496,ORD01795,PRD049,Corsair RM850 Modular,PSU,Corsair,CUS0440,2023-07-20,21:06:52,2023,7,139.99,60,1,0.0,139.99,79.99,57.1,In-Store,Debit Card,Completed,Larissa
4497,ORD01795,PRD047,Corsair RM650 Modular,PSU,Corsair,CUS0440,2023-07-20,21:06:52,2023,7,89.99,38,1,0.15,76.49,44.19,57.8,Online,Boleto,Completed,Larissa
4498,ORD01795,PRD038,NVIDIA RTX 3060 12GB,GPU,NVIDIA,CUS0440,2023-07-20,21:06:52,2023,7,329.99,141,1,0.15,280.49,160.64,57.3,Marketplace,Boleto,Completed,Larissa
4499,ORD01796,PRD011,Seagate Barracuda 2TB,Storage,Seagate,CUS0254,2022-01-13,16:12:45,2022,1,54.99,23,1,0.2,43.99,25.59,58.2,In-Store,Credit Card,Completed,Rafael
4500,ORD01797,PRD060,Thermaltake UX200 ARGB,Cooler,Thermaltake,CUS0074,2024-06-23,14:47:31,2024,6,34.99,15,3,0.0,104.97,59.97,57.1,In-Store,Cash,Completed,Fabio
4501,ORD01797,PRD039,NVIDIA RTX 3070 8GB,GPU,NVIDIA,CUS0074,2024-06-23,14:47:31,2024,6,499.99,215,1,0.0,499.99,284.99,57.0,In-Store,Credit Card,Completed,Fabio
4502,ORD01797,PRD035,AMD Ryzen 7 5800X3D,Processor,AMD,CUS0074,2024-06-23,14:47:31,2024,6,349.99,150,1,0.0,349.99,199.99,57.1,Marketplace,Credit Card,Completed,Fabio
4503,ORD01797,PRD036,AMD Ryzen 9 5900X,Processor,AMD,CUS0074,2024-06-23,14:47:31,2024,6,449.99,193,1,0.05,427.49,244.14,57.1,In-Store,Boleto,Completed,Fabio
4504,ORD01798,PRD036,AMD Ryzen 9 5900X,Processor,AMD,CUS0136,2023-10-19,09:15:19,2023,10,449.99,193,1,0.0,449.99,256.99,57.1,Phone,Boleto,Completed,Henrique
4505,ORD01799,PRD011,Seagate Barracuda 2TB,Storage,Seagate,CUS0255,2024-10-04,19:02:28,2024,10,54.99,23,2,0.15,93.48,54.38,58.2,In-Store,Boleto,Completed,Monica
4506,ORD01799,PRD059,Cooler Master Hyper 212,Cooler,Cooler Master,CUS0255,2024-10-04,19:02:28,2024,10,39.99,17,1,0.0,39.99,22.99,57.5,Phone,Credit Card,Completed,Monica
4507,ORD01800,PRD024,MSI MAG B550M MORTAR,Motherboard,MSI,CUS0244,2022-11-18,22:45:31,2022,11,129.99,55,2,0.0,259.98,149.98,57.7,Reseller,Cash,Completed,Roberto
4508,ORD01800,PRD014,Corsair Vengeance 16GB DDR4,Memory,Corsair,CUS0244,2022-11-18,22:45:31,2022,11,59.99,25,4,0.05,227.96,132.96,58.3,Marketplace,Debit Card,Completed,Roberto
4509,ORD01800,PRD019,Kingston Fury Beast 16GB DDR4,Memory,Kingston,CUS0244,2022-11-18,22:45:31,2022,11,54.99,23,1,0.05,52.24,30.39,58.2,Online,PIX,Completed,Roberto
4510,ORD01801,PRD006,Samsung 970 EVO 500GB,Storage,Samsung,CUS0045,2024-06-23,09:31:07,2024,6,69.99,29,2,0.05,132.98,77.88,58.6,Reseller,Credit Card,Completed,Leandro
4511,ORD01802,PRD031,Intel Core i7-12700K,Processor,Intel,CUS0101,2022-12-22,08:04:14,2022,12,369.99,159,1,0.0,369.99,210.99,57.0,Marketplace,Credit Card,Completed,Beatriz
4512,ORD01803,PRD054,Noctua NH-U12S,Cooler,Noctua,CUS0498,2023-09-24,20:10:50,2023,9,69.99,30,2,0.0,139.98,79.98,57.1,Reseller,PIX,Completed,Patricia
4513,ORD01803,PRD017,G.Skill Trident Z5 32GB DDR5,Memory,G.Skill,CUS0498,2023-09-24,20:10:50,2023,9,149.99,64,1,0.0,149.99,85.99,57.3,Phone,PIX,Completed,Patricia
4514,ORD01803,PRD057,NZXT Kraken X73 360mm,Cooler,NZXT,CUS0498,2023-09-24,20:10:50,2023,9,189.99,81,1,0.0,189.99,108.99,57.4,Phone,Credit Card,Completed,Patricia
4515,ORD01803,PRD007,Samsung 970 EVO 1TB,Storage,Samsung,CUS0498,2023-09-24,20:10:50,2023,9,119.99,51,2,0.0,239.98,137.98,57.5,Reseller,Boleto,Completed,Patricia
4516,ORD01804,PRD035,AMD Ryzen 7 5800X3D,Processor,AMD,CUS0359,2022-05-15,11:32:32,2022,5,349.99,150,1,0.0,349.99,199.99,57.1,Marketplace,Credit Card,Completed,Natalia
4517,ORD01804,PRD039,NVIDIA RTX 3070 8GB,GPU,NVIDIA,CUS0359,2022-05-15,11:32:32,2022,5,499.99,215,4,0.0,1999.96,1139.96,57.0,Reseller,Boleto,Completed,Natalia
4518,ORD01804,PRD052,Thermaltake Toughpower 1000W,PSU,Thermaltake,CUS0359,2022-05-15,11:32:32,2022,5,189.99,81,2,0.2,303.98,174.38,57.4,Marketplace,Bank Transfer,Completed,Natalia
4519,ORD01804,PRD020,Kingston Fury Beast 32GB DDR4,Memory,Kingston,CUS0359,2022-05-15,11:32:32,2022,5,99.99,43,2,0.15,169.98,96.88,57.0,Reseller,Boleto,Completed,Natalia
4520,ORD01805,PRD057,NZXT Kraken X73 360mm,Cooler,NZXT,CUS0056,2023-04-20,09:26:42,2023,4,189.99,81,1,0.1,170.99,98.09,57.4,Marketplace,Debit Card,Completed,Marcelo
4521,ORD01805,PRD047,Corsair RM650 Modular,PSU,Corsair,CUS0056,2023-04-20,09:26:42,2023,4,89.99,38,1,0.1,80.99,46.79,57.8,Reseller,PIX,Completed,Marcelo
4522,ORD01806,PRD028,Intel Core i3-12100,Processor,Intel,CUS0206,2023-01-23,10:33:31,2023,1,119.99,51,1,0.0,119.99,68.99,57.5,Reseller,Bank Transfer,Completed,Diego
4523,ORD01807,PRD039,NVIDIA RTX 3070 8GB,GPU,NVIDIA,CUS0456,2023-01-11,19:16:25,2023,1,499.99,215,1,0.1,449.99,256.49,57.0,Phone,Credit Card,Completed,Aline
4524,ORD01808,PRD017,G.Skill Trident Z5 32GB DDR5,Memory,G.Skill,CUS0115,2022-09-11,12:18:15,2022,9,149.99,64,1,0.25,112.49,64.49,57.3,In-Store,Debit Card,Completed,Alexandre
4525,ORD01808,PRD020,Kingston Fury Beast 32GB DDR4,Memory,Kingston,CUS0115,2022-09-11,12:18:15,2022,9,99.99,43,4,0.0,399.96,227.96,57.0,Online,Cash,Completed,Alexandre
4526,ORD01809,PRD008,Samsung 970 EVO 2TB,Storage,Samsung,CUS0393,2023-11-13,13:54:19,2023,11,219.99,94,2,0.0,439.98,251.98,57.3,In-Store,Bank Transfer,Completed,Pedro
4527,ORD01809,PRD005,Samsung 870 EVO 1TB,Storage,Samsung,CUS0393,2023-11-13,13:54:19,2023,11,129.99,56,1,0.0,129.99,73.99,56.9,In-Store,PIX,Completed,Pedro
4528,ORD01809,PRD019,Kingston Fury Beast 16GB DDR4,Memory,Kingston,CUS0393,2023-11-13,13:54:19,2023,11,54.99,23,1,0.0,54.99,31.99,58.2,Reseller,Credit Card,Completed,Pedro
4529,ORD01810,PRD031,Intel Core i7-12700K,Processor,Intel,CUS0242,2024-05-21,15:06:17,2024,5,369.99,159,2,0.05,702.98,400.88,57.0,Online,Debit Card,Completed,Gabriel
4530,ORD01810,PRD057,NZXT Kraken X73 360mm,Cooler,NZXT,CUS0242,2024-05-21,15:06:17,2024,5,189.99,81,1,0.0,189.99,108.99,57.4,Reseller,Bank Transfer,Completed,Gabriel
4531,ORD01810,PRD025,MSI PRO Z690-A,Motherboard,MSI,CUS0242,2024-05-21,15:06:17,2024,5,189.99,81,2,0.15,322.98,185.28,57.4,Phone,Debit Card,Completed,Gabriel
4532,ORD01811,PRD018,G.Skill Trident Z5 64GB DDR5,Memory,G.Skill,CUS0330,2024-06-25,15:41:55,2024,6,289.99,124,3,0.15,739.47,423.27,57.2,Online,Credit Card,Completed,Juliana
4533,ORD01811,PRD055,Corsair H100i RGB 240mm,Cooler,Corsair,CUS0330,2024-06-25,15:41:55,2024,6,129.99,56,1,0.0,129.99,73.99,56.9,Phone,Bank Transfer,Completed,Juliana
4534,ORD01811,PRD017,G.Skill Trident Z5 32GB DDR5,Memory,G.Skill,CUS0330,2024-06-25,15:41:55,2024,6,149.99,64,3,0.05,427.47,245.07,57.3,In-Store,Bank Transfer,Completed,Juliana
4535,ORD01811,PRD012,Seagate Barracuda 4TB,Storage,Seagate,CUS0330,2024-06-25,15:41:55,2024,6,89.99,38,1,0.0,89.99,51.99,57.8,Reseller,Cash,Completed,Juliana
4536,ORD01812,PRD027,Gigabyte Z790 AORUS Master,Motherboard,Gigabyte,CUS0043,2022-08-09,12:57:05,2022,8,449.99,193,1,0.1,404.99,231.29,57.1,Marketplace,Debit Card,Completed,Rafael
4537,ORD01812,PRD030,Intel Core i5-13600K,Processor,Intel,CUS0043,2022-08-09,12:57:05,2022,8,279.99,120,1,0.05,265.99,151.99,57.1,Reseller,Credit Card,Completed,Rafael
4538,ORD01812,PRD052,Thermaltake Toughpower 1000W,PSU,Thermaltake,CUS0043,2022-08-09,12:57:05,2022,8,189.99,81,1,0.0,189.99,108.99,57.4,Phone,Boleto,Completed,Rafael
4539,ORD01812,PRD056,Corsair H150i Elite 360mm,Cooler,Corsair,CUS0043,2022-08-09,12:57:05,2022,8,169.99,73,1,0.0,169.99,96.99,57.1,Online,PIX,Completed,Rafael
4540,ORD01813,PRD057,NZXT Kraken X73 360mm,Cooler,NZXT,CUS0138,2024-03-25,08:02:55,2024,3,189.99,81,2,0.1,341.98,196.18,57.4,Phone,Bank Transfer,Completed,João
4541,ORD01813,PRD040,NVIDIA RTX 3080 10GB,GPU,NVIDIA,CUS0138,2024-03-25,08:02:55,2024,3,699.99,301,2,0.05,1329.98,758.08,57.0,In-Store,Cash,Completed,João
4542,ORD01814,PRD002,Kingston A400 480GB,Storage,Kingston,CUS0279,2023-09-07,10:36:00,2023,9,49.99,21,2,0.05,94.98,55.08,58.0,In-Store,Credit Card,Completed,Paulo
4543,ORD01814,PRD036,AMD Ryzen 9 5900X,Processor,AMD,CUS0279,2023-09-07,10:36:00,2023,9,449.99,193,1,0.1,404.99,231.29,57.1,Reseller,Cash,Completed,Paulo
4544,ORD01814,PRD028,Intel Core i3-12100,Processor,Intel,CUS0279,2023-09-07,10:36:00,2023,9,119.99,51,2,0.0,239.98,137.98,57.5,Marketplace,PIX,Completed,Paulo
4545,ORD01814,PRD022,ASUS ROG Strix Z690-A,Motherboard,ASUS,CUS0279,2023-09-07,10:36:00,2023,9,319.99,137,4,0.0,1279.96,731.96,57.2,Online,PIX,Completed,Paulo
4546,ORD01815,PRD010,WD Blue 1TB HDD,Storage,WD,CUS0204,2022-03-26,22:16:31,2022,3,44.99,19,2,0.0,89.98,51.98,57.8,Online,Cash,Completed,Pedro
4547,ORD01815,PRD020,Kingston Fury Beast 32GB DDR4,Memory,Kingston,CUS0204,2022-03-26,22:16:31,2022,3,99.99,43,1,0.05,94.99,54.14,57.0,Reseller,Cash,Completed,Pedro
4548,ORD01815,PRD051,be quiet! Straight Power 850W,PSU,be quiet!,CUS0204,2022-03-26,22:16:31,2022,3,169.99,73,2,0.05,322.98,184.28,57.1,In-Store,Credit Card,Completed,Pedro
4549,ORD01815,PRD030,Intel Core i5-13600K,Processor,Intel,CUS0204,2022-03-26,22:16:31,2022,3,279.99,120,2,0.0,559.98,319.98,57.1,Marketplace,Bank Transfer,Completed,Pedro
4550,ORD01816,PRD007,Samsung 970 EVO 1TB,Storage,Samsung,CUS0287,2024-12-15,14:19:23,2024,12,119.99,51,1,0.15,101.99,58.64,57.5,Phone,Bank Transfer,Completed,Carlos
4551,ORD01816,PRD020,Kingston Fury Beast 32GB DDR4,Memory,Kingston,CUS0287,2024-12-15,14:19:23,2024,12,99.99,43,1,0.0,99.99,56.99,57.0,Phone,Bank Transfer,Completed,Carlos
4552,ORD01816,PRD053,Noctua NH-D15,Cooler,Noctua,CUS0287,2024-12-15,14:19:23,2024,12,99.99,43,1,0.0,99.99,56.99,57.0,Marketplace,Bank Transfer,Completed,Carlos
4553,ORD01817,PRD017,G.Skill Trident Z5 32GB DDR5,Memory,G.Skill,CUS0146,2022-10-08,22:21:31,2022,10,149.99,64,1,0.0,149.99,85.99,57.3,Phone,Debit Card,Completed,Claudia
4554,ORD01818,PRD013,Corsair Vengeance 8GB DDR4,Memory,Corsair,CUS0352,2022-08-30,22:11:39,2022,8,29.99,12,2,0.15,50.98,30.58,60.0,Marketplace,Credit Card,Completed,André
4555,ORD01819,PRD036,AMD Ryzen 9 5900X,Processor,AMD,CUS0375,2024-02-10,16:32:49,2024,2,449.99,193,2,0.0,899.98,513.98,57.1,Reseller,Bank Transfer,Completed,Beatriz
4556,ORD01819,PRD048,Corsair RM750 Modular,PSU,Corsair,CUS0375,2024-02-10,16:32:49,2024,2,109.99,47,2,0.0,219.98,125.98,57.3,In-Store,PIX,Completed,Beatriz
4557,ORD01820,PRD020,Kingston Fury Beast 32GB DDR4,Memory,Kingston,CUS0362,2023-05-11,17:48:29,2023,5,99.99,43,2,0.2,159.98,91.18,57.0,In-Store,Credit Card,Completed,Fernanda
4558,ORD01820,PRD058,DeepCool AK620,Cooler,DeepCool,CUS0362,2023-05-11,17:48:29,2023,5,54.99,23,4,0.05,208.96,121.56,58.2,Phone,Cash,Completed,Fernanda
4559,ORD01820,PRD007,Samsung 970 EVO 1TB,Storage,Samsung,CUS0362,2023-05-11,17:48:29,2023,5,119.99,51,1,0.0,119.99,68.99,57.5,Marketplace,Cash,Completed,Fernanda
4560,ORD01820,PRD042,NVIDIA RTX 4070 12GB,GPU,NVIDIA,CUS0362,2023-05-11,17:48:29,2023,5,599.99,258,1,0.15,509.99,290.69,57.0,Phone,PIX,Completed,Fernanda
4561,ORD01821,PRD018,G.Skill Trident Z5 64GB DDR5,Memory,G.Skill,CUS0223,2022-07-10,22:50:19,2022,7,289.99,124,1,0.1,260.99,149.39,57.2,In-Store,Bank Transfer,Completed,Ricardo
4562,ORD01822,PRD027,Gigabyte Z790 AORUS Master,Motherboard,Gigabyte,CUS0327,2024-01-24,20:59:12,2024,1,449.99,193,1,0.0,449.99,256.99,57.1,Online,Cash,Completed,Pedro
4563,ORD01823,PRD014,Corsair Vengeance 16GB DDR4,Memory,Corsair,CUS0023,2023-09-23,20:50:07,2023,9,59.99,25,3,0.15,152.97,89.22,58.3,In-Store,Cash,Completed,Cristina
4564,ORD01823,PRD015,Corsair Vengeance 32GB DDR4,Memory,Corsair,CUS0023,2023-09-23,20:50:07,2023,9,109.99,47,1,0.0,109.99,62.99,57.3,Marketplace,PIX,Completed,Cristina
4565,ORD01824,PRD027,Gigabyte Z790 AORUS Master,Motherboard,Gigabyte,CUS0006,2022-08-19,14:26:39,2022,8,449.99,193,1,0.0,449.99,256.99,57.1,Online,PIX,Completed,Cristina
4566,ORD01824,PRD040,NVIDIA RTX 3080 10GB,GPU,NVIDIA,CUS0006,2022-08-19,14:26:39,2022,8,699.99,301,2,0.1,1259.98,718.18,57.0,In-Store,Debit Card,Completed,Cristina
4567,ORD01824,PRD019,Kingston Fury Beast 16GB DDR4,Memory,Kingston,CUS0006,2022-08-19,14:26:39,2022,8,54.99,23,1,0.1,49.49,28.79,58.2,Marketplace,PIX,Completed,Cristina
4568,ORD01824,PRD020,Kingston Fury Beast 32GB DDR4,Memory,Kingston,CUS0006,2022-08-19,14:26:39,2022,8,99.99,43,2,0.05,189.98,108.28,57.0,Reseller,PIX,Completed,Cristina
4569,ORD01825,PRD021,ASUS ROG Strix B550-F,Motherboard,ASUS,CUS0040,2024-02-25,11:48:38,2024,2,219.99,94,1,0.05,208.99,119.69,57.3,Online,Credit Card,Completed,Daniela
4570,ORD01826,PRD040,NVIDIA RTX 3080 10GB,GPU,NVIDIA,CUS0117,2023-05-02,16:11:55,2023,5,699.99,301,2,0.1,1259.98,718.18,57.0,Phone,Credit Card,Completed,Vanessa
4571,ORD01826,PRD002,Kingston A400 480GB,Storage,Kingston,CUS0117,2023-05-02,16:11:55,2023,5,49.99,21,1,0.1,44.99,26.09,58.0,Reseller,Cash,Completed,Vanessa
4572,ORD01826,PRD055,Corsair H100i RGB 240mm,Cooler,Corsair,CUS0117,2023-05-02,16:11:55,2023,5,129.99,56,1,0.0,129.99,73.99,56.9,Reseller,PIX,Completed,Vanessa
4573,ORD01827,PRD023,ASUS TUF Gaming B660M,Motherboard,ASUS,CUS0443,2022-07-27,13:47:10,2022,7,159.99,68,1,0.05,151.99,87.39,57.5,Phone,Boleto,Completed,Pedro
4574,ORD01827,PRD022,ASUS ROG Strix Z690-A,Motherboard,ASUS,CUS0443,2022-07-27,13:47:10,2022,7,319.99,137,1,0.15,271.99,155.54,57.2,Marketplace,Boleto,Completed,Pedro
4575,ORD01828,PRD029,Intel Core i5-12400,Processor,Intel,CUS0071,2024-05-26,12:48:11,2024,5,199.99,86,3,0.1,539.97,307.77,57.0,In-Store,PIX,Completed,Juliana
4576,ORD01828,PRD040,NVIDIA RTX 3080 10GB,GPU,NVIDIA,CUS0071,2024-05-26,12:48:11,2024,5,699.99,301,2,0.0,1399.98,797.98,57.0,Phone,Bank Transfer,Completed,Juliana
4577,ORD01829,PRD043,NVIDIA RTX 4080 16GB,GPU,NVIDIA,CUS0071,2024-03-29,22:59:09,2024,3,1199.99,516,1,0.1,1079.99,615.59,57.0,In-Store,Boleto,Completed,Juliana
4578,ORD01829,PRD054,Noctua NH-U12S,Cooler,Noctua,CUS0071,2024-03-29,22:59:09,2024,3,69.99,30,1,0.15,59.49,33.99,57.1,Phone,PIX,Completed,Juliana
4579,ORD01830,PRD052,Thermaltake Toughpower 1000W,PSU,Thermaltake,CUS0074,2024-09-29,22:53:13,2024,9,189.99,81,1,0.05,180.49,103.54,57.4,Marketplace,Bank Transfer,Completed,Fabio
4580,ORD01830,PRD057,NZXT Kraken X73 360mm,Cooler,NZXT,CUS0074,2024-09-29,22:53:13,2024,9,189.99,81,1,0.0,189.99,108.99,57.4,Reseller,Boleto,Completed,Fabio
4581,ORD01830,PRD022,ASUS ROG Strix Z690-A,Motherboard,ASUS,CUS0074,2024-09-29,22:53:13,2024,9,319.99,137,2,0.05,607.98,347.68,57.2,In-Store,PIX,Completed,Fabio
4582,ORD01830,PRD020,Kingston Fury Beast 32GB DDR4,Memory,Kingston,CUS0074,2024-09-29,22:53:13,2024,9,99.99,43,2,0.0,199.98,113.98,57.0,Online,Cash,Completed,Fabio
4583,ORD01831,PRD052,Thermaltake Toughpower 1000W,PSU,Thermaltake,CUS0079,2023-08-16,21:05:13,2023,8,189.99,81,1,0.2,151.99,87.19,57.4,Reseller,PIX,Completed,Isabela
4584,ORD01831,PRD013,Corsair Vengeance 8GB DDR4,Memory,Corsair,CUS0079,2023-08-16,21:05:13,2023,8,29.99,12,1,0.1,26.99,16.19,60.0,Phone,Credit Card,Completed,Isabela
4585,ORD01831,PRD033,AMD Ryzen 5 5600X,Processor,AMD,CUS0079,2023-08-16,21:05:13,2023,8,229.99,98,1,0.0,229.99,131.99,57.4,Phone,Debit Card,Completed,Isabela
4586,ORD01831,PRD058,DeepCool AK620,Cooler,DeepCool,CUS0079,2023-08-16,21:05:13,2023,8,54.99,23,3,0.0,164.97,95.97,58.2,In-Store,Debit Card,Completed,Isabela
4587,ORD01832,PRD015,Corsair Vengeance 32GB DDR4,Memory,Corsair,CUS0203,2023-07-02,12:38:24,2023,7,109.99,47,1,0.0,109.99,62.99,57.3,Reseller,Credit Card,Completed,Rodrigo
4588,ORD01832,PRD004,Samsung 870 EVO 500GB,Storage,Samsung,CUS0203,2023-07-02,12:38:24,2023,7,79.99,34,3,0.0,239.97,137.97,57.5,Marketplace,PIX,Completed,Rodrigo
4589,ORD01832,PRD043,NVIDIA RTX 4080 16GB,GPU,NVIDIA,CUS0203,2023-07-02,12:38:24,2023,7,1199.99,516,1,0.0,1199.99,683.99,57.0,Phone,Boleto,Completed,Rodrigo
4590,ORD01833,PRD030,Intel Core i5-13600K,Processor,Intel,CUS0135,2022-11-30,13:12:15,2022,11,279.99,120,1,0.0,279.99,159.99,57.1,Reseller,Bank Transfer,Completed,Daniela
4591,ORD01833,PRD040,NVIDIA RTX 3080 10GB,GPU,NVIDIA,CUS0135,2022-11-30,13:12:15,2022,11,699.99,301,1,0.05,664.99,379.04,57.0,Marketplace,Debit Card,Completed,Daniela
4592,ORD01833,PRD012,Seagate Barracuda 4TB,Storage,Seagate,CUS0135,2022-11-30,13:12:15,2022,11,89.99,38,1,0.0,89.99,51.99,57.8,Marketplace,Boleto,Completed,Daniela
4593,ORD01834,PRD041,NVIDIA RTX 4060 8GB,GPU,NVIDIA,CUS0168,2024-10-18,12:33:02,2024,10,299.99,129,1,0.2,239.99,136.79,57.0,Reseller,Credit Card,Completed,Natalia
4594,ORD01834,PRD049,Corsair RM850 Modular,PSU,Corsair,CUS0168,2024-10-18,12:33:02,2024,10,139.99,60,1,0.0,139.99,79.99,57.1,Phone,Boleto,Completed,Natalia
4595,ORD01834,PRD014,Corsair Vengeance 16GB DDR4,Memory,Corsair,CUS0168,2024-10-18,12:33:02,2024,10,59.99,25,1,0.0,59.99,34.99,58.3,Phone,PIX,Completed,Natalia
4596,ORD01834,PRD016,G.Skill Trident Z5 16GB DDR5,Memory,G.Skill,CUS0168,2024-10-18,12:33:02,2024,10,79.99,34,1,0.25,59.99,34.49,57.5,Online,Bank Transfer,Completed,Natalia
4597,ORD01835,PRD014,Corsair Vengeance 16GB DDR4,Memory,Corsair,CUS0373,2024-03-28,20:42:30,2024,3,59.99,25,2,0.05,113.98,66.48,58.3,In-Store,Bank Transfer,Completed,Rodrigo
4598,ORD01835,PRD023,ASUS TUF Gaming B660M,Motherboard,ASUS,CUS0373,2024-03-28,20:42:30,2024,3,159.99,68,1,0.0,159.99,91.99,57.5,Online,Bank Transfer,Completed,Rodrigo
4599,ORD01836,PRD023,ASUS TUF Gaming B660M,Motherboard,ASUS,CUS0239,2023-10-05,13:04:17,2023,10,159.99,68,1,0.0,159.99,91.99,57.5,Phone,Credit Card,Completed,Leticia
4600,ORD01837,PRD053,Noctua NH-D15,Cooler,Noctua,CUS0489,2024-10-14,16:49:37,2024,10,99.99,43,1,0.05,94.99,54.14,57.0,Marketplace,Bank Transfer,Completed,Carlos
4601,ORD01837,PRD004,Samsung 870 EVO 500GB,Storage,Samsung,CUS0489,2024-10-14,16:49:37,2024,10,79.99,34,1,0.0,79.99,45.99,57.5,In-Store,Credit Card,Completed,Carlos
4602,ORD01837,PRD009,WD Black SN850 1TB,Storage,WD,CUS0489,2024-10-14,16:49:37,2024,10,109.99,47,1,0.15,93.49,53.54,57.3,Reseller,Bank Transfer,Completed,Carlos
4603,ORD01837,PRD017,G.Skill Trident Z5 32GB DDR5,Memory,G.Skill,CUS0489,2024-10-14,16:49:37,2024,10,149.99,64,1,0.0,149.99,85.99,57.3,In-Store,Debit Card,Completed,Carlos
4604,ORD01838,PRD022,ASUS ROG Strix Z690-A,Motherboard,ASUS,CUS0164,2022-04-05,11:11:23,2022,4,319.99,137,1,0.0,319.99,182.99,57.2,Phone,Cash,Completed,Roberto
4605,ORD01839,PRD049,Corsair RM850 Modular,PSU,Corsair,CUS0422,2024-01-20,08:11:15,2024,1,139.99,60,1,0.0,139.99,79.99,57.1,Online,Boleto,Completed,Leandro
4606,ORD01839,PRD055,Corsair H100i RGB 240mm,Cooler,Corsair,CUS0422,2024-01-20,08:11:15,2024,1,129.99,56,1,0.2,103.99,59.19,56.9,Reseller,PIX,Completed,Leandro
4607,ORD01840,PRD034,AMD Ryzen 5 7600X,Processor,AMD,CUS0029,2022-04-20,10:43:25,2022,4,249.99,107,2,0.0,499.98,285.98,57.2,Marketplace,Cash,Completed,Leonardo
4608,ORD01840,PRD005,Samsung 870 EVO 1TB,Storage,Samsung,CUS0029,2022-04-20,10:43:25,2022,4,129.99,56,2,0.15,220.98,125.78,56.9,Phone,Bank Transfer,Completed,Leonardo
4609,ORD01840,PRD026,Gigabyte B550 AORUS Elite,Motherboard,Gigabyte,CUS0029,2022-04-20,10:43:25,2022,4,169.99,72,1,0.1,152.99,88.19,57.6,In-Store,Boleto,Completed,Leonardo
4610,ORD01841,PRD011,Seagate Barracuda 2TB,Storage,Seagate,CUS0361,2023-10-17,16:32:48,2023,10,54.99,23,2,0.0,109.98,63.98,58.2,Reseller,Cash,Completed,Renata
4611,ORD01841,PRD049,Corsair RM850 Modular,PSU,Corsair,CUS0361,2023-10-17,16:32:48,2023,10,139.99,60,1,0.15,118.99,67.99,57.1,Reseller,Credit Card,Completed,Renata
4612,ORD01842,PRD048,Corsair RM750 Modular,PSU,Corsair,CUS0321,2022-05-03,18:15:57,2022,5,109.99,47,1,0.0,109.99,62.99,57.3,Phone,Cash,Completed,Lucas
4613,ORD01842,PRD035,AMD Ryzen 7 5800X3D,Processor,AMD,CUS0321,2022-05-03,18:15:57,2022,5,349.99,150,1,0.15,297.49,169.99,57.1,In-Store,Bank Transfer,Completed,Lucas
4614,ORD01843,PRD006,Samsung 970 EVO 500GB,Storage,Samsung,CUS0413,2023-02-16,22:42:07,2023,2,69.99,29,1,0.0,69.99,40.99,58.6,Marketplace,Boleto,Completed,Roberto
4615,ORD01843,PRD024,MSI MAG B550M MORTAR,Motherboard,MSI,CUS0413,2023-02-16,22:42:07,2023,2,129.99,55,1,0.0,129.99,74.99,57.7,Reseller,Bank Transfer,Completed,Roberto
4616,ORD01843,PRD011,Seagate Barracuda 2TB,Storage,Seagate,CUS0413,2023-02-16,22:42:07,2023,2,54.99,23,2,0.1,98.98,57.58,58.2,Phone,Cash,Completed,Roberto
4617,ORD01844,PRD023,ASUS TUF Gaming B660M,Motherboard,ASUS,CUS0385,2023-06-22,12:07:08,2023,6,159.99,68,1,0.0,159.99,91.99,57.5,In-Store,Credit Card,Completed,Mariana
4618,ORD01844,PRD032,Intel Core i9-12900K,Processor,Intel,CUS0385,2023-06-22,12:07:08,2023,6,569.99,245,1,0.25,427.49,243.74,57.0,Online,Debit Card,Completed,Mariana
4619,ORD01844,PRD019,Kingston Fury Beast 16GB DDR4,Memory,Kingston,CUS0385,2023-06-22,12:07:08,2023,6,54.99,23,1,0.0,54.99,31.99,58.2,Reseller,Credit Card,Completed,Mariana
4620,ORD01845,PRD024,MSI MAG B550M MORTAR,Motherboard,MSI,CUS0121,2022-12-13,18:18:38,2022,12,129.99,55,1,0.0,129.99,74.99,57.7,Phone,Cash,Completed,Fernanda
4621,ORD01846,PRD036,AMD Ryzen 9 5900X,Processor,AMD,CUS0330,2022-12-29,11:36:23,2022,12,449.99,193,1,0.0,449.99,256.99,57.1,Reseller,Cash,Completed,Juliana
4622,ORD01846,PRD032,Intel Core i9-12900K,Processor,Intel,CUS0330,2022-12-29,11:36:23,2022,12,569.99,245,1,0.05,541.49,308.74,57.0,Online,Cash,Completed,Juliana
4623,ORD01847,PRD009,WD Black SN850 1TB,Storage,WD,CUS0262,2023-10-02,12:24:01,2023,10,109.99,47,1,0.0,109.99,62.99,57.3,In-Store,Debit Card,Completed,Leandro
4624,ORD01848,PRD013,Corsair Vengeance 8GB DDR4,Memory,Corsair,CUS0213,2023-02-04,16:09:42,2023,2,29.99,12,3,0.0,89.97,53.97,60.0,Online,PIX,Completed,Isabela
4625,ORD01849,PRD002,Kingston A400 480GB,Storage,Kingston,CUS0141,2023-01-18,11:07:34,2023,1,49.99,21,2,0.1,89.98,52.18,58.0,Marketplace,Credit Card,Completed,Isabela
4626,ORD01849,PRD025,MSI PRO Z690-A,Motherboard,MSI,CUS0141,2023-01-18,11:07:34,2023,1,189.99,81,1,0.0,189.99,108.99,57.4,Phone,Bank Transfer,Completed,Isabela
4627,ORD01850,PRD035,AMD Ryzen 7 5800X3D,Processor,AMD,CUS0184,2022-11-11,19:42:00,2022,11,349.99,150,3,0.1,944.97,539.97,57.1,In-Store,Boleto,Completed,André
4628,ORD01850,PRD058,DeepCool AK620,Cooler,DeepCool,CUS0184,2022-11-11,19:42:00,2022,11,54.99,23,1,0.0,54.99,31.99,58.2,Marketplace,Bank Transfer,Completed,André
4629,ORD01850,PRD036,AMD Ryzen 9 5900X,Processor,AMD,CUS0184,2022-11-11,19:42:00,2022,11,449.99,193,1,0.0,449.99,256.99,57.1,Online,PIX,Completed,André
4630,ORD01851,PRD017,G.Skill Trident Z5 32GB DDR5,Memory,G.Skill,CUS0187,2023-11-26,18:12:45,2023,11,149.99,64,3,0.05,427.47,245.07,57.3,Reseller,Boleto,Completed,Rodrigo
4631,ORD01851,PRD002,Kingston A400 480GB,Storage,Kingston,CUS0187,2023-11-26,18:12:45,2023,11,49.99,21,1,0.0,49.99,28.99,58.0,Phone,Boleto,Completed,Rodrigo
4632,ORD01851,PRD035,AMD Ryzen 7 5800X3D,Processor,AMD,CUS0187,2023-11-26,18:12:45,2023,11,349.99,150,1,0.0,349.99,199.99,57.1,Marketplace,Cash,Completed,Rodrigo
4633,ORD01851,PRD052,Thermaltake Toughpower 1000W,PSU,Thermaltake,CUS0187,2023-11-26,18:12:45,2023,11,189.99,81,1,0.0,189.99,108.99,57.4,Online,Credit Card,Completed,Rodrigo
4634,ORD01852,PRD025,MSI PRO Z690-A,Motherboard,MSI,CUS0171,2023-05-29,20:05:53,2023,5,189.99,81,1,0.0,189.99,108.99,57.4,Phone,Debit Card,Completed,Vanessa
4635,ORD01852,PRD051,be quiet! Straight Power 850W,PSU,be quiet!,CUS0171,2023-05-29,20:05:53,2023,5,169.99,73,1,0.0,169.99,96.99,57.1,Online,Boleto,Completed,Vanessa
4636,ORD01852,PRD054,Noctua NH-U12S,Cooler,Noctua,CUS0171,2023-05-29,20:05:53,2023,5,69.99,30,2,0.0,139.98,79.98,57.1,Phone,PIX,Completed,Vanessa
4637,ORD01852,PRD058,DeepCool AK620,Cooler,DeepCool,CUS0171,2023-05-29,20:05:53,2023,5,54.99,23,1,0.1,49.49,28.79,58.2,Marketplace,Bank Transfer,Completed,Vanessa
4638,ORD01853,PRD056,Corsair H150i Elite 360mm,Cooler,Corsair,CUS0500,2023-07-26,13:56:39,2023,7,169.99,73,1,0.25,127.49,72.74,57.1,Marketplace,Cash,Completed,Rodrigo
4639,ORD01854,PRD036,AMD Ryzen 9 5900X,Processor,AMD,CUS0276,2023-03-28,20:04:06,2023,3,449.99,193,1,0.15,382.49,218.44,57.1,Marketplace,Cash,Completed,Aline
4640,ORD01854,PRD045,AMD RX 6700 XT 12GB,GPU,AMD,CUS0276,2023-03-28,20:04:06,2023,3,399.99,172,1,0.0,399.99,227.99,57.0,Reseller,Bank Transfer,Completed,Aline
4641,ORD01854,PRD010,WD Blue 1TB HDD,Storage,WD,CUS0276,2023-03-28,20:04:06,2023,3,44.99,19,1,0.0,44.99,25.99,57.8,Online,PIX,Completed,Aline
4642,ORD01855,PRD010,WD Blue 1TB HDD,Storage,WD,CUS0246,2024-05-09,19:21:45,2024,5,44.99,19,2,0.15,76.48,44.18,57.8,Phone,PIX,Completed,Henrique
4643,ORD01855,PRD049,Corsair RM850 Modular,PSU,Corsair,CUS0246,2024-05-09,19:21:45,2024,5,139.99,60,2,0.1,251.98,143.98,57.1,Reseller,Bank Transfer,Completed,Henrique
4644,ORD01855,PRD014,Corsair Vengeance 16GB DDR4,Memory,Corsair,CUS0246,2024-05-09,19:21:45,2024,5,59.99,25,3,0.0,179.97,104.97,58.3,In-Store,Cash,Completed,Henrique
4645,ORD01855,PRD036,AMD Ryzen 9 5900X,Processor,AMD,CUS0246,2024-05-09,19:21:45,2024,5,449.99,193,2,0.0,899.98,513.98,57.1,Reseller,Cash,Completed,Henrique
4646,ORD01856,PRD016,G.Skill Trident Z5 16GB DDR5,Memory,G.Skill,CUS0243,2023-08-20,19:24:23,2023,8,79.99,34,1,0.25,59.99,34.49,57.5,Online,Boleto,Completed,Daniela
4647,ORD01857,PRD045,AMD RX 6700 XT 12GB,GPU,AMD,CUS0374,2024-02-28,10:54:59,2024,2,399.99,172,3,0.1,1079.97,615.57,57.0,In-Store,Credit Card,Completed,Viviane
4648,ORD01857,PRD035,AMD Ryzen 7 5800X3D,Processor,AMD,CUS0374,2024-02-28,10:54:59,2024,2,349.99,150,1,0.0,349.99,199.99,57.1,Reseller,Credit Card,Completed,Viviane
4649,ORD01857,PRD054,Noctua NH-U12S,Cooler,Noctua,CUS0374,2024-02-28,10:54:59,2024,2,69.99,30,1,0.0,69.99,39.99,57.1,In-Store,Debit Card,Completed,Viviane
4650,ORD01858,PRD022,ASUS ROG Strix Z690-A,Motherboard,ASUS,CUS0031,2024-09-21,22:03:30,2024,9,319.99,137,1,0.05,303.99,173.84,57.2,Marketplace,Credit Card,Completed,Leticia
4651,ORD01858,PRD051,be quiet! Straight Power 850W,PSU,be quiet!,CUS0031,2024-09-21,22:03:30,2024,9,169.99,73,1,0.0,169.99,96.99,57.1,In-Store,Credit Card,Completed,Leticia
4652,ORD01858,PRD029,Intel Core i5-12400,Processor,Intel,CUS0031,2024-09-21,22:03:30,2024,9,199.99,86,1,0.0,199.99,113.99,57.0,Reseller,Debit Card,Completed,Leticia
4653,ORD01859,PRD004,Samsung 870 EVO 500GB,Storage,Samsung,CUS0446,2023-12-11,11:22:43,2023,12,79.99,34,1,0.0,79.99,45.99,57.5,Online,Cash,Completed,Carlos
4654,ORD01859,PRD028,Intel Core i3-12100,Processor,Intel,CUS0446,2023-12-11,11:22:43,2023,12,119.99,51,1,0.05,113.99,65.54,57.5,Phone,Credit Card,Completed,Carlos
4655,ORD01859,PRD031,Intel Core i7-12700K,Processor,Intel,CUS0446,2023-12-11,11:22:43,2023,12,369.99,159,2,0.15,628.98,358.68,57.0,Online,Boleto,Completed,Carlos
4656,ORD01859,PRD010,WD Blue 1TB HDD,Storage,WD,CUS0446,2023-12-11,11:22:43,2023,12,44.99,19,1,0.0,44.99,25.99,57.8,Reseller,PIX,Completed,Carlos
4657,ORD01860,PRD036,AMD Ryzen 9 5900X,Processor,AMD,CUS0493,2023-03-12,14:26:31,2023,3,449.99,193,3,0.0,1349.97,770.97,57.1,Online,Cash,Completed,Sandra
4658,ORD01860,PRD035,AMD Ryzen 7 5800X3D,Processor,AMD,CUS0493,2023-03-12,14:26:31,2023,3,349.99,150,2,0.0,699.98,399.98,57.1,Reseller,Bank Transfer,Completed,Sandra
4659,ORD01861,PRD049,Corsair RM850 Modular,PSU,Corsair,CUS0106,2024-12-27,15:13:19,2024,12,139.99,60,4,0.0,559.96,319.96,57.1,Online,Cash,Completed,Cristina
4660,ORD01861,PRD002,Kingston A400 480GB,Storage,Kingston,CUS0106,2024-12-27,15:13:19,2024,12,49.99,21,1,0.15,42.49,24.64,58.0,Marketplace,Boleto,Completed,Cristina
4661,ORD01861,PRD042,NVIDIA RTX 4070 12GB,GPU,NVIDIA,CUS0106,2024-12-27,15:13:19,2024,12,599.99,258,2,0.2,959.98,547.18,57.0,In-Store,PIX,Completed,Cristina
4662,ORD01862,PRD022,ASUS ROG Strix Z690-A,Motherboard,ASUS,CUS0334,2023-02-17,08:27:09,2023,2,319.99,137,2,0.0,639.98,365.98,57.2,Reseller,Cash,Completed,Gustavo
4663,ORD01862,PRD039,NVIDIA RTX 3070 8GB,GPU,NVIDIA,CUS0334,2023-02-17,08:27:09,2023,2,499.99,215,1,0.15,424.99,242.24,57.0,Online,Bank Transfer,Completed,Gustavo
4664,ORD01862,PRD051,be quiet! Straight Power 850W,PSU,be quiet!,CUS0334,2023-02-17,08:27:09,2023,2,169.99,73,1,0.0,169.99,96.99,57.1,Phone,Bank Transfer,Completed,Gustavo
4665,ORD01862,PRD048,Corsair RM750 Modular,PSU,Corsair,CUS0334,2023-02-17,08:27:09,2023,2,109.99,47,4,0.0,439.96,251.96,57.3,In-Store,PIX,Completed,Gustavo
4666,ORD01863,PRD033,AMD Ryzen 5 5600X,Processor,AMD,CUS0114,2024-02-01,22:56:15,2024,2,229.99,98,1,0.0,229.99,131.99,57.4,Reseller,PIX,Completed,Paulo
4667,ORD01863,PRD037,AMD Ryzen 9 7900X,Processor,AMD,CUS0114,2024-02-01,22:56:15,2024,2,549.99,236,4,0.0,2199.96,1255.96,57.1,Marketplace,Bank Transfer,Completed,Paulo
4668,ORD01864,PRD048,Corsair RM750 Modular,PSU,Corsair,CUS0038,2022-10-07,19:56:24,2022,10,109.99,47,1,0.0,109.99,62.99,57.3,Marketplace,Bank Transfer,Completed,Leonardo
4669,ORD01864,PRD054,Noctua NH-U12S,Cooler,Noctua,CUS0038,2022-10-07,19:56:24,2022,10,69.99,30,1,0.15,59.49,33.99,57.1,Online,Boleto,Completed,Leonardo
4670,ORD01864,PRD027,Gigabyte Z790 AORUS Master,Motherboard,Gigabyte,CUS0038,2022-10-07,19:56:24,2022,10,449.99,193,3,0.05,1282.47,732.42,57.1,Phone,Cash,Completed,Leonardo
4671,ORD01864,PRD053,Noctua NH-D15,Cooler,Noctua,CUS0038,2022-10-07,19:56:24,2022,10,99.99,43,3,0.05,284.97,162.42,57.0,In-Store,PIX,Completed,Leonardo
4672,ORD01865,PRD055,Corsair H100i RGB 240mm,Cooler,Corsair,CUS0378,2024-12-13,21:05:09,2024,12,129.99,56,2,0.1,233.98,133.18,56.9,Reseller,Boleto,Completed,Leonardo
4673,ORD01866,PRD018,G.Skill Trident Z5 64GB DDR5,Memory,G.Skill,CUS0139,2023-11-16,16:09:36,2023,11,289.99,124,1,0.2,231.99,132.79,57.2,Phone,Debit Card,Completed,Ana
4674,ORD01866,PRD006,Samsung 970 EVO 500GB,Storage,Samsung,CUS0139,2023-11-16,16:09:36,2023,11,69.99,29,3,0.2,167.98,98.38,58.6,Marketplace,Credit Card,Completed,Ana
4675,ORD01866,PRD004,Samsung 870 EVO 500GB,Storage,Samsung,CUS0139,2023-11-16,16:09:36,2023,11,79.99,34,1,0.15,67.99,39.09,57.5,Reseller,Debit Card,Completed,Ana
4676,ORD01867,PRD051,be quiet! Straight Power 850W,PSU,be quiet!,CUS0169,2024-05-09,14:08:37,2024,5,169.99,73,1,0.0,169.99,96.99,57.1,Reseller,PIX,Completed,Larissa
4677,ORD01867,PRD055,Corsair H100i RGB 240mm,Cooler,Corsair,CUS0169,2024-05-09,14:08:37,2024,5,129.99,56,1,0.15,110.49,62.89,56.9,In-Store,Debit Card,Completed,Larissa
4678,ORD01868,PRD036,AMD Ryzen 9 5900X,Processor,AMD,CUS0042,2022-09-10,18:29:27,2022,9,449.99,193,2,0.0,899.98,513.98,57.1,Phone,Debit Card,Completed,Juliana
4679,ORD01868,PRD043,NVIDIA RTX 4080 16GB,GPU,NVIDIA,CUS0042,2022-09-10,18:29:27,2022,9,1199.99,516,3,0.15,3059.97,1744.17,57.0,Marketplace,Boleto,Completed,Juliana
4680,ORD01868,PRD031,Intel Core i7-12700K,Processor,Intel,CUS0042,2022-09-10,18:29:27,2022,9,369.99,159,2,0.0,739.98,421.98,57.0,Marketplace,PIX,Completed,Juliana
4681,ORD01869,PRD044,AMD RX 6600 8GB,GPU,AMD,CUS0024,2022-02-14,16:14:50,2022,2,289.99,124,1,0.0,289.99,165.99,57.2,Reseller,Debit Card,Completed,Ana
4682,ORD01870,PRD050,EVGA SuperNOVA 650W,PSU,EVGA,CUS0334,2024-07-16,19:56:17,2024,7,89.99,38,1,0.1,80.99,46.79,57.8,Phone,Bank Transfer,Completed,Gustavo
4683,ORD01871,PRD026,Gigabyte B550 AORUS Elite,Motherboard,Gigabyte,CUS0103,2022-11-06,22:45:26,2022,11,169.99,72,1,0.2,135.99,78.39,57.6,Online,Cash,Completed,Paulo
4684,ORD01872,PRD030,Intel Core i5-13600K,Processor,Intel,CUS0485,2023-04-28,21:32:32,2023,4,279.99,120,1,0.0,279.99,159.99,57.1,In-Store,Bank Transfer,Completed,Gabriel
4685,ORD01872,PRD002,Kingston A400 480GB,Storage,Kingston,CUS0485,2023-04-28,21:32:32,2023,4,49.99,21,2,0.0,99.98,57.98,58.0,Reseller,Credit Card,Completed,Gabriel
4686,ORD01873,PRD023,ASUS TUF Gaming B660M,Motherboard,ASUS,CUS0269,2022-06-22,16:18:43,2022,6,159.99,68,1,0.1,143.99,82.79,57.5,Online,Bank Transfer,Completed,Bruno
4687,ORD01873,PRD040,NVIDIA RTX 3080 10GB,GPU,NVIDIA,CUS0269,2022-06-22,16:18:43,2022,6,699.99,301,2,0.0,1399.98,797.98,57.0,Phone,Boleto,Completed,Bruno
4688,ORD01873,PRD049,Corsair RM850 Modular,PSU,Corsair,CUS0269,2022-06-22,16:18:43,2022,6,139.99,60,1,0.05,132.99,75.99,57.1,In-Store,Credit Card,Completed,Bruno
4689,ORD01874,PRD012,Seagate Barracuda 4TB,Storage,Seagate,CUS0436,2024-03-31,10:22:32,2024,3,89.99,38,1,0.0,89.99,51.99,57.8,Marketplace,Debit Card,Completed,Claudia
4690,ORD01875,PRD034,AMD Ryzen 5 7600X,Processor,AMD,CUS0151,2023-12-15,12:57:24,2023,12,249.99,107,3,0.1,674.97,386.07,57.2,Online,Cash,Completed,Juliana
4691,ORD01875,PRD001,Kingston A400 240GB,Storage,Kingston,CUS0151,2023-12-15,12:57:24,2023,12,29.99,13,2,0.2,47.98,27.18,56.7,Reseller,Boleto,Completed,Juliana
4692,ORD01875,PRD030,Intel Core i5-13600K,Processor,Intel,CUS0151,2023-12-15,12:57:24,2023,12,279.99,120,3,0.0,839.97,479.97,57.1,Reseller,PIX,Completed,Juliana
4693,ORD01876,PRD002,Kingston A400 480GB,Storage,Kingston,CUS0213,2024-11-06,12:17:54,2024,11,49.99,21,1,0.2,39.99,23.19,58.0,Reseller,Boleto,Completed,Isabela
4694,ORD01877,PRD005,Samsung 870 EVO 1TB,Storage,Samsung,CUS0343,2023-03-23,11:02:48,2023,3,129.99,56,2,0.0,259.98,147.98,56.9,Phone,Debit Card,Completed,Isabela
4695,ORD01877,PRD017,G.Skill Trident Z5 32GB DDR5,Memory,G.Skill,CUS0343,2023-03-23,11:02:48,2023,3,149.99,64,1,0.0,149.99,85.99,57.3,Phone,PIX,Completed,Isabela
4696,ORD01878,PRD024,MSI MAG B550M MORTAR,Motherboard,MSI,CUS0431,2023-11-05,08:57:58,2023,11,129.99,55,2,0.05,246.98,142.48,57.7,Marketplace,Cash,Completed,Natalia
4697,ORD01879,PRD021,ASUS ROG Strix B550-F,Motherboard,ASUS,CUS0477,2023-10-07,16:21:40,2023,10,219.99,94,1,0.0,219.99,125.99,57.3,Reseller,Credit Card,Completed,Patricia
4698,ORD01879,PRD017,G.Skill Trident Z5 32GB DDR5,Memory,G.Skill,CUS0477,2023-10-07,16:21:40,2023,10,149.99,64,1,0.0,149.99,85.99,57.3,In-Store,Bank Transfer,Completed,Patricia
4699,ORD01880,PRD025,MSI PRO Z690-A,Motherboard,MSI,CUS0357,2023-08-02,17:26:39,2023,8,189.99,81,1,0.0,189.99,108.99,57.4,Reseller,Boleto,Completed,Fabio
4700,ORD01880,PRD045,AMD RX 6700 XT 12GB,GPU,AMD,CUS0357,2023-08-02,17:26:39,2023,8,399.99,172,1,0.0,399.99,227.99,57.0,Reseller,Cash,Completed,Fabio
4701,ORD01880,PRD049,Corsair RM850 Modular,PSU,Corsair,CUS0357,2023-08-02,17:26:39,2023,8,139.99,60,3,0.0,419.97,239.97,57.1,Reseller,Credit Card,Completed,Fabio
4702,ORD01881,PRD038,NVIDIA RTX 3060 12GB,GPU,NVIDIA,CUS0139,2023-09-01,19:54:27,2023,9,329.99,141,3,0.1,890.97,510.27,57.3,Phone,Debit Card,Completed,Ana
4703,ORD01881,PRD031,Intel Core i7-12700K,Processor,Intel,CUS0139,2023-09-01,19:54:27,2023,9,369.99,159,1,0.0,369.99,210.99,57.0,Phone,Boleto,Completed,Ana
4704,ORD01881,PRD055,Corsair H100i RGB 240mm,Cooler,Corsair,CUS0139,2023-09-01,19:54:27,2023,9,129.99,56,1,0.1,116.99,66.59,56.9,Reseller,Cash,Completed,Ana
4705,ORD01882,PRD011,Seagate Barracuda 2TB,Storage,Seagate,CUS0468,2024-10-05,10:37:51,2024,10,54.99,23,1,0.2,43.99,25.59,58.2,Online,Boleto,Completed,Carlos
4706,ORD01882,PRD007,Samsung 970 EVO 1TB,Storage,Samsung,CUS0468,2024-10-05,10:37:51,2024,10,119.99,51,1,0.0,119.99,68.99,57.5,Online,PIX,Completed,Carlos
4707,ORD01883,PRD007,Samsung 970 EVO 1TB,Storage,Samsung,CUS0293,2022-11-12,10:47:18,2022,11,119.99,51,2,0.15,203.98,117.28,57.5,Reseller,Bank Transfer,Completed,Daniela
4708,ORD01884,PRD012,Seagate Barracuda 4TB,Storage,Seagate,CUS0038,2023-12-31,15:17:05,2023,12,89.99,38,3,0.0,269.97,155.97,57.8,Reseller,Boleto,Completed,Leonardo
4709,ORD01885,PRD048,Corsair RM750 Modular,PSU,Corsair,CUS0079,2024-12-26,16:52:05,2024,12,109.99,47,1,0.15,93.49,53.54,57.3,Phone,Bank Transfer,Completed,Isabela
4710,ORD01885,PRD030,Intel Core i5-13600K,Processor,Intel,CUS0079,2024-12-26,16:52:05,2024,12,279.99,120,1,0.15,237.99,135.99,57.1,Online,Bank Transfer,Completed,Isabela
4711,ORD01885,PRD015,Corsair Vengeance 32GB DDR4,Memory,Corsair,CUS0079,2024-12-26,16:52:05,2024,12,109.99,47,1,0.15,93.49,53.54,57.3,Reseller,Cash,Completed,Isabela
4712,ORD01885,PRD044,AMD RX 6600 8GB,GPU,AMD,CUS0079,2024-12-26,16:52:05,2024,12,289.99,124,1,0.1,260.99,149.39,57.2,Phone,Boleto,Completed,Isabela
4713,ORD01886,PRD012,Seagate Barracuda 4TB,Storage,Seagate,CUS0492,2022-03-12,15:07:46,2022,3,89.99,38,1,0.0,89.99,51.99,57.8,Marketplace,PIX,Completed,Rafael
4714,ORD01887,PRD039,NVIDIA RTX 3070 8GB,GPU,NVIDIA,CUS0282,2024-07-18,15:56:30,2024,7,499.99,215,1,0.0,499.99,284.99,57.0,In-Store,Bank Transfer,Completed,Alexandre
4715,ORD01887,PRD003,Kingston A400 960GB,Storage,Kingston,CUS0282,2024-07-18,15:56:30,2024,7,89.99,38,1,0.1,80.99,46.79,57.8,Online,PIX,Completed,Alexandre
4716,ORD01887,PRD036,AMD Ryzen 9 5900X,Processor,AMD,CUS0282,2024-07-18,15:56:30,2024,7,449.99,193,1,0.0,449.99,256.99,57.1,Online,Credit Card,Completed,Alexandre
4717,ORD01887,PRD046,AMD RX 7900 XTX 24GB,GPU,AMD,CUS0282,2024-07-18,15:56:30,2024,7,999.99,430,2,0.05,1899.98,1082.98,57.0,Online,Boleto,Completed,Alexandre
4718,ORD01888,PRD036,AMD Ryzen 9 5900X,Processor,AMD,CUS0009,2024-01-13,11:07:57,2024,1,449.99,193,1,0.0,449.99,256.99,57.1,Online,PIX,Completed,Natalia
4719,ORD01888,PRD020,Kingston Fury Beast 32GB DDR4,Memory,Kingston,CUS0009,2024-01-13,11:07:57,2024,1,99.99,43,2,0.05,189.98,108.28,57.0,Marketplace,Debit Card,Completed,Natalia
4720,ORD01888,PRD039,NVIDIA RTX 3070 8GB,GPU,NVIDIA,CUS0009,2024-01-13,11:07:57,2024,1,499.99,215,1,0.2,399.99,227.99,57.0,Online,Bank Transfer,Completed,Natalia
4721,ORD01888,PRD038,NVIDIA RTX 3060 12GB,GPU,NVIDIA,CUS0009,2024-01-13,11:07:57,2024,1,329.99,141,2,0.15,560.98,321.28,57.3,In-Store,Bank Transfer,Completed,Natalia
4722,ORD01889,PRD001,Kingston A400 240GB,Storage,Kingston,CUS0430,2023-11-10,15:42:28,2023,11,29.99,13,1,0.0,29.99,16.99,56.7,In-Store,Debit Card,Completed,Ana
4723,ORD01889,PRD021,ASUS ROG Strix B550-F,Motherboard,ASUS,CUS0430,2023-11-10,15:42:28,2023,11,219.99,94,2,0.0,439.98,251.98,57.3,Reseller,Debit Card,Completed,Ana
4724,ORD01889,PRD025,MSI PRO Z690-A,Motherboard,MSI,CUS0430,2023-11-10,15:42:28,2023,11,189.99,81,2,0.0,379.98,217.98,57.4,Marketplace,Bank Transfer,Completed,Ana
4725,ORD01890,PRD004,Samsung 870 EVO 500GB,Storage,Samsung,CUS0448,2022-08-18,19:04:17,2022,8,79.99,34,2,0.15,135.98,78.18,57.5,In-Store,Bank Transfer,Completed,Natalia
4726,ORD01890,PRD017,G.Skill Trident Z5 32GB DDR5,Memory,G.Skill,CUS0448,2022-08-18,19:04:17,2022,8,149.99,64,1,0.0,149.99,85.99,57.3,Phone,Credit Card,Completed,Natalia
4727,ORD01890,PRD022,ASUS ROG Strix Z690-A,Motherboard,ASUS,CUS0448,2022-08-18,19:04:17,2022,8,319.99,137,2,0.0,639.98,365.98,57.2,Marketplace,Debit Card,Completed,Natalia
4728,ORD01891,PRD053,Noctua NH-D15,Cooler,Noctua,CUS0231,2022-07-05,20:51:20,2022,7,99.99,43,1,0.15,84.99,48.44,57.0,Reseller,Debit Card,Completed,Gabriel
4729,ORD01891,PRD042,NVIDIA RTX 4070 12GB,GPU,NVIDIA,CUS0231,2022-07-05,20:51:20,2022,7,599.99,258,1,0.0,599.99,341.99,57.0,Phone,PIX,Completed,Gabriel
4730,ORD01892,PRD004,Samsung 870 EVO 500GB,Storage,Samsung,CUS0355,2024-08-23,09:23:06,2024,8,79.99,34,1,0.15,67.99,39.09,57.5,Phone,Boleto,Completed,Priscila
4731,ORD01892,PRD051,be quiet! Straight Power 850W,PSU,be quiet!,CUS0355,2024-08-23,09:23:06,2024,8,169.99,73,1,0.05,161.49,92.14,57.1,Reseller,Credit Card,Completed,Priscila
4732,ORD01892,PRD002,Kingston A400 480GB,Storage,Kingston,CUS0355,2024-08-23,09:23:06,2024,8,49.99,21,1,0.0,49.99,28.99,58.0,In-Store,Bank Transfer,Completed,Priscila
4733,ORD01893,PRD047,Corsair RM650 Modular,PSU,Corsair,CUS0119,2022-07-25,22:57:44,2022,7,89.99,38,3,0.0,269.97,155.97,57.8,Marketplace,Debit Card,Completed,Gustavo
4734,ORD01894,PRD033,AMD Ryzen 5 5600X,Processor,AMD,CUS0021,2022-02-21,16:00:59,2022,2,229.99,98,1,0.0,229.99,131.99,57.4,Online,Bank Transfer,Completed,Leandro
4735,ORD01895,PRD033,AMD Ryzen 5 5600X,Processor,AMD,CUS0145,2024-12-30,21:54:38,2024,12,229.99,98,1,0.15,195.49,112.19,57.4,Marketplace,PIX,Completed,Priscila
4736,ORD01896,PRD008,Samsung 970 EVO 2TB,Storage,Samsung,CUS0185,2024-06-28,11:14:29,2024,6,219.99,94,2,0.05,417.98,239.38,57.3,In-Store,Debit Card,Completed,Beatriz
4737,ORD01896,PRD036,AMD Ryzen 9 5900X,Processor,AMD,CUS0185,2024-06-28,11:14:29,2024,6,449.99,193,1,0.0,449.99,256.99,57.1,Marketplace,Debit Card,Completed,Beatriz
4738,ORD01896,PRD020,Kingston Fury Beast 32GB DDR4,Memory,Kingston,CUS0185,2024-06-28,11:14:29,2024,6,99.99,43,1,0.1,89.99,51.29,57.0,In-Store,Credit Card,Completed,Beatriz
4739,ORD01896,PRD049,Corsair RM850 Modular,PSU,Corsair,CUS0185,2024-06-28,11:14:29,2024,6,139.99,60,2,0.05,265.98,151.98,57.1,Phone,PIX,Completed,Beatriz
4740,ORD01897,PRD018,G.Skill Trident Z5 64GB DDR5,Memory,G.Skill,CUS0101,2023-09-26,17:38:03,2023,9,289.99,124,2,0.0,579.98,331.98,57.2,Reseller,Debit Card,Completed,Beatriz
4741,ORD01897,PRD058,DeepCool AK620,Cooler,DeepCool,CUS0101,2023-09-26,17:38:03,2023,9,54.99,23,2,0.0,109.98,63.98,58.2,Phone,Boleto,Completed,Beatriz
4742,ORD01898,PRD004,Samsung 870 EVO 500GB,Storage,Samsung,CUS0461,2024-02-03,19:39:21,2024,2,79.99,34,1,0.0,79.99,45.99,57.5,Marketplace,Cash,Completed,Gabriel
4743,ORD01898,PRD051,be quiet! Straight Power 850W,PSU,be quiet!,CUS0461,2024-02-03,19:39:21,2024,2,169.99,73,1,0.0,169.99,96.99,57.1,Online,Bank Transfer,Completed,Gabriel
4744,ORD01898,PRD053,Noctua NH-D15,Cooler,Noctua,CUS0461,2024-02-03,19:39:21,2024,2,99.99,43,1,0.0,99.99,56.99,57.0,Phone,Debit Card,Completed,Gabriel
4745,ORD01899,PRD012,Seagate Barracuda 4TB,Storage,Seagate,CUS0205,2023-01-15,16:01:29,2023,1,89.99,38,1,0.0,89.99,51.99,57.8,Online,PIX,Completed,Leonardo
4746,ORD01899,PRD023,ASUS TUF Gaming B660M,Motherboard,ASUS,CUS0205,2023-01-15,16:01:29,2023,1,159.99,68,1,0.0,159.99,91.99,57.5,Phone,Cash,Completed,Leonardo
4747,ORD01899,PRD057,NZXT Kraken X73 360mm,Cooler,NZXT,CUS0205,2023-01-15,16:01:29,2023,1,189.99,81,1,0.2,151.99,87.19,57.4,Marketplace,Credit Card,Completed,Leonardo
4748,ORD01900,PRD051,be quiet! Straight Power 850W,PSU,be quiet!,CUS0159,2024-08-09,18:14:06,2024,8,169.99,73,1,0.0,169.99,96.99,57.1,Reseller,Debit Card,Completed,Alexandre
4749,ORD01900,PRD023,ASUS TUF Gaming B660M,Motherboard,ASUS,CUS0159,2024-08-09,18:14:06,2024,8,159.99,68,1,0.15,135.99,78.19,57.5,Reseller,Boleto,Completed,Alexandre
4750,ORD01900,PRD042,NVIDIA RTX 4070 12GB,GPU,NVIDIA,CUS0159,2024-08-09,18:14:06,2024,8,599.99,258,3,0.2,1439.98,820.78,57.0,Marketplace,Cash,Completed,Alexandre
4751,ORD01901,PRD027,Gigabyte Z790 AORUS Master,Motherboard,Gigabyte,CUS0394,2023-06-08,09:55:18,2023,6,449.99,193,4,0.0,1799.96,1027.96,57.1,Online,Cash,Completed,Fernanda
4752,ORD01901,PRD028,Intel Core i3-12100,Processor,Intel,CUS0394,2023-06-08,09:55:18,2023,6,119.99,51,3,0.0,359.97,206.97,57.5,Phone,Debit Card,Completed,Fernanda
4753,ORD01902,PRD040,NVIDIA RTX 3080 10GB,GPU,NVIDIA,CUS0245,2023-09-20,20:46:20,2023,9,699.99,301,1,0.0,699.99,398.99,57.0,Online,Credit Card,Completed,Adriana
4754,ORD01903,PRD019,Kingston Fury Beast 16GB DDR4,Memory,Kingston,CUS0324,2022-01-31,21:12:04,2022,1,54.99,23,1,0.0,54.99,31.99,58.2,Online,Bank Transfer,Completed,Felipe
4755,ORD01903,PRD043,NVIDIA RTX 4080 16GB,GPU,NVIDIA,CUS0324,2022-01-31,21:12:04,2022,1,1199.99,516,1,0.0,1199.99,683.99,57.0,Marketplace,Bank Transfer,Completed,Felipe
4756,ORD01904,PRD036,AMD Ryzen 9 5900X,Processor,AMD,CUS0372,2023-11-24,19:39:42,2023,11,449.99,193,1,0.0,449.99,256.99,57.1,Phone,Boleto,Completed,Priscila
4757,ORD01904,PRD047,Corsair RM650 Modular,PSU,Corsair,CUS0372,2023-11-24,19:39:42,2023,11,89.99,38,1,0.0,89.99,51.99,57.8,Online,Cash,Completed,Priscila
4758,ORD01904,PRD040,NVIDIA RTX 3080 10GB,GPU,NVIDIA,CUS0372,2023-11-24,19:39:42,2023,11,699.99,301,1,0.1,629.99,359.09,57.0,Marketplace,Boleto,Completed,Priscila
4759,ORD01905,PRD032,Intel Core i9-12900K,Processor,Intel,CUS0445,2022-11-13,16:31:42,2022,11,569.99,245,1,0.05,541.49,308.74,57.0,In-Store,PIX,Completed,Leandro
4760,ORD01905,PRD040,NVIDIA RTX 3080 10GB,GPU,NVIDIA,CUS0445,2022-11-13,16:31:42,2022,11,699.99,301,2,0.0,1399.98,797.98,57.0,Online,Boleto,Completed,Leandro
4761,ORD01905,PRD060,Thermaltake UX200 ARGB,Cooler,Thermaltake,CUS0445,2022-11-13,16:31:42,2022,11,34.99,15,2,0.05,66.48,37.98,57.1,Marketplace,Debit Card,Completed,Leandro
4762,ORD01905,PRD020,Kingston Fury Beast 32GB DDR4,Memory,Kingston,CUS0445,2022-11-13,16:31:42,2022,11,99.99,43,1,0.05,94.99,54.14,57.0,Marketplace,Credit Card,Completed,Leandro
4763,ORD01906,PRD006,Samsung 970 EVO 500GB,Storage,Samsung,CUS0241,2023-12-04,09:09:08,2023,12,69.99,29,3,0.05,199.47,116.82,58.6,Marketplace,Bank Transfer,Completed,Monica
4764,ORD01907,PRD042,NVIDIA RTX 4070 12GB,GPU,NVIDIA,CUS0489,2022-11-19,08:17:24,2022,11,599.99,258,1,0.0,599.99,341.99,57.0,Online,Credit Card,Completed,Carlos
4765,ORD01907,PRD020,Kingston Fury Beast 32GB DDR4,Memory,Kingston,CUS0489,2022-11-19,08:17:24,2022,11,99.99,43,1,0.1,89.99,51.29,57.0,Marketplace,Cash,Completed,Carlos
4766,ORD01907,PRD008,Samsung 970 EVO 2TB,Storage,Samsung,CUS0489,2022-11-19,08:17:24,2022,11,219.99,94,1,0.0,219.99,125.99,57.3,Phone,Credit Card,Completed,Carlos
4767,ORD01908,PRD055,Corsair H100i RGB 240mm,Cooler,Corsair,CUS0134,2024-11-13,17:37:51,2024,11,129.99,56,1,0.0,129.99,73.99,56.9,In-Store,Credit Card,Completed,Bruno
4768,ORD01908,PRD024,MSI MAG B550M MORTAR,Motherboard,MSI,CUS0134,2024-11-13,17:37:51,2024,11,129.99,55,1,0.0,129.99,74.99,57.7,Online,Debit Card,Completed,Bruno
4769,ORD01908,PRD026,Gigabyte B550 AORUS Elite,Motherboard,Gigabyte,CUS0134,2024-11-13,17:37:51,2024,11,169.99,72,1,0.0,169.99,97.99,57.6,Marketplace,Boleto,Completed,Bruno
4770,ORD01908,PRD029,Intel Core i5-12400,Processor,Intel,CUS0134,2024-11-13,17:37:51,2024,11,199.99,86,1,0.05,189.99,108.29,57.0,In-Store,Cash,Completed,Bruno
4771,ORD01909,PRD044,AMD RX 6600 8GB,GPU,AMD,CUS0448,2023-03-20,12:10:07,2023,3,289.99,124,3,0.05,826.47,473.07,57.2,Reseller,Credit Card,Completed,Natalia
4772,ORD01910,PRD047,Corsair RM650 Modular,PSU,Corsair,CUS0242,2024-05-22,10:22:35,2024,5,89.99,38,1,0.05,85.49,49.39,57.8,Marketplace,Credit Card,Completed,Gabriel
4773,ORD01910,PRD015,Corsair Vengeance 32GB DDR4,Memory,Corsair,CUS0242,2024-05-22,10:22:35,2024,5,109.99,47,4,0.1,395.96,226.76,57.3,Marketplace,Bank Transfer,Completed,Gabriel
4774,ORD01910,PRD019,Kingston Fury Beast 16GB DDR4,Memory,Kingston,CUS0242,2024-05-22,10:22:35,2024,5,54.99,23,1,0.0,54.99,31.99,58.2,Marketplace,Bank Transfer,Completed,Gabriel
4775,ORD01910,PRD053,Noctua NH-D15,Cooler,Noctua,CUS0242,2024-05-22,10:22:35,2024,5,99.99,43,1,0.05,94.99,54.14,57.0,Online,Bank Transfer,Completed,Gabriel
4776,ORD01911,PRD010,WD Blue 1TB HDD,Storage,WD,CUS0282,2023-10-29,13:55:45,2023,10,44.99,19,2,0.0,89.98,51.98,57.8,Marketplace,PIX,Completed,Alexandre
4777,ORD01911,PRD029,Intel Core i5-12400,Processor,Intel,CUS0282,2023-10-29,13:55:45,2023,10,199.99,86,2,0.2,319.98,182.38,57.0,In-Store,Bank Transfer,Completed,Alexandre
4778,ORD01911,PRD038,NVIDIA RTX 3060 12GB,GPU,NVIDIA,CUS0282,2023-10-29,13:55:45,2023,10,329.99,141,1,0.0,329.99,188.99,57.3,Phone,Credit Card,Completed,Alexandre
4779,ORD01911,PRD005,Samsung 870 EVO 1TB,Storage,Samsung,CUS0282,2023-10-29,13:55:45,2023,10,129.99,56,1,0.0,129.99,73.99,56.9,Phone,Debit Card,Completed,Alexandre
4780,ORD01912,PRD036,AMD Ryzen 9 5900X,Processor,AMD,CUS0216,2023-05-29,08:02:50,2023,5,449.99,193,1,0.15,382.49,218.44,57.1,Phone,Cash,Completed,Claudia
4781,ORD01912,PRD030,Intel Core i5-13600K,Processor,Intel,CUS0216,2023-05-29,08:02:50,2023,5,279.99,120,2,0.05,531.98,303.98,57.1,In-Store,Boleto,Completed,Claudia
4782,ORD01913,PRD050,EVGA SuperNOVA 650W,PSU,EVGA,CUS0442,2024-02-16,13:29:55,2024,2,89.99,38,2,0.0,179.98,103.98,57.8,In-Store,Bank Transfer,Completed,Monica
4783,ORD01913,PRD039,NVIDIA RTX 3070 8GB,GPU,NVIDIA,CUS0442,2024-02-16,13:29:55,2024,2,499.99,215,1,0.0,499.99,284.99,57.0,Phone,Bank Transfer,Completed,Monica
4784,ORD01914,PRD055,Corsair H100i RGB 240mm,Cooler,Corsair,CUS0485,2023-12-06,21:02:34,2023,12,129.99,56,1,0.0,129.99,73.99,56.9,Reseller,Boleto,Completed,Gabriel
4785,ORD01914,PRD051,be quiet! Straight Power 850W,PSU,be quiet!,CUS0485,2023-12-06,21:02:34,2023,12,169.99,73,2,0.05,322.98,184.28,57.1,Phone,Cash,Completed,Gabriel
4786,ORD01914,PRD034,AMD Ryzen 5 7600X,Processor,AMD,CUS0485,2023-12-06,21:02:34,2023,12,249.99,107,1,0.15,212.49,121.54,57.2,Online,Bank Transfer,Completed,Gabriel
4787,ORD01915,PRD060,Thermaltake UX200 ARGB,Cooler,Thermaltake,CUS0481,2024-07-08,20:08:33,2024,7,34.99,15,1,0.1,31.49,17.99,57.1,Phone,Credit Card,Completed,Paulo
4788,ORD01915,PRD003,Kingston A400 960GB,Storage,Kingston,CUS0481,2024-07-08,20:08:33,2024,7,89.99,38,1,0.15,76.49,44.19,57.8,Reseller,PIX,Completed,Paulo
4789,ORD01915,PRD024,MSI MAG B550M MORTAR,Motherboard,MSI,CUS0481,2024-07-08,20:08:33,2024,7,129.99,55,1,0.05,123.49,71.24,57.7,Phone,PIX,Completed,Paulo
4790,ORD01916,PRD014,Corsair Vengeance 16GB DDR4,Memory,Corsair,CUS0099,2024-05-23,11:53:58,2024,5,59.99,25,1,0.0,59.99,34.99,58.3,Online,Debit Card,Completed,Ana
4791,ORD01916,PRD038,NVIDIA RTX 3060 12GB,GPU,NVIDIA,CUS0099,2024-05-23,11:53:58,2024,5,329.99,141,4,0.0,1319.96,755.96,57.3,Online,Cash,Completed,Ana
4792,ORD01917,PRD049,Corsair RM850 Modular,PSU,Corsair,CUS0361,2022-08-06,22:30:27,2022,8,139.99,60,1,0.05,132.99,75.99,57.1,Phone,Debit Card,Completed,Renata
4793,ORD01917,PRD041,NVIDIA RTX 4060 8GB,GPU,NVIDIA,CUS0361,2022-08-06,22:30:27,2022,8,299.99,129,3,0.0,899.97,512.97,57.0,Phone,Cash,Completed,Renata
4794,ORD01918,PRD031,Intel Core i7-12700K,Processor,Intel,CUS0008,2023-10-02,20:15:19,2023,10,369.99,159,1,0.1,332.99,189.89,57.0,Reseller,Debit Card,Completed,Fernanda
4795,ORD01918,PRD048,Corsair RM750 Modular,PSU,Corsair,CUS0008,2023-10-02,20:15:19,2023,10,109.99,47,1,0.1,98.99,56.69,57.3,Phone,Bank Transfer,Completed,Fernanda
4796,ORD01918,PRD053,Noctua NH-D15,Cooler,Noctua,CUS0008,2023-10-02,20:15:19,2023,10,99.99,43,1,0.0,99.99,56.99,57.0,Online,Debit Card,Completed,Fernanda
4797,ORD01919,PRD041,NVIDIA RTX 4060 8GB,GPU,NVIDIA,CUS0234,2024-07-02,14:35:21,2024,7,299.99,129,4,0.0,1199.96,683.96,57.0,In-Store,Bank Transfer,Completed,Pedro
4798,ORD01920,PRD038,NVIDIA RTX 3060 12GB,GPU,NVIDIA,CUS0441,2024-08-21,16:38:04,2024,8,329.99,141,1,0.15,280.49,160.64,57.3,Phone,Debit Card,Completed,Rodrigo
4799,ORD01920,PRD047,Corsair RM650 Modular,PSU,Corsair,CUS0441,2024-08-21,16:38:04,2024,8,89.99,38,3,0.0,269.97,155.97,57.8,Reseller,Cash,Completed,Rodrigo
4800,ORD01920,PRD039,NVIDIA RTX 3070 8GB,GPU,NVIDIA,CUS0441,2024-08-21,16:38:04,2024,8,499.99,215,2,0.15,849.98,484.48,57.0,Online,Credit Card,Completed,Rodrigo
4801,ORD01921,PRD012,Seagate Barracuda 4TB,Storage,Seagate,CUS0129,2022-09-24,11:15:29,2022,9,89.99,38,1,0.0,89.99,51.99,57.8,Phone,Debit Card,Completed,Leticia
4802,ORD01921,PRD041,NVIDIA RTX 4060 8GB,GPU,NVIDIA,CUS0129,2022-09-24,11:15:29,2022,9,299.99,129,1,0.0,299.99,170.99,57.0,Online,Boleto,Completed,Leticia
4803,ORD01921,PRD054,Noctua NH-U12S,Cooler,Noctua,CUS0129,2022-09-24,11:15:29,2022,9,69.99,30,1,0.15,59.49,33.99,57.1,Phone,Bank Transfer,Completed,Leticia
4804,ORD01921,PRD048,Corsair RM750 Modular,PSU,Corsair,CUS0129,2022-09-24,11:15:29,2022,9,109.99,47,1,0.1,98.99,56.69,57.3,In-Store,Credit Card,Completed,Leticia
4805,ORD01922,PRD060,Thermaltake UX200 ARGB,Cooler,Thermaltake,CUS0296,2024-09-03,10:37:34,2024,9,34.99,15,3,0.1,94.47,53.97,57.1,In-Store,PIX,Completed,Eduardo
4806,ORD01923,PRD002,Kingston A400 480GB,Storage,Kingston,CUS0038,2022-02-02,15:27:04,2022,2,49.99,21,4,0.0,199.96,115.96,58.0,Reseller,PIX,Completed,Leonardo
4807,ORD01923,PRD033,AMD Ryzen 5 5600X,Processor,AMD,CUS0038,2022-02-02,15:27:04,2022,2,229.99,98,1,0.1,206.99,118.79,57.4,Phone,Credit Card,Completed,Leonardo
4808,ORD01923,PRD052,Thermaltake Toughpower 1000W,PSU,Thermaltake,CUS0038,2022-02-02,15:27:04,2022,2,189.99,81,3,0.05,541.47,310.62,57.4,Online,PIX,Completed,Leonardo
4809,ORD01923,PRD039,NVIDIA RTX 3070 8GB,GPU,NVIDIA,CUS0038,2022-02-02,15:27:04,2022,2,499.99,215,1,0.0,499.99,284.99,57.0,Reseller,Cash,Completed,Leonardo
4810,ORD01924,PRD014,Corsair Vengeance 16GB DDR4,Memory,Corsair,CUS0042,2023-04-18,21:38:20,2023,4,59.99,25,1,0.05,56.99,33.24,58.3,Online,Cash,Completed,Juliana
4811,ORD01924,PRD044,AMD RX 6600 8GB,GPU,AMD,CUS0042,2023-04-18,21:38:20,2023,4,289.99,124,3,0.0,869.97,497.97,57.2,Reseller,PIX,Completed,Juliana
4812,ORD01925,PRD021,ASUS ROG Strix B550-F,Motherboard,ASUS,CUS0234,2023-07-24,16:05:50,2023,7,219.99,94,1,0.2,175.99,100.79,57.3,Reseller,Boleto,Completed,Pedro
4813,ORD01925,PRD026,Gigabyte B550 AORUS Elite,Motherboard,Gigabyte,CUS0234,2023-07-24,16:05:50,2023,7,169.99,72,2,0.0,339.98,195.98,57.6,Phone,Cash,Completed,Pedro
4814,ORD01926,PRD031,Intel Core i7-12700K,Processor,Intel,CUS0116,2024-05-10,20:35:17,2024,5,369.99,159,2,0.0,739.98,421.98,57.0,Phone,Debit Card,Completed,Monica
4815,ORD01926,PRD060,Thermaltake UX200 ARGB,Cooler,Thermaltake,CUS0116,2024-05-10,20:35:17,2024,5,34.99,15,2,0.15,59.48,33.98,57.1,Reseller,Boleto,Completed,Monica
4816,ORD01926,PRD041,NVIDIA RTX 4060 8GB,GPU,NVIDIA,CUS0116,2024-05-10,20:35:17,2024,5,299.99,129,3,0.0,899.97,512.97,57.0,Reseller,Debit Card,Completed,Monica
4817,ORD01927,PRD019,Kingston Fury Beast 16GB DDR4,Memory,Kingston,CUS0048,2024-01-01,12:42:50,2024,1,54.99,23,1,0.05,52.24,30.39,58.2,In-Store,PIX,Completed,Tatiana
4818,ORD01927,PRD054,Noctua NH-U12S,Cooler,Noctua,CUS0048,2024-01-01,12:42:50,2024,1,69.99,30,1,0.0,69.99,39.99,57.1,Phone,Bank Transfer,Completed,Tatiana
4819,ORD01927,PRD033,AMD Ryzen 5 5600X,Processor,AMD,CUS0048,2024-01-01,12:42:50,2024,1,229.99,98,1,0.0,229.99,131.99,57.4,In-Store,Boleto,Completed,Tatiana
4820,ORD01927,PRD052,Thermaltake Toughpower 1000W,PSU,Thermaltake,CUS0048,2024-01-01,12:42:50,2024,1,189.99,81,1,0.1,170.99,98.09,57.4,Marketplace,Bank Transfer,Completed,Tatiana
4821,ORD01928,PRD017,G.Skill Trident Z5 32GB DDR5,Memory,G.Skill,CUS0445,2023-09-21,12:33:04,2023,9,149.99,64,1,0.2,119.99,68.79,57.3,Reseller,Credit Card,Completed,Leandro
4822,ORD01928,PRD005,Samsung 870 EVO 1TB,Storage,Samsung,CUS0445,2023-09-21,12:33:04,2023,9,129.99,56,1,0.2,103.99,59.19,56.9,Marketplace,Boleto,Completed,Leandro
4823,ORD01928,PRD029,Intel Core i5-12400,Processor,Intel,CUS0445,2023-09-21,12:33:04,2023,9,199.99,86,1,0.0,199.99,113.99,57.0,Online,Bank Transfer,Completed,Leandro
4824,ORD01929,PRD044,AMD RX 6600 8GB,GPU,AMD,CUS0035,2023-12-21,16:31:19,2023,12,289.99,124,3,0.1,782.97,448.17,57.2,In-Store,Debit Card,Completed,Roberto
4825,ORD01930,PRD039,NVIDIA RTX 3070 8GB,GPU,NVIDIA,CUS0016,2024-11-04,21:16:51,2024,11,499.99,215,2,0.0,999.98,569.98,57.0,Reseller,Cash,Completed,Cristina
4826,ORD01931,PRD017,G.Skill Trident Z5 32GB DDR5,Memory,G.Skill,CUS0418,2022-02-02,10:57:56,2022,2,149.99,64,1,0.15,127.49,73.09,57.3,Marketplace,PIX,Completed,Bruno
4827,ORD01931,PRD055,Corsair H100i RGB 240mm,Cooler,Corsair,CUS0418,2022-02-02,10:57:56,2022,2,129.99,56,2,0.0,259.98,147.98,56.9,Marketplace,Boleto,Completed,Bruno
4828,ORD01931,PRD018,G.Skill Trident Z5 64GB DDR5,Memory,G.Skill,CUS0418,2022-02-02,10:57:56,2022,2,289.99,124,2,0.0,579.98,331.98,57.2,Online,Bank Transfer,Completed,Bruno
4829,ORD01931,PRD044,AMD RX 6600 8GB,GPU,AMD,CUS0418,2022-02-02,10:57:56,2022,2,289.99,124,2,0.0,579.98,331.98,57.2,Phone,Cash,Completed,Bruno
4830,ORD01932,PRD057,NZXT Kraken X73 360mm,Cooler,NZXT,CUS0255,2024-01-14,10:34:20,2024,1,189.99,81,2,0.1,341.98,196.18,57.4,Marketplace,PIX,Completed,Monica
4831,ORD01933,PRD022,ASUS ROG Strix Z690-A,Motherboard,ASUS,CUS0377,2023-02-24,14:43:19,2023,2,319.99,137,2,0.05,607.98,347.68,57.2,In-Store,Debit Card,Completed,Leonardo
4832,ORD01933,PRD016,G.Skill Trident Z5 16GB DDR5,Memory,G.Skill,CUS0377,2023-02-24,14:43:19,2023,2,79.99,34,1,0.2,63.99,36.79,57.5,Online,PIX,Completed,Leonardo
4833,ORD01934,PRD050,EVGA SuperNOVA 650W,PSU,EVGA,CUS0040,2022-11-17,21:16:37,2022,11,89.99,38,1,0.0,89.99,51.99,57.8,Online,Cash,Completed,Daniela
4834,ORD01934,PRD017,G.Skill Trident Z5 32GB DDR5,Memory,G.Skill,CUS0040,2022-11-17,21:16:37,2022,11,149.99,64,1,0.15,127.49,73.09,57.3,Reseller,Cash,Completed,Daniela
4835,ORD01934,PRD019,Kingston Fury Beast 16GB DDR4,Memory,Kingston,CUS0040,2022-11-17,21:16:37,2022,11,54.99,23,2,0.15,93.48,54.38,58.2,Online,Credit Card,Completed,Daniela
4836,ORD01935,PRD045,AMD RX 6700 XT 12GB,GPU,AMD,CUS0061,2023-03-27,11:52:00,2023,3,399.99,172,1,0.0,399.99,227.99,57.0,Phone,Debit Card,Completed,Marcelo
4837,ORD01936,PRD051,be quiet! Straight Power 850W,PSU,be quiet!,CUS0063,2024-05-21,13:55:36,2024,5,169.99,73,1,0.1,152.99,87.29,57.1,In-Store,PIX,Completed,Leticia
4838,ORD01936,PRD003,Kingston A400 960GB,Storage,Kingston,CUS0063,2024-05-21,13:55:36,2024,5,89.99,38,1,0.0,89.99,51.99,57.8,Online,Credit Card,Completed,Leticia
4839,ORD01937,PRD045,AMD RX 6700 XT 12GB,GPU,AMD,CUS0100,2022-09-18,15:01:41,2022,9,399.99,172,1,0.25,299.99,170.99,57.0,Reseller,Debit Card,Completed,Rafael
4840,ORD01937,PRD048,Corsair RM750 Modular,PSU,Corsair,CUS0100,2022-09-18,15:01:41,2022,9,109.99,47,3,0.1,296.97,170.07,57.3,In-Store,PIX,Completed,Rafael
4841,ORD01937,PRD046,AMD RX 7900 XTX 24GB,GPU,AMD,CUS0100,2022-09-18,15:01:41,2022,9,999.99,430,1,0.0,999.99,569.99,57.0,Online,Credit Card,Completed,Rafael
4842,ORD01938,PRD055,Corsair H100i RGB 240mm,Cooler,Corsair,CUS0327,2023-11-18,09:43:21,2023,11,129.99,56,3,0.0,389.97,221.97,56.9,In-Store,Debit Card,Completed,Pedro
4843,ORD01938,PRD024,MSI MAG B550M MORTAR,Motherboard,MSI,CUS0327,2023-11-18,09:43:21,2023,11,129.99,55,1,0.0,129.99,74.99,57.7,Marketplace,Bank Transfer,Completed,Pedro
4844,ORD01939,PRD008,Samsung 970 EVO 2TB,Storage,Samsung,CUS0284,2024-03-30,09:23:33,2024,3,219.99,94,1,0.2,175.99,100.79,57.3,Phone,Debit Card,Completed,João
4845,ORD01940,PRD048,Corsair RM750 Modular,PSU,Corsair,CUS0267,2024-10-09,15:02:46,2024,10,109.99,47,1,0.0,109.99,62.99,57.3,Marketplace,Boleto,Completed,Bruno
4846,ORD01940,PRD022,ASUS ROG Strix Z690-A,Motherboard,ASUS,CUS0267,2024-10-09,15:02:46,2024,10,319.99,137,2,0.0,639.98,365.98,57.2,Phone,Cash,Completed,Bruno
4847,ORD01940,PRD049,Corsair RM850 Modular,PSU,Corsair,CUS0267,2024-10-09,15:02:46,2024,10,139.99,60,2,0.1,251.98,143.98,57.1,In-Store,Debit Card,Completed,Bruno
4848,ORD01940,PRD024,MSI MAG B550M MORTAR,Motherboard,MSI,CUS0267,2024-10-09,15:02:46,2024,10,129.99,55,1,0.0,129.99,74.99,57.7,Phone,Credit Card,Completed,Bruno
4849,ORD01941,PRD021,ASUS ROG Strix B550-F,Motherboard,ASUS,CUS0198,2024-05-27,21:24:10,2024,5,219.99,94,2,0.0,439.98,251.98,57.3,Reseller,Cash,Completed,Alexandre
4850,ORD01941,PRD017,G.Skill Trident Z5 32GB DDR5,Memory,G.Skill,CUS0198,2024-05-27,21:24:10,2024,5,149.99,64,1,0.15,127.49,73.09,57.3,Online,Boleto,Completed,Alexandre
4851,ORD01941,PRD060,Thermaltake UX200 ARGB,Cooler,Thermaltake,CUS0198,2024-05-27,21:24:10,2024,5,34.99,15,2,0.0,69.98,39.98,57.1,Reseller,Debit Card,Completed,Alexandre
4852,ORD01942,PRD048,Corsair RM750 Modular,PSU,Corsair,CUS0087,2023-11-09,21:36:21,2023,11,109.99,47,1,0.2,87.99,50.39,57.3,Online,Cash,Completed,Priscila
4853,ORD01942,PRD023,ASUS TUF Gaming B660M,Motherboard,ASUS,CUS0087,2023-11-09,21:36:21,2023,11,159.99,68,2,0.1,287.98,165.58,57.5,Marketplace,Bank Transfer,Completed,Priscila
4854,ORD01942,PRD002,Kingston A400 480GB,Storage,Kingston,CUS0087,2023-11-09,21:36:21,2023,11,49.99,21,2,0.0,99.98,57.98,58.0,Reseller,Cash,Completed,Priscila
4855,ORD01942,PRD003,Kingston A400 960GB,Storage,Kingston,CUS0087,2023-11-09,21:36:21,2023,11,89.99,38,1,0.0,89.99,51.99,57.8,Online,PIX,Completed,Priscila
4856,ORD01943,PRD007,Samsung 970 EVO 1TB,Storage,Samsung,CUS0463,2023-02-03,12:09:28,2023,2,119.99,51,1,0.0,119.99,68.99,57.5,Marketplace,Boleto,Completed,Pedro
4857,ORD01943,PRD041,NVIDIA RTX 4060 8GB,GPU,NVIDIA,CUS0463,2023-02-03,12:09:28,2023,2,299.99,129,2,0.0,599.98,341.98,57.0,Online,Bank Transfer,Completed,Pedro
4858,ORD01943,PRD027,Gigabyte Z790 AORUS Master,Motherboard,Gigabyte,CUS0463,2023-02-03,12:09:28,2023,2,449.99,193,1,0.0,449.99,256.99,57.1,Reseller,Cash,Completed,Pedro
4859,ORD01943,PRD006,Samsung 970 EVO 500GB,Storage,Samsung,CUS0463,2023-02-03,12:09:28,2023,2,69.99,29,1,0.05,66.49,38.94,58.6,In-Store,Boleto,Completed,Pedro
4860,ORD01944,PRD002,Kingston A400 480GB,Storage,Kingston,CUS0121,2024-05-05,13:43:03,2024,5,49.99,21,2,0.05,94.98,55.08,58.0,Phone,Debit Card,Completed,Fernanda
4861,ORD01944,PRD016,G.Skill Trident Z5 16GB DDR5,Memory,G.Skill,CUS0121,2024-05-05,13:43:03,2024,5,79.99,34,1,0.05,75.99,43.69,57.5,Reseller,Debit Card,Completed,Fernanda
4862,ORD01944,PRD017,G.Skill Trident Z5 32GB DDR5,Memory,G.Skill,CUS0121,2024-05-05,13:43:03,2024,5,149.99,64,1,0.0,149.99,85.99,57.3,Marketplace,Cash,Completed,Fernanda
4863,ORD01944,PRD045,AMD RX 6700 XT 12GB,GPU,AMD,CUS0121,2024-05-05,13:43:03,2024,5,399.99,172,1,0.0,399.99,227.99,57.0,Phone,Boleto,Completed,Fernanda
4864,ORD01945,PRD043,NVIDIA RTX 4080 16GB,GPU,NVIDIA,CUS0225,2024-12-25,21:09:03,2024,12,1199.99,516,2,0.05,2279.98,1299.58,57.0,In-Store,Bank Transfer,Completed,João
4865,ORD01945,PRD020,Kingston Fury Beast 32GB DDR4,Memory,Kingston,CUS0225,2024-12-25,21:09:03,2024,12,99.99,43,1,0.0,99.99,56.99,57.0,Phone,Debit Card,Completed,João
4866,ORD01946,PRD011,Seagate Barracuda 2TB,Storage,Seagate,CUS0132,2022-07-22,21:35:11,2022,7,54.99,23,1,0.1,49.49,28.79,58.2,Phone,Credit Card,Completed,Cristina
4867,ORD01947,PRD010,WD Blue 1TB HDD,Storage,WD,CUS0465,2022-02-18,11:21:20,2022,2,44.99,19,2,0.1,80.98,46.78,57.8,Reseller,Bank Transfer,Completed,Ana
4868,ORD01948,PRD022,ASUS ROG Strix Z690-A,Motherboard,ASUS,CUS0378,2024-08-10,09:52:40,2024,8,319.99,137,1,0.05,303.99,173.84,57.2,Reseller,Boleto,Completed,Leonardo
4869,ORD01948,PRD039,NVIDIA RTX 3070 8GB,GPU,NVIDIA,CUS0378,2024-08-10,09:52:40,2024,8,499.99,215,1,0.1,449.99,256.49,57.0,In-Store,Debit Card,Completed,Leonardo
4870,ORD01948,PRD014,Corsair Vengeance 16GB DDR4,Memory,Corsair,CUS0378,2024-08-10,09:52:40,2024,8,59.99,25,1,0.1,53.99,31.49,58.3,In-Store,Bank Transfer,Completed,Leonardo
4871,ORD01948,PRD006,Samsung 970 EVO 500GB,Storage,Samsung,CUS0378,2024-08-10,09:52:40,2024,8,69.99,29,2,0.25,104.98,61.48,58.6,Online,Bank Transfer,Completed,Leonardo
4872,ORD01949,PRD037,AMD Ryzen 9 7900X,Processor,AMD,CUS0403,2022-12-05,22:32:24,2022,12,549.99,236,1,0.0,549.99,313.99,57.1,Marketplace,Bank Transfer,Completed,Marcelo
4873,ORD01949,PRD023,ASUS TUF Gaming B660M,Motherboard,ASUS,CUS0403,2022-12-05,22:32:24,2022,12,159.99,68,2,0.25,239.99,137.99,57.5,Marketplace,Boleto,Completed,Marcelo
4874,ORD01949,PRD016,G.Skill Trident Z5 16GB DDR5,Memory,G.Skill,CUS0403,2022-12-05,22:32:24,2022,12,79.99,34,2,0.0,159.98,91.98,57.5,Marketplace,Cash,Completed,Marcelo
4875,ORD01950,PRD046,AMD RX 7900 XTX 24GB,GPU,AMD,CUS0159,2023-06-03,18:19:18,2023,6,999.99,430,1,0.05,949.99,541.49,57.0,In-Store,Boleto,Completed,Alexandre
4876,ORD01950,PRD005,Samsung 870 EVO 1TB,Storage,Samsung,CUS0159,2023-06-03,18:19:18,2023,6,129.99,56,1,0.0,129.99,73.99,56.9,Reseller,PIX,Completed,Alexandre
4877,ORD01950,PRD015,Corsair Vengeance 32GB DDR4,Memory,Corsair,CUS0159,2023-06-03,18:19:18,2023,6,109.99,47,1,0.0,109.99,62.99,57.3,Reseller,Credit Card,Completed,Alexandre
4878,ORD01951,PRD017,G.Skill Trident Z5 32GB DDR5,Memory,G.Skill,CUS0158,2023-12-29,13:11:30,2023,12,149.99,64,1,0.0,149.99,85.99,57.3,Online,Debit Card,Completed,Aline
4879,ORD01952,PRD038,NVIDIA RTX 3060 12GB,GPU,NVIDIA,CUS0365,2022-08-07,19:27:43,2022,8,329.99,141,4,0.0,1319.96,755.96,57.3,Reseller,Boleto,Completed,Gabriel
4880,ORD01952,PRD013,Corsair Vengeance 8GB DDR4,Memory,Corsair,CUS0365,2022-08-07,19:27:43,2022,8,29.99,12,4,0.1,107.96,64.76,60.0,Online,PIX,Completed,Gabriel
4881,ORD01953,PRD060,Thermaltake UX200 ARGB,Cooler,Thermaltake,CUS0499,2024-12-30,19:11:36,2024,12,34.99,15,1,0.0,34.99,19.99,57.1,In-Store,PIX,Completed,Matheus
4882,ORD01954,PRD047,Corsair RM650 Modular,PSU,Corsair,CUS0267,2023-06-28,21:06:26,2023,6,89.99,38,1,0.0,89.99,51.99,57.8,Marketplace,Boleto,Completed,Bruno
4883,ORD01954,PRD015,Corsair Vengeance 32GB DDR4,Memory,Corsair,CUS0267,2023-06-28,21:06:26,2023,6,109.99,47,1,0.0,109.99,62.99,57.3,Online,Cash,Completed,Bruno
4884,ORD01954,PRD033,AMD Ryzen 5 5600X,Processor,AMD,CUS0267,2023-06-28,21:06:26,2023,6,229.99,98,1,0.1,206.99,118.79,57.4,Marketplace,Credit Card,Completed,Bruno
4885,ORD01954,PRD039,NVIDIA RTX 3070 8GB,GPU,NVIDIA,CUS0267,2023-06-28,21:06:26,2023,6,499.99,215,1,0.25,374.99,213.74,57.0,Phone,Debit Card,Completed,Bruno
4886,ORD01955,PRD005,Samsung 870 EVO 1TB,Storage,Samsung,CUS0283,2024-04-08,21:36:36,2024,4,129.99,56,1,0.0,129.99,73.99,56.9,Marketplace,Debit Card,Completed,Sergio
4887,ORD01956,PRD019,Kingston Fury Beast 16GB DDR4,Memory,Kingston,CUS0118,2023-01-28,09:35:58,2023,1,54.99,23,1,0.05,52.24,30.39,58.2,Online,Cash,Completed,Sergio
4888,ORD01957,PRD032,Intel Core i9-12900K,Processor,Intel,CUS0263,2022-05-15,10:27:49,2022,5,569.99,245,1,0.0,569.99,324.99,57.0,Reseller,Boleto,Completed,Sergio
4889,ORD01957,PRD011,Seagate Barracuda 2TB,Storage,Seagate,CUS0263,2022-05-15,10:27:49,2022,5,54.99,23,1,0.0,54.99,31.99,58.2,Reseller,Credit Card,Completed,Sergio
4890,ORD01957,PRD029,Intel Core i5-12400,Processor,Intel,CUS0263,2022-05-15,10:27:49,2022,5,199.99,86,1,0.0,199.99,113.99,57.0,Online,Debit Card,Completed,Sergio
4891,ORD01957,PRD021,ASUS ROG Strix B550-F,Motherboard,ASUS,CUS0263,2022-05-15,10:27:49,2022,5,219.99,94,1,0.15,186.99,107.09,57.3,Marketplace,Credit Card,Completed,Sergio
4892,ORD01958,PRD046,AMD RX 7900 XTX 24GB,GPU,AMD,CUS0069,2024-09-13,09:53:27,2024,9,999.99,430,1,0.0,999.99,569.99,57.0,Reseller,Debit Card,Completed,Daniela
4893,ORD01958,PRD029,Intel Core i5-12400,Processor,Intel,CUS0069,2024-09-13,09:53:27,2024,9,199.99,86,2,0.0,399.98,227.98,57.0,Reseller,Credit Card,Completed,Daniela
4894,ORD01958,PRD051,be quiet! Straight Power 850W,PSU,be quiet!,CUS0069,2024-09-13,09:53:27,2024,9,169.99,73,1,0.0,169.99,96.99,57.1,Online,Credit Card,Completed,Daniela
4895,ORD01958,PRD017,G.Skill Trident Z5 32GB DDR5,Memory,G.Skill,CUS0069,2024-09-13,09:53:27,2024,9,149.99,64,2,0.1,269.98,154.78,57.3,Online,Credit Card,Completed,Daniela
4896,ORD01959,PRD007,Samsung 970 EVO 1TB,Storage,Samsung,CUS0044,2022-01-06,11:52:40,2022,1,119.99,51,1,0.0,119.99,68.99,57.5,In-Store,PIX,Completed,Vanessa
4897,ORD01959,PRD052,Thermaltake Toughpower 1000W,PSU,Thermaltake,CUS0044,2022-01-06,11:52:40,2022,1,189.99,81,2,0.05,360.98,207.08,57.4,Phone,Bank Transfer,Completed,Vanessa
4898,ORD01959,PRD042,NVIDIA RTX 4070 12GB,GPU,NVIDIA,CUS0044,2022-01-06,11:52:40,2022,1,599.99,258,2,0.0,1199.98,683.98,57.0,Online,Boleto,Completed,Vanessa
4899,ORD01960,PRD020,Kingston Fury Beast 32GB DDR4,Memory,Kingston,CUS0493,2023-10-12,17:04:28,2023,10,99.99,43,1,0.05,94.99,54.14,57.0,In-Store,PIX,Completed,Sandra
4900,ORD01960,PRD044,AMD RX 6600 8GB,GPU,AMD,CUS0493,2023-10-12,17:04:28,2023,10,289.99,124,2,0.15,492.98,282.18,57.2,In-Store,PIX,Completed,Sandra
4901,ORD01961,PRD033,AMD Ryzen 5 5600X,Processor,AMD,CUS0124,2024-12-03,10:51:49,2024,12,229.99,98,1,0.05,218.49,125.39,57.4,Phone,Bank Transfer,Completed,Leandro
4902,ORD01961,PRD007,Samsung 970 EVO 1TB,Storage,Samsung,CUS0124,2024-12-03,10:51:49,2024,12,119.99,51,1,0.0,119.99,68.99,57.5,Phone,Debit Card,Completed,Leandro
4903,ORD01961,PRD030,Intel Core i5-13600K,Processor,Intel,CUS0124,2024-12-03,10:51:49,2024,12,279.99,120,1,0.25,209.99,119.99,57.1,Marketplace,Cash,Completed,Leandro
4904,ORD01961,PRD022,ASUS ROG Strix Z690-A,Motherboard,ASUS,CUS0124,2024-12-03,10:51:49,2024,12,319.99,137,1,0.0,319.99,182.99,57.2,Marketplace,Credit Card,Completed,Leandro
4905,ORD01962,PRD002,Kingston A400 480GB,Storage,Kingston,CUS0062,2024-02-18,15:37:03,2024,2,49.99,21,2,0.0,99.98,57.98,58.0,Online,Credit Card,Completed,Isabela
4906,ORD01963,PRD043,NVIDIA RTX 4080 16GB,GPU,NVIDIA,CUS0189,2022-08-12,19:15:07,2022,8,1199.99,516,1,0.15,1019.99,581.39,57.0,Reseller,PIX,Completed,Beatriz
4907,ORD01964,PRD057,NZXT Kraken X73 360mm,Cooler,NZXT,CUS0211,2024-09-02,11:17:34,2024,9,189.99,81,1,0.0,189.99,108.99,57.4,Reseller,Cash,Completed,Matheus
4908,ORD01964,PRD022,ASUS ROG Strix Z690-A,Motherboard,ASUS,CUS0211,2024-09-02,11:17:34,2024,9,319.99,137,4,0.0,1279.96,731.96,57.2,Online,Bank Transfer,Completed,Matheus
4909,ORD01964,PRD009,WD Black SN850 1TB,Storage,WD,CUS0211,2024-09-02,11:17:34,2024,9,109.99,47,2,0.0,219.98,125.98,57.3,Phone,Credit Card,Completed,Matheus
4910,ORD01964,PRD020,Kingston Fury Beast 32GB DDR4,Memory,Kingston,CUS0211,2024-09-02,11:17:34,2024,9,99.99,43,1,0.0,99.99,56.99,57.0,Online,Cash,Completed,Matheus
4911,ORD01965,PRD036,AMD Ryzen 9 5900X,Processor,AMD,CUS0152,2022-12-05,19:58:13,2022,12,449.99,193,2,0.0,899.98,513.98,57.1,In-Store,Boleto,Completed,Lucas
4912,ORD01966,PRD040,NVIDIA RTX 3080 10GB,GPU,NVIDIA,CUS0421,2022-09-23,22:00:20,2022,9,699.99,301,1,0.0,699.99,398.99,57.0,Marketplace,Boleto,Completed,Felipe
4913,ORD01966,PRD010,WD Blue 1TB HDD,Storage,WD,CUS0421,2022-09-23,22:00:20,2022,9,44.99,19,2,0.05,85.48,49.38,57.8,In-Store,Cash,Completed,Felipe
4914,ORD01966,PRD032,Intel Core i9-12900K,Processor,Intel,CUS0421,2022-09-23,22:00:20,2022,9,569.99,245,3,0.2,1367.98,779.98,57.0,In-Store,PIX,Completed,Felipe
4915,ORD01966,PRD023,ASUS TUF Gaming B660M,Motherboard,ASUS,CUS0421,2022-09-23,22:00:20,2022,9,159.99,68,1,0.0,159.99,91.99,57.5,In-Store,Debit Card,Completed,Felipe
4916,ORD01967,PRD053,Noctua NH-D15,Cooler,Noctua,CUS0302,2023-07-06,15:46:39,2023,7,99.99,43,1,0.15,84.99,48.44,57.0,Phone,PIX,Completed,Natalia
4917,ORD01968,PRD015,Corsair Vengeance 32GB DDR4,Memory,Corsair,CUS0376,2024-02-18,12:25:32,2024,2,109.99,47,1,0.05,104.49,59.84,57.3,Marketplace,Debit Card,Completed,Viviane
4918,ORD01969,PRD008,Samsung 970 EVO 2TB,Storage,Samsung,CUS0189,2023-08-04,17:30:24,2023,8,219.99,94,3,0.0,659.97,377.97,57.3,Phone,PIX,Completed,Beatriz
4919,ORD01969,PRD057,NZXT Kraken X73 360mm,Cooler,NZXT,CUS0189,2023-08-04,17:30:24,2023,8,189.99,81,1,0.0,189.99,108.99,57.4,Online,Bank Transfer,Completed,Beatriz
4920,ORD01969,PRD053,Noctua NH-D15,Cooler,Noctua,CUS0189,2023-08-04,17:30:24,2023,8,99.99,43,1,0.2,79.99,45.59,57.0,Marketplace,Cash,Completed,Beatriz
4921,ORD01970,PRD052,Thermaltake Toughpower 1000W,PSU,Thermaltake,CUS0177,2023-03-29,17:01:25,2023,3,189.99,81,1,0.1,170.99,98.09,57.4,In-Store,Bank Transfer,Completed,Eduardo
4922,ORD01970,PRD040,NVIDIA RTX 3080 10GB,GPU,NVIDIA,CUS0177,2023-03-29,17:01:25,2023,3,699.99,301,3,0.0,2099.97,1196.97,57.0,Online,Boleto,Completed,Eduardo
4923,ORD01970,PRD032,Intel Core i9-12900K,Processor,Intel,CUS0177,2023-03-29,17:01:25,2023,3,569.99,245,1,0.2,455.99,259.99,57.0,In-Store,Debit Card,Completed,Eduardo
4924,ORD01970,PRD003,Kingston A400 960GB,Storage,Kingston,CUS0177,2023-03-29,17:01:25,2023,3,89.99,38,1,0.15,76.49,44.19,57.8,Phone,Cash,Completed,Eduardo
4925,ORD01971,PRD016,G.Skill Trident Z5 16GB DDR5,Memory,G.Skill,CUS0049,2022-05-22,18:36:15,2022,5,79.99,34,1,0.05,75.99,43.69,57.5,Marketplace,PIX,Completed,Leticia
4926,ORD01971,PRD020,Kingston Fury Beast 32GB DDR4,Memory,Kingston,CUS0049,2022-05-22,18:36:15,2022,5,99.99,43,2,0.1,179.98,102.58,57.0,Reseller,Debit Card,Completed,Leticia
4927,ORD01972,PRD014,Corsair Vengeance 16GB DDR4,Memory,Corsair,CUS0283,2023-06-23,11:40:39,2023,6,59.99,25,2,0.0,119.98,69.98,58.3,Marketplace,PIX,Completed,Sergio
4928,ORD01973,PRD008,Samsung 970 EVO 2TB,Storage,Samsung,CUS0357,2023-05-19,16:53:27,2023,5,219.99,94,2,0.05,417.98,239.38,57.3,In-Store,PIX,Completed,Fabio
4929,ORD01973,PRD014,Corsair Vengeance 16GB DDR4,Memory,Corsair,CUS0357,2023-05-19,16:53:27,2023,5,59.99,25,1,0.0,59.99,34.99,58.3,Reseller,PIX,Completed,Fabio
4930,ORD01974,PRD044,AMD RX 6600 8GB,GPU,AMD,CUS0390,2023-06-04,16:29:29,2023,6,289.99,124,2,0.05,550.98,315.38,57.2,Online,Bank Transfer,Completed,Gabriel
4931,ORD01975,PRD028,Intel Core i3-12100,Processor,Intel,CUS0494,2022-11-22,17:54:38,2022,11,119.99,51,1,0.0,119.99,68.99,57.5,Phone,Boleto,Completed,Carlos
4932,ORD01975,PRD013,Corsair Vengeance 8GB DDR4,Memory,Corsair,CUS0494,2022-11-22,17:54:38,2022,11,29.99,12,1,0.15,25.49,15.29,60.0,In-Store,Debit Card,Completed,Carlos
4933,ORD01975,PRD014,Corsair Vengeance 16GB DDR4,Memory,Corsair,CUS0494,2022-11-22,17:54:38,2022,11,59.99,25,1,0.15,50.99,29.74,58.3,Marketplace,Debit Card,Completed,Carlos
4934,ORD01976,PRD014,Corsair Vengeance 16GB DDR4,Memory,Corsair,CUS0211,2023-02-07,09:37:52,2023,2,59.99,25,1,0.0,59.99,34.99,58.3,In-Store,Boleto,Completed,Matheus
4935,ORD01977,PRD003,Kingston A400 960GB,Storage,Kingston,CUS0254,2024-12-02,12:31:44,2024,12,89.99,38,1,0.0,89.99,51.99,57.8,Phone,Boleto,Completed,Rafael
4936,ORD01977,PRD033,AMD Ryzen 5 5600X,Processor,AMD,CUS0254,2024-12-02,12:31:44,2024,12,229.99,98,1,0.1,206.99,118.79,57.4,Phone,Boleto,Completed,Rafael
4937,ORD01977,PRD017,G.Skill Trident Z5 32GB DDR5,Memory,G.Skill,CUS0254,2024-12-02,12:31:44,2024,12,149.99,64,1,0.1,134.99,77.39,57.3,In-Store,Credit Card,Completed,Rafael
4938,ORD01978,PRD055,Corsair H100i RGB 240mm,Cooler,Corsair,CUS0320,2023-08-09,15:50:39,2023,8,129.99,56,1,0.0,129.99,73.99,56.9,Online,PIX,Completed,Alexandre
4939,ORD01978,PRD039,NVIDIA RTX 3070 8GB,GPU,NVIDIA,CUS0320,2023-08-09,15:50:39,2023,8,499.99,215,2,0.05,949.98,541.48,57.0,Marketplace,Debit Card,Completed,Alexandre
4940,ORD01978,PRD032,Intel Core i9-12900K,Processor,Intel,CUS0320,2023-08-09,15:50:39,2023,8,569.99,245,1,0.05,541.49,308.74,57.0,Phone,Bank Transfer,Completed,Alexandre
4941,ORD01979,PRD006,Samsung 970 EVO 500GB,Storage,Samsung,CUS0380,2023-11-27,21:53:22,2023,11,69.99,29,3,0.1,188.97,110.67,58.6,Reseller,PIX,Completed,Patricia
4942,ORD01980,PRD044,AMD RX 6600 8GB,GPU,AMD,CUS0074,2022-03-26,17:34:37,2022,3,289.99,124,1,0.0,289.99,165.99,57.2,Marketplace,Boleto,Completed,Fabio
4943,ORD01980,PRD046,AMD RX 7900 XTX 24GB,GPU,AMD,CUS0074,2022-03-26,17:34:37,2022,3,999.99,430,1,0.1,899.99,512.99,57.0,Online,PIX,Completed,Fabio
4944,ORD01980,PRD014,Corsair Vengeance 16GB DDR4,Memory,Corsair,CUS0074,2022-03-26,17:34:37,2022,3,59.99,25,3,0.1,161.97,94.47,58.3,Marketplace,Boleto,Completed,Fabio
4945,ORD01981,PRD060,Thermaltake UX200 ARGB,Cooler,Thermaltake,CUS0269,2023-09-20,18:54:35,2023,9,34.99,15,3,0.05,99.72,56.97,57.1,Online,Cash,Completed,Bruno
4946,ORD01981,PRD034,AMD Ryzen 5 7600X,Processor,AMD,CUS0269,2023-09-20,18:54:35,2023,9,249.99,107,1,0.0,249.99,142.99,57.2,In-Store,Boleto,Completed,Bruno
4947,ORD01981,PRD059,Cooler Master Hyper 212,Cooler,Cooler Master,CUS0269,2023-09-20,18:54:35,2023,9,39.99,17,1,0.0,39.99,22.99,57.5,Reseller,Boleto,Completed,Bruno
4948,ORD01981,PRD002,Kingston A400 480GB,Storage,Kingston,CUS0269,2023-09-20,18:54:35,2023,9,49.99,21,1,0.0,49.99,28.99,58.0,In-Store,Bank Transfer,Completed,Bruno
4949,ORD01982,PRD051,be quiet! Straight Power 850W,PSU,be quiet!,CUS0299,2023-03-28,22:50:41,2023,3,169.99,73,1,0.0,169.99,96.99,57.1,Phone,Debit Card,Completed,Pedro
4950,ORD01982,PRD032,Intel Core i9-12900K,Processor,Intel,CUS0299,2023-03-28,22:50:41,2023,3,569.99,245,2,0.1,1025.98,584.98,57.0,Marketplace,Boleto,Completed,Pedro
4951,ORD01983,PRD060,Thermaltake UX200 ARGB,Cooler,Thermaltake,CUS0373,2022-07-12,17:01:15,2022,7,34.99,15,1,0.0,34.99,19.99,57.1,Marketplace,Cash,Completed,Rodrigo
4952,ORD01983,PRD029,Intel Core i5-12400,Processor,Intel,CUS0373,2022-07-12,17:01:15,2022,7,199.99,86,3,0.0,599.97,341.97,57.0,Phone,Cash,Completed,Rodrigo
4953,ORD01983,PRD006,Samsung 970 EVO 500GB,Storage,Samsung,CUS0373,2022-07-12,17:01:15,2022,7,69.99,29,1,0.05,66.49,38.94,58.6,Marketplace,Boleto,Completed,Rodrigo
4954,ORD01984,PRD060,Thermaltake UX200 ARGB,Cooler,Thermaltake,CUS0135,2023-06-01,08:45:24,2023,6,34.99,15,1,0.0,34.99,19.99,57.1,Online,Credit Card,Completed,Daniela
4955,ORD01984,PRD029,Intel Core i5-12400,Processor,Intel,CUS0135,2023-06-01,08:45:24,2023,6,199.99,86,1,0.0,199.99,113.99,57.0,Reseller,Debit Card,Completed,Daniela
4956,ORD01985,PRD019,Kingston Fury Beast 16GB DDR4,Memory,Kingston,CUS0310,2022-12-27,12:33:55,2022,12,54.99,23,1,0.0,54.99,31.99,58.2,In-Store,Debit Card,Completed,Leonardo
4957,ORD01986,PRD002,Kingston A400 480GB,Storage,Kingston,CUS0297,2023-06-20,19:13:32,2023,6,49.99,21,1,0.0,49.99,28.99,58.0,In-Store,PIX,Completed,Sandra
4958,ORD01986,PRD009,WD Black SN850 1TB,Storage,WD,CUS0297,2023-06-20,19:13:32,2023,6,109.99,47,3,0.0,329.97,188.97,57.3,In-Store,Boleto,Completed,Sandra
4959,ORD01986,PRD019,Kingston Fury Beast 16GB DDR4,Memory,Kingston,CUS0297,2023-06-20,19:13:32,2023,6,54.99,23,2,0.05,104.48,60.78,58.2,Reseller,Boleto,Completed,Sandra
4960,ORD01986,PRD018,G.Skill Trident Z5 64GB DDR5,Memory,G.Skill,CUS0297,2023-06-20,19:13:32,2023,6,289.99,124,2,0.0,579.98,331.98,57.2,In-Store,PIX,Completed,Sandra
4961,ORD01987,PRD002,Kingston A400 480GB,Storage,Kingston,CUS0338,2023-01-27,09:32:02,2023,1,49.99,21,3,0.25,112.48,65.23,58.0,In-Store,Cash,Completed,Leandro
4962,ORD01987,PRD051,be quiet! Straight Power 850W,PSU,be quiet!,CUS0338,2023-01-27,09:32:02,2023,1,169.99,73,1,0.0,169.99,96.99,57.1,Phone,Credit Card,Completed,Leandro
4963,ORD01988,PRD047,Corsair RM650 Modular,PSU,Corsair,CUS0079,2022-07-17,20:54:46,2022,7,89.99,38,2,0.15,152.98,88.38,57.8,Reseller,Debit Card,Completed,Isabela
4964,ORD01988,PRD031,Intel Core i7-12700K,Processor,Intel,CUS0079,2022-07-17,20:54:46,2022,7,369.99,159,1,0.15,314.49,179.34,57.0,Marketplace,Cash,Completed,Isabela
4965,ORD01988,PRD048,Corsair RM750 Modular,PSU,Corsair,CUS0079,2022-07-17,20:54:46,2022,7,109.99,47,1,0.15,93.49,53.54,57.3,Reseller,Credit Card,Completed,Isabela
4966,ORD01989,PRD025,MSI PRO Z690-A,Motherboard,MSI,CUS0215,2023-05-22,22:30:14,2023,5,189.99,81,1,0.05,180.49,103.54,57.4,Reseller,PIX,Completed,Juliana
4967,ORD01990,PRD059,Cooler Master Hyper 212,Cooler,Cooler Master,CUS0279,2024-10-23,16:52:05,2024,10,39.99,17,1,0.0,39.99,22.99,57.5,In-Store,Credit Card,Completed,Paulo
4968,ORD01991,PRD029,Intel Core i5-12400,Processor,Intel,CUS0457,2024-09-29,08:56:53,2024,9,199.99,86,4,0.0,799.96,455.96,57.0,In-Store,Debit Card,Completed,Aline
4969,ORD01991,PRD015,Corsair Vengeance 32GB DDR4,Memory,Corsair,CUS0457,2024-09-29,08:56:53,2024,9,109.99,47,1,0.0,109.99,62.99,57.3,Reseller,Credit Card,Completed,Aline
4970,ORD01991,PRD005,Samsung 870 EVO 1TB,Storage,Samsung,CUS0457,2024-09-29,08:56:53,2024,9,129.99,56,1,0.05,123.49,70.29,56.9,Phone,PIX,Completed,Aline
4971,ORD01992,PRD032,Intel Core i9-12900K,Processor,Intel,CUS0407,2024-10-18,22:33:29,2024,10,569.99,245,1,0.0,569.99,324.99,57.0,Reseller,Debit Card,Completed,Bruno
4972,ORD01992,PRD060,Thermaltake UX200 ARGB,Cooler,Thermaltake,CUS0407,2024-10-18,22:33:29,2024,10,34.99,15,1,0.15,29.74,16.99,57.1,Online,Credit Card,Completed,Bruno
4973,ORD01993,PRD053,Noctua NH-D15,Cooler,Noctua,CUS0410,2024-12-03,16:34:21,2024,12,99.99,43,1,0.0,99.99,56.99,57.0,Marketplace,Bank Transfer,Completed,Henrique
4974,ORD01993,PRD060,Thermaltake UX200 ARGB,Cooler,Thermaltake,CUS0410,2024-12-03,16:34:21,2024,12,34.99,15,4,0.1,125.96,71.96,57.1,In-Store,PIX,Completed,Henrique
4975,ORD01994,PRD024,MSI MAG B550M MORTAR,Motherboard,MSI,CUS0465,2023-04-02,17:05:31,2023,4,129.99,55,1,0.0,129.99,74.99,57.7,In-Store,Bank Transfer,Completed,Ana
4976,ORD01995,PRD042,NVIDIA RTX 4070 12GB,GPU,NVIDIA,CUS0309,2023-01-05,20:28:49,2023,1,599.99,258,1,0.1,539.99,307.79,57.0,Reseller,Bank Transfer,Completed,Ana
4977,ORD01995,PRD050,EVGA SuperNOVA 650W,PSU,EVGA,CUS0309,2023-01-05,20:28:49,2023,1,89.99,38,1,0.25,67.49,38.99,57.8,Phone,Cash,Completed,Ana
4978,ORD01996,PRD016,G.Skill Trident Z5 16GB DDR5,Memory,G.Skill,CUS0010,2023-10-15,09:50:08,2023,10,79.99,34,2,0.05,151.98,87.38,57.5,Online,Cash,Completed,Thiago
4979,ORD01996,PRD032,Intel Core i9-12900K,Processor,Intel,CUS0010,2023-10-15,09:50:08,2023,10,569.99,245,1,0.0,569.99,324.99,57.0,Phone,Bank Transfer,Completed,Thiago
4980,ORD01996,PRD036,AMD Ryzen 9 5900X,Processor,AMD,CUS0010,2023-10-15,09:50:08,2023,10,449.99,193,1,0.1,404.99,231.29,57.1,Marketplace,PIX,Completed,Thiago
4981,ORD01996,PRD058,DeepCool AK620,Cooler,DeepCool,CUS0010,2023-10-15,09:50:08,2023,10,54.99,23,1,0.05,52.24,30.39,58.2,Phone,Debit Card,Completed,Thiago
4982,ORD01997,PRD014,Corsair Vengeance 16GB DDR4,Memory,Corsair,CUS0445,2024-09-27,09:16:37,2024,9,59.99,25,1,0.0,59.99,34.99,58.3,Online,PIX,Completed,Leandro
4983,ORD01997,PRD053,Noctua NH-D15,Cooler,Noctua,CUS0445,2024-09-27,09:16:37,2024,9,99.99,43,1,0.0,99.99,56.99,57.0,Marketplace,Bank Transfer,Completed,Leandro
4984,ORD01997,PRD011,Seagate Barracuda 2TB,Storage,Seagate,CUS0445,2024-09-27,09:16:37,2024,9,54.99,23,3,0.0,164.97,95.97,58.2,Phone,Boleto,Completed,Leandro
4985,ORD01998,PRD006,Samsung 970 EVO 500GB,Storage,Samsung,CUS0171,2022-04-27,11:09:09,2022,4,69.99,29,4,0.0,279.96,163.96,58.6,Reseller,Credit Card,Completed,Vanessa
4986,ORD01998,PRD013,Corsair Vengeance 8GB DDR4,Memory,Corsair,CUS0171,2022-04-27,11:09:09,2022,4,29.99,12,1,0.05,28.49,17.09,60.0,In-Store,PIX,Completed,Vanessa
4987,ORD01998,PRD010,WD Blue 1TB HDD,Storage,WD,CUS0171,2022-04-27,11:09:09,2022,4,44.99,19,4,0.05,170.96,98.76,57.8,Phone,Bank Transfer,Completed,Vanessa
4988,ORD01998,PRD042,NVIDIA RTX 4070 12GB,GPU,NVIDIA,CUS0171,2022-04-27,11:09:09,2022,4,599.99,258,2,0.05,1139.98,649.78,57.0,Online,Boleto,Completed,Vanessa
4989,ORD01999,PRD007,Samsung 970 EVO 1TB,Storage,Samsung,CUS0494,2024-12-17,15:10:54,2024,12,119.99,51,4,0.0,479.96,275.96,57.5,Phone,Debit Card,Completed,Carlos
4990,ORD02000,PRD049,Corsair RM850 Modular,PSU,Corsair,CUS0474,2023-06-04,11:47:13,2023,6,139.99,60,1,0.1,125.99,71.99,57.1,Online,Bank Transfer,Completed,Isabela
4991,ORD02001,PRD007,Samsung 970 EVO 1TB,Storage,Samsung,CUS0117,2023-07-12,15:39:58,2023,7,119.99,51,1,0.0,119.99,68.99,57.5,Phone,PIX,Completed,Vanessa
4992,ORD02001,PRD016,G.Skill Trident Z5 16GB DDR5,Memory,G.Skill,CUS0117,2023-07-12,15:39:58,2023,7,79.99,34,1,0.15,67.99,39.09,57.5,In-Store,Cash,Completed,Vanessa
4993,ORD02001,PRD049,Corsair RM850 Modular,PSU,Corsair,CUS0117,2023-07-12,15:39:58,2023,7,139.99,60,1,0.15,118.99,67.99,57.1,In-Store,Credit Card,Completed,Vanessa
4994,ORD02001,PRD038,NVIDIA RTX 3060 12GB,GPU,NVIDIA,CUS0117,2023-07-12,15:39:58,2023,7,329.99,141,1,0.0,329.99,188.99,57.3,Reseller,Cash,Completed,Vanessa
4995,ORD02002,PRD023,ASUS TUF Gaming B660M,Motherboard,ASUS,CUS0419,2023-04-18,10:31:11,2023,4,159.99,68,1,0.0,159.99,91.99,57.5,In-Store,Cash,Completed,Daniela
4996,ORD02002,PRD010,WD Blue 1TB HDD,Storage,WD,CUS0419,2023-04-18,10:31:11,2023,4,44.99,19,1,0.15,38.24,22.09,57.8,Online,Debit Card,Completed,Daniela
4997,ORD02003,PRD057,NZXT Kraken X73 360mm,Cooler,NZXT,CUS0386,2022-07-14,16:13:28,2022,7,189.99,81,2,0.05,360.98,207.08,57.4,Online,Cash,Completed,Mariana
4998,ORD02003,PRD025,MSI PRO Z690-A,Motherboard,MSI,CUS0386,2022-07-14,16:13:28,2022,7,189.99,81,1,0.05,180.49,103.54,57.4,Online,PIX,Completed,Mariana
4999,ORD02003,PRD010,WD Blue 1TB HDD,Storage,WD,CUS0386,2022-07-14,16:13:28,2022,7,44.99,19,1,0.0,44.99,25.99,57.8,In-Store,Credit Card,Completed,Mariana
5000,ORD02004,PRD026,Gigabyte B550 AORUS Elite,Motherboard,Gigabyte,CUS0334,2023-02-03,22:22:31,2023,2,169.99,72,1,0.15,144.49,83.29,57.6,Phone,PIX,Completed,Gustavo
